<?xml version="1.0" encoding="UTF-8"?>
<gpx xmlns:gpxdata="http://www.cluetrust.com/XML/GPXDATA/1/0" xmlns:xsi="http://www.w3.org/2001/XMLSchema-instance" xmlns="http://www.topografix.com/GPX/1/1" version="1.1" creator="http://ridewithgps.com/" xsi:schemaLocation="http://www.topografix.com/GPX/1/1 http://www.topografix.com/GPX/1/1/gpx.xsd http://www.cluetrust.com/XML/GPXDATA/1/0 http://www.cluetrust.com/Schemas/gpxdata10.xsd">
  <metadata>
    <name>dubrovnik to ston</name>
    <link href="https://ridewithgps.com/routes/56767822">
      <text>dubrovnik to ston</text>
    </link>
    <time>2026-08-20T21:40:12Z</time>
  </metadata>
  <trk>
    <name>dubrovnik to ston</name>
    <trkseg>
      <trkpt lat="42.65007" lon="18.0934">
        <ele>25.0</ele>
      </trkpt>
      <trkpt lat="42.65007" lon="18.09339">
        <ele>25.0</ele>
      </trkpt>
      <trkpt lat="42.6498" lon="18.09356">
        <ele>27.6</ele>
      </trkpt>
      <trkpt lat="42.64978" lon="18.09352">
        <ele>27.6</ele>
      </trkpt>
      <trkpt lat="42.64995" lon="18.09342">
        <ele>25.9</ele>
      </trkpt>
      <trkpt lat="42.65035" lon="18.09313">
        <ele>22.2</ele>
      </trkpt>
      <trkpt lat="42.6505" lon="18.09298">
        <ele>20.0</ele>
      </trkpt>
      <trkpt lat="42.65111" lon="18.09223">
        <ele>12.0</ele>
      </trkpt>
      <trkpt lat="42.65129" lon="18.09195">
        <ele>12.2</ele>
      </trkpt>
      <trkpt lat="42.65143" lon="18.0917">
        <ele>12.0</ele>
      </trkpt>
      <trkpt lat="42.65195" lon="18.09076">
        <ele>8.3</ele>
      </trkpt>
      <trkpt lat="42.65247" lon="18.08982">
        <ele>3.8</ele>
      </trkpt>
      <trkpt lat="42.65277" lon="18.08929">
        <ele>4.0</ele>
      </trkpt>
      <trkpt lat="42.6529" lon="18.08907">
        <ele>3.7</ele>
      </trkpt>
      <trkpt lat="42.65304" lon="18.0889">
        <ele>3.5</ele>
      </trkpt>
      <trkpt lat="42.65324" lon="18.08867">
        <ele>2.7</ele>
      </trkpt>
      <trkpt lat="42.65336" lon="18.08855">
        <ele>2.2</ele>
      </trkpt>
      <trkpt lat="42.65349" lon="18.08845">
        <ele>2.4</ele>
      </trkpt>
      <trkpt lat="42.65379" lon="18.08825">
        <ele>3.4</ele>
      </trkpt>
      <trkpt lat="42.65416" lon="18.08815">
        <ele>5.3</ele>
      </trkpt>
      <trkpt lat="42.65494" lon="18.08791">
        <ele>3.5</ele>
      </trkpt>
      <trkpt lat="42.65561" lon="18.08779">
        <ele>4.6</ele>
      </trkpt>
      <trkpt lat="42.65627" lon="18.08766">
        <ele>3.7</ele>
      </trkpt>
      <trkpt lat="42.65635" lon="18.08768">
        <ele>3.7</ele>
      </trkpt>
      <trkpt lat="42.65644" lon="18.08773">
        <ele>4.0</ele>
      </trkpt>
      <trkpt lat="42.65684" lon="18.08808">
        <ele>7.3</ele>
      </trkpt>
      <trkpt lat="42.65691" lon="18.08811">
        <ele>7.6</ele>
      </trkpt>
      <trkpt lat="42.65698" lon="18.08811">
        <ele>7.7</ele>
      </trkpt>
      <trkpt lat="42.6571" lon="18.0881">
        <ele>7.5</ele>
      </trkpt>
      <trkpt lat="42.65724" lon="18.08804">
        <ele>7.1</ele>
      </trkpt>
      <trkpt lat="42.6573" lon="18.08801">
        <ele>6.9</ele>
      </trkpt>
      <trkpt lat="42.65739" lon="18.08795">
        <ele>6.6</ele>
      </trkpt>
      <trkpt lat="42.65788" lon="18.08743">
        <ele>4.4</ele>
      </trkpt>
      <trkpt lat="42.65817" lon="18.08711">
        <ele>2.6</ele>
      </trkpt>
      <trkpt lat="42.65836" lon="18.08693">
        <ele>1.5</ele>
      </trkpt>
      <trkpt lat="42.65876" lon="18.08662">
        <ele>3.5</ele>
      </trkpt>
      <trkpt lat="42.65916" lon="18.08632">
        <ele>5.5</ele>
      </trkpt>
      <trkpt lat="42.6596" lon="18.08609">
        <ele>5.1</ele>
      </trkpt>
      <trkpt lat="42.66003" lon="18.08587">
        <ele>5.4</ele>
      </trkpt>
      <trkpt lat="42.66064" lon="18.08555">
        <ele>8.5</ele>
      </trkpt>
      <trkpt lat="42.66073" lon="18.08556">
        <ele>9.1</ele>
      </trkpt>
      <trkpt lat="42.6608" lon="18.08561">
        <ele>9.7</ele>
      </trkpt>
      <trkpt lat="42.66084" lon="18.08568">
        <ele>10.3</ele>
      </trkpt>
      <trkpt lat="42.66088" lon="18.08571">
        <ele>10.6</ele>
      </trkpt>
      <trkpt lat="42.66093" lon="18.08573">
        <ele>10.9</ele>
      </trkpt>
      <trkpt lat="42.66097" lon="18.08572">
        <ele>11.1</ele>
      </trkpt>
      <trkpt lat="42.66101" lon="18.0857">
        <ele>11.2</ele>
      </trkpt>
      <trkpt lat="42.66105" lon="18.08566">
        <ele>11.1</ele>
      </trkpt>
      <trkpt lat="42.66117" lon="18.08557">
        <ele>10.8</ele>
      </trkpt>
      <trkpt lat="42.66133" lon="18.08546">
        <ele>10.3</ele>
      </trkpt>
      <trkpt lat="42.66183" lon="18.08509">
        <ele>7.7</ele>
      </trkpt>
      <trkpt lat="42.66193" lon="18.08499">
        <ele>7.1</ele>
      </trkpt>
      <trkpt lat="42.66208" lon="18.08483">
        <ele>7.3</ele>
      </trkpt>
      <trkpt lat="42.66251" lon="18.08424">
        <ele>4.1</ele>
      </trkpt>
      <trkpt lat="42.6632" lon="18.08362">
        <ele>6.1</ele>
      </trkpt>
      <trkpt lat="42.66332" lon="18.08349">
        <ele>4.5</ele>
      </trkpt>
      <trkpt lat="42.6634" lon="18.08338">
        <ele>4.3</ele>
      </trkpt>
      <trkpt lat="42.66364" lon="18.08301">
        <ele>7.3</ele>
      </trkpt>
      <trkpt lat="42.66421" lon="18.08216">
        <ele>7.9</ele>
      </trkpt>
      <trkpt lat="42.66442" lon="18.08179">
        <ele>8.5</ele>
      </trkpt>
      <trkpt lat="42.66455" lon="18.08145">
        <ele>7.7</ele>
      </trkpt>
      <trkpt lat="42.66465" lon="18.08127">
        <ele>7.6</ele>
      </trkpt>
      <trkpt lat="42.66467" lon="18.08132">
        <ele>8.2</ele>
      </trkpt>
      <trkpt lat="42.66487" lon="18.08102">
        <ele>8.3</ele>
      </trkpt>
      <trkpt lat="42.66509" lon="18.08076">
        <ele>9.4</ele>
      </trkpt>
      <trkpt lat="42.66528" lon="18.0806">
        <ele>11.6</ele>
      </trkpt>
      <trkpt lat="42.66533" lon="18.08057">
        <ele>11.9</ele>
      </trkpt>
      <trkpt lat="42.66536" lon="18.08057">
        <ele>12.2</ele>
      </trkpt>
      <trkpt lat="42.6654" lon="18.08072">
        <ele>13.9</ele>
      </trkpt>
      <trkpt lat="42.66535" lon="18.08082">
        <ele>13.9</ele>
      </trkpt>
      <trkpt lat="42.66544" lon="18.08089">
        <ele>16.6</ele>
      </trkpt>
      <trkpt lat="42.66544" lon="18.08099">
        <ele>18.6</ele>
      </trkpt>
      <trkpt lat="42.66546" lon="18.08106">
        <ele>20.5</ele>
      </trkpt>
      <trkpt lat="42.66552" lon="18.0811">
        <ele>22.5</ele>
      </trkpt>
      <trkpt lat="42.66562" lon="18.08106">
        <ele>24.0</ele>
      </trkpt>
      <trkpt lat="42.66566" lon="18.08107">
        <ele>25.2</ele>
      </trkpt>
      <trkpt lat="42.6657" lon="18.08113">
        <ele>27.5</ele>
      </trkpt>
      <trkpt lat="42.66575" lon="18.08126">
        <ele>32.5</ele>
      </trkpt>
      <trkpt lat="42.66567" lon="18.08143">
        <ele>34.7</ele>
      </trkpt>
      <trkpt lat="42.66582" lon="18.08134">
        <ele>36.8</ele>
      </trkpt>
      <trkpt lat="42.66594" lon="18.08125">
        <ele>34.1</ele>
      </trkpt>
      <trkpt lat="42.66598" lon="18.08124">
        <ele>33.7</ele>
      </trkpt>
      <trkpt lat="42.66601" lon="18.08126">
        <ele>34.2</ele>
      </trkpt>
      <trkpt lat="42.66601" lon="18.08129">
        <ele>35.2</ele>
      </trkpt>
      <trkpt lat="42.66599" lon="18.08133">
        <ele>36.5</ele>
      </trkpt>
      <trkpt lat="42.66596" lon="18.08138">
        <ele>38.0</ele>
      </trkpt>
      <trkpt lat="42.66587" lon="18.08146">
        <ele>40.8</ele>
      </trkpt>
      <trkpt lat="42.66579" lon="18.0816">
        <ele>43.4</ele>
      </trkpt>
      <trkpt lat="42.66578" lon="18.08165">
        <ele>44.3</ele>
      </trkpt>
      <trkpt lat="42.66578" lon="18.0817">
        <ele>45.5</ele>
      </trkpt>
      <trkpt lat="42.66579" lon="18.08175">
        <ele>47.2</ele>
      </trkpt>
      <trkpt lat="42.66603" lon="18.08145">
        <ele>40.0</ele>
      </trkpt>
      <trkpt lat="42.66634" lon="18.08116">
        <ele>29.7</ele>
      </trkpt>
      <trkpt lat="42.66696" lon="18.08059">
        <ele>8.4</ele>
      </trkpt>
      <trkpt lat="42.66758" lon="18.08002">
        <ele>20.4</ele>
      </trkpt>
      <trkpt lat="42.66821" lon="18.07946">
        <ele>18.5</ele>
      </trkpt>
      <trkpt lat="42.66883" lon="18.07889">
        <ele>1.8</ele>
      </trkpt>
      <trkpt lat="42.66945" lon="18.07832">
        <ele>21.2</ele>
      </trkpt>
      <trkpt lat="42.66961" lon="18.07811">
        <ele>29.9</ele>
      </trkpt>
      <trkpt lat="42.66976" lon="18.07789">
        <ele>38.2</ele>
      </trkpt>
      <trkpt lat="42.66983" lon="18.07776">
        <ele>42.7</ele>
      </trkpt>
      <trkpt lat="42.66991" lon="18.07758">
        <ele>48.1</ele>
      </trkpt>
      <trkpt lat="42.66998" lon="18.07741">
        <ele>51.8</ele>
      </trkpt>
      <trkpt lat="42.67006" lon="18.07715">
        <ele>56.3</ele>
      </trkpt>
      <trkpt lat="42.67013" lon="18.07674">
        <ele>60.5</ele>
      </trkpt>
      <trkpt lat="42.67016" lon="18.07634">
        <ele>58.6</ele>
      </trkpt>
      <trkpt lat="42.67015" lon="18.07611">
        <ele>56.0</ele>
      </trkpt>
      <trkpt lat="42.67013" lon="18.07584">
        <ele>51.6</ele>
      </trkpt>
      <trkpt lat="42.67008" lon="18.07546">
        <ele>49.2</ele>
      </trkpt>
      <trkpt lat="42.66992" lon="18.07458">
        <ele>50.1</ele>
      </trkpt>
      <trkpt lat="42.66985" lon="18.07404">
        <ele>53.9</ele>
      </trkpt>
      <trkpt lat="42.66983" lon="18.07375">
        <ele>53.6</ele>
      </trkpt>
      <trkpt lat="42.66984" lon="18.07345">
        <ele>54.3</ele>
      </trkpt>
      <trkpt lat="42.66986" lon="18.07309">
        <ele>51.3</ele>
      </trkpt>
      <trkpt lat="42.66992" lon="18.07282">
        <ele>49.4</ele>
      </trkpt>
      <trkpt lat="42.67002" lon="18.0725">
        <ele>48.8</ele>
      </trkpt>
      <trkpt lat="42.67043" lon="18.07149">
        <ele>47.0</ele>
      </trkpt>
      <trkpt lat="42.67069" lon="18.07099">
        <ele>46.0</ele>
      </trkpt>
      <trkpt lat="42.67093" lon="18.07064">
        <ele>44.9</ele>
      </trkpt>
      <trkpt lat="42.67107" lon="18.0705">
        <ele>44.4</ele>
      </trkpt>
      <trkpt lat="42.67124" lon="18.07036">
        <ele>44.5</ele>
      </trkpt>
      <trkpt lat="42.67143" lon="18.07025">
        <ele>45.3</ele>
      </trkpt>
      <trkpt lat="42.67182" lon="18.07013">
        <ele>47.2</ele>
      </trkpt>
      <trkpt lat="42.67235" lon="18.07002">
        <ele>48.3</ele>
      </trkpt>
      <trkpt lat="42.67288" lon="18.06992">
        <ele>49.6</ele>
      </trkpt>
      <trkpt lat="42.67302" lon="18.06987">
        <ele>49.6</ele>
      </trkpt>
      <trkpt lat="42.6732" lon="18.06975">
        <ele>48.1</ele>
      </trkpt>
      <trkpt lat="42.67335" lon="18.06962">
        <ele>46.4</ele>
      </trkpt>
      <trkpt lat="42.6735" lon="18.06944">
        <ele>46.6</ele>
      </trkpt>
      <trkpt lat="42.67359" lon="18.06927">
        <ele>45.6</ele>
      </trkpt>
      <trkpt lat="42.6737" lon="18.06902">
        <ele>46.2</ele>
      </trkpt>
      <trkpt lat="42.67375" lon="18.06886">
        <ele>47.2</ele>
      </trkpt>
      <trkpt lat="42.67378" lon="18.06868">
        <ele>47.6</ele>
      </trkpt>
      <trkpt lat="42.67379" lon="18.06847">
        <ele>47.4</ele>
      </trkpt>
      <trkpt lat="42.67375" lon="18.0673">
        <ele>42.7</ele>
      </trkpt>
      <trkpt lat="42.67376" lon="18.06705">
        <ele>41.7</ele>
      </trkpt>
      <trkpt lat="42.67379" lon="18.06681">
        <ele>41.8</ele>
      </trkpt>
      <trkpt lat="42.67386" lon="18.06648">
        <ele>42.0</ele>
      </trkpt>
      <trkpt lat="42.67394" lon="18.06623">
        <ele>41.4</ele>
      </trkpt>
      <trkpt lat="42.67402" lon="18.06602">
        <ele>40.6</ele>
      </trkpt>
      <trkpt lat="42.67412" lon="18.06582">
        <ele>39.5</ele>
      </trkpt>
      <trkpt lat="42.67423" lon="18.06564">
        <ele>38.8</ele>
      </trkpt>
      <trkpt lat="42.67482" lon="18.06491">
        <ele>42.2</ele>
      </trkpt>
      <trkpt lat="42.67519" lon="18.06432">
        <ele>40.7</ele>
      </trkpt>
      <trkpt lat="42.67552" lon="18.06364">
        <ele>42.6</ele>
      </trkpt>
      <trkpt lat="42.67564" lon="18.0633">
        <ele>41.8</ele>
      </trkpt>
      <trkpt lat="42.67574" lon="18.06295">
        <ele>36.1</ele>
      </trkpt>
      <trkpt lat="42.67597" lon="18.06206">
        <ele>29.3</ele>
      </trkpt>
      <trkpt lat="42.67606" lon="18.06181">
        <ele>30.3</ele>
      </trkpt>
      <trkpt lat="42.67622" lon="18.06147">
        <ele>31.7</ele>
      </trkpt>
      <trkpt lat="42.67656" lon="18.06082">
        <ele>30.3</ele>
      </trkpt>
      <trkpt lat="42.6769" lon="18.06016">
        <ele>32.2</ele>
      </trkpt>
      <trkpt lat="42.67703" lon="18.05989">
        <ele>33.8</ele>
      </trkpt>
      <trkpt lat="42.67739" lon="18.05904">
        <ele>35.4</ele>
      </trkpt>
      <trkpt lat="42.67764" lon="18.05836">
        <ele>33.9</ele>
      </trkpt>
      <trkpt lat="42.67782" lon="18.05795">
        <ele>36.3</ele>
      </trkpt>
      <trkpt lat="42.67806" lon="18.0574">
        <ele>37.5</ele>
      </trkpt>
      <trkpt lat="42.67831" lon="18.05685">
        <ele>35.8</ele>
      </trkpt>
      <trkpt lat="42.67845" lon="18.05663">
        <ele>33.6</ele>
      </trkpt>
      <trkpt lat="42.67861" lon="18.05649">
        <ele>31.9</ele>
      </trkpt>
      <trkpt lat="42.67874" lon="18.0564">
        <ele>31.3</ele>
      </trkpt>
      <trkpt lat="42.6789" lon="18.05638">
        <ele>32.5</ele>
      </trkpt>
      <trkpt lat="42.67908" lon="18.05642">
        <ele>35.5</ele>
      </trkpt>
      <trkpt lat="42.67922" lon="18.05649">
        <ele>37.1</ele>
      </trkpt>
      <trkpt lat="42.6793" lon="18.05657">
        <ele>37.0</ele>
      </trkpt>
      <trkpt lat="42.67937" lon="18.05667">
        <ele>37.3</ele>
      </trkpt>
      <trkpt lat="42.67948" lon="18.05691">
        <ele>39.2</ele>
      </trkpt>
      <trkpt lat="42.67961" lon="18.05738">
        <ele>44.9</ele>
      </trkpt>
      <trkpt lat="42.67973" lon="18.05783">
        <ele>51.2</ele>
      </trkpt>
      <trkpt lat="42.67987" lon="18.05815">
        <ele>54.5</ele>
      </trkpt>
      <trkpt lat="42.67998" lon="18.05836">
        <ele>56.5</ele>
      </trkpt>
      <trkpt lat="42.6801" lon="18.05849">
        <ele>58.2</ele>
      </trkpt>
      <trkpt lat="42.68023" lon="18.05859">
        <ele>58.9</ele>
      </trkpt>
      <trkpt lat="42.68039" lon="18.05864">
        <ele>58.2</ele>
      </trkpt>
      <trkpt lat="42.68051" lon="18.05863">
        <ele>56.6</ele>
      </trkpt>
      <trkpt lat="42.68065" lon="18.05857">
        <ele>53.8</ele>
      </trkpt>
      <trkpt lat="42.68077" lon="18.05845">
        <ele>50.5</ele>
      </trkpt>
      <trkpt lat="42.68085" lon="18.05832">
        <ele>48.3</ele>
      </trkpt>
      <trkpt lat="42.68093" lon="18.05814">
        <ele>49.6</ele>
      </trkpt>
      <trkpt lat="42.68119" lon="18.05736">
        <ele>50.6</ele>
      </trkpt>
      <trkpt lat="42.68144" lon="18.05657">
        <ele>51.5</ele>
      </trkpt>
      <trkpt lat="42.68176" lon="18.05579">
        <ele>50.0</ele>
      </trkpt>
      <trkpt lat="42.68186" lon="18.05558">
        <ele>48.9</ele>
      </trkpt>
      <trkpt lat="42.682" lon="18.05534">
        <ele>49.0</ele>
      </trkpt>
      <trkpt lat="42.68225" lon="18.05502">
        <ele>51.1</ele>
      </trkpt>
      <trkpt lat="42.68263" lon="18.0546">
        <ele>52.6</ele>
      </trkpt>
      <trkpt lat="42.6832" lon="18.05401">
        <ele>56.0</ele>
      </trkpt>
      <trkpt lat="42.68353" lon="18.05365">
        <ele>53.9</ele>
      </trkpt>
      <trkpt lat="42.68363" lon="18.0535">
        <ele>53.5</ele>
      </trkpt>
      <trkpt lat="42.68371" lon="18.05335">
        <ele>53.2</ele>
      </trkpt>
      <trkpt lat="42.68379" lon="18.05317">
        <ele>53.1</ele>
      </trkpt>
      <trkpt lat="42.68382" lon="18.05302">
        <ele>52.3</ele>
      </trkpt>
      <trkpt lat="42.68392" lon="18.05251">
        <ele>48.4</ele>
      </trkpt>
      <trkpt lat="42.68398" lon="18.05229">
        <ele>46.7</ele>
      </trkpt>
      <trkpt lat="42.68406" lon="18.05213">
        <ele>47.0</ele>
      </trkpt>
      <trkpt lat="42.68418" lon="18.05195">
        <ele>48.3</ele>
      </trkpt>
      <trkpt lat="42.68451" lon="18.05155">
        <ele>50.1</ele>
      </trkpt>
      <trkpt lat="42.68466" lon="18.05138">
        <ele>50.3</ele>
      </trkpt>
      <trkpt lat="42.68482" lon="18.05125">
        <ele>51.3</ele>
      </trkpt>
      <trkpt lat="42.685" lon="18.05117">
        <ele>53.5</ele>
      </trkpt>
      <trkpt lat="42.68513" lon="18.05115">
        <ele>52.5</ele>
      </trkpt>
      <trkpt lat="42.68526" lon="18.05115">
        <ele>52.1</ele>
      </trkpt>
      <trkpt lat="42.6856" lon="18.05123">
        <ele>53.7</ele>
      </trkpt>
      <trkpt lat="42.68625" lon="18.05141">
        <ele>52.2</ele>
      </trkpt>
      <trkpt lat="42.68654" lon="18.05152">
        <ele>50.3</ele>
      </trkpt>
      <trkpt lat="42.68667" lon="18.0516">
        <ele>49.7</ele>
      </trkpt>
      <trkpt lat="42.68678" lon="18.05169">
        <ele>48.7</ele>
      </trkpt>
      <trkpt lat="42.68695" lon="18.05187">
        <ele>47.6</ele>
      </trkpt>
      <trkpt lat="42.68706" lon="18.05205">
        <ele>47.4</ele>
      </trkpt>
      <trkpt lat="42.68743" lon="18.05297">
        <ele>45.9</ele>
      </trkpt>
      <trkpt lat="42.68749" lon="18.05308">
        <ele>45.3</ele>
      </trkpt>
      <trkpt lat="42.68754" lon="18.05313">
        <ele>46.2</ele>
      </trkpt>
      <trkpt lat="42.68762" lon="18.05321">
        <ele>48.1</ele>
      </trkpt>
      <trkpt lat="42.68776" lon="18.05329">
        <ele>51.2</ele>
      </trkpt>
      <trkpt lat="42.68782" lon="18.05331">
        <ele>52.5</ele>
      </trkpt>
      <trkpt lat="42.68797" lon="18.0533">
        <ele>54.9</ele>
      </trkpt>
      <trkpt lat="42.68815" lon="18.05321">
        <ele>56.6</ele>
      </trkpt>
      <trkpt lat="42.68828" lon="18.05308">
        <ele>56.3</ele>
      </trkpt>
      <trkpt lat="42.68837" lon="18.05289">
        <ele>55.7</ele>
      </trkpt>
      <trkpt lat="42.68841" lon="18.05269">
        <ele>54.1</ele>
      </trkpt>
      <trkpt lat="42.68839" lon="18.05238">
        <ele>49.0</ele>
      </trkpt>
      <trkpt lat="42.68828" lon="18.05204">
        <ele>43.9</ele>
      </trkpt>
      <trkpt lat="42.68815" lon="18.05172">
        <ele>40.8</ele>
      </trkpt>
      <trkpt lat="42.68812" lon="18.05162">
        <ele>39.4</ele>
      </trkpt>
      <trkpt lat="42.68811" lon="18.05151">
        <ele>37.8</ele>
      </trkpt>
      <trkpt lat="42.68811" lon="18.05139">
        <ele>36.1</ele>
      </trkpt>
      <trkpt lat="42.68814" lon="18.05127">
        <ele>34.6</ele>
      </trkpt>
      <trkpt lat="42.68821" lon="18.0511">
        <ele>32.8</ele>
      </trkpt>
      <trkpt lat="42.68867" lon="18.05033">
        <ele>28.2</ele>
      </trkpt>
      <trkpt lat="42.68892" lon="18.04999">
        <ele>24.3</ele>
      </trkpt>
      <trkpt lat="42.68908" lon="18.04984">
        <ele>23.3</ele>
      </trkpt>
      <trkpt lat="42.68959" lon="18.04931">
        <ele>19.7</ele>
      </trkpt>
      <trkpt lat="42.6901" lon="18.04878">
        <ele>20.6</ele>
      </trkpt>
      <trkpt lat="42.69024" lon="18.04861">
        <ele>18.6</ele>
      </trkpt>
      <trkpt lat="42.69069" lon="18.04771">
        <ele>12.1</ele>
      </trkpt>
      <trkpt lat="42.69087" lon="18.0475">
        <ele>10.1</ele>
      </trkpt>
      <trkpt lat="42.69106" lon="18.04738">
        <ele>9.6</ele>
      </trkpt>
      <trkpt lat="42.69126" lon="18.04732">
        <ele>9.4</ele>
      </trkpt>
      <trkpt lat="42.69189" lon="18.04721">
        <ele>9.7</ele>
      </trkpt>
      <trkpt lat="42.69245" lon="18.04713">
        <ele>10.9</ele>
      </trkpt>
      <trkpt lat="42.69289" lon="18.04705">
        <ele>15.7</ele>
      </trkpt>
      <trkpt lat="42.69307" lon="18.04696">
        <ele>16.3</ele>
      </trkpt>
      <trkpt lat="42.69325" lon="18.04682">
        <ele>14.7</ele>
      </trkpt>
      <trkpt lat="42.69337" lon="18.04667">
        <ele>12.2</ele>
      </trkpt>
      <trkpt lat="42.69349" lon="18.04644">
        <ele>12.5</ele>
      </trkpt>
      <trkpt lat="42.69364" lon="18.04604">
        <ele>9.3</ele>
      </trkpt>
      <trkpt lat="42.69376" lon="18.04575">
        <ele>7.3</ele>
      </trkpt>
      <trkpt lat="42.69387" lon="18.04561">
        <ele>7.5</ele>
      </trkpt>
      <trkpt lat="42.694" lon="18.04549">
        <ele>7.5</ele>
      </trkpt>
      <trkpt lat="42.69421" lon="18.04538">
        <ele>7.3</ele>
      </trkpt>
      <trkpt lat="42.69445" lon="18.0453">
        <ele>6.3</ele>
      </trkpt>
      <trkpt lat="42.69466" lon="18.04524">
        <ele>5.5</ele>
      </trkpt>
      <trkpt lat="42.69481" lon="18.04523">
        <ele>5.4</ele>
      </trkpt>
      <trkpt lat="42.69498" lon="18.04524">
        <ele>6.1</ele>
      </trkpt>
      <trkpt lat="42.6951" lon="18.04527">
        <ele>6.1</ele>
      </trkpt>
      <trkpt lat="42.69519" lon="18.04532">
        <ele>6.2</ele>
      </trkpt>
      <trkpt lat="42.69529" lon="18.04538">
        <ele>6.3</ele>
      </trkpt>
      <trkpt lat="42.69561" lon="18.04567">
        <ele>4.5</ele>
      </trkpt>
      <trkpt lat="42.69587" lon="18.04593">
        <ele>0.5</ele>
      </trkpt>
      <trkpt lat="42.69595" lon="18.04579">
        <ele>7.1</ele>
      </trkpt>
      <trkpt lat="42.69597" lon="18.04577">
        <ele>7.0</ele>
      </trkpt>
      <trkpt lat="42.696" lon="18.04578">
        <ele>6.9</ele>
      </trkpt>
      <trkpt lat="42.69627" lon="18.04601">
        <ele>1.6</ele>
      </trkpt>
      <trkpt lat="42.69645" lon="18.04612">
        <ele>3.1</ele>
      </trkpt>
      <trkpt lat="42.69661" lon="18.04616">
        <ele>4.1</ele>
      </trkpt>
      <trkpt lat="42.69675" lon="18.04613">
        <ele>4.5</ele>
      </trkpt>
      <trkpt lat="42.69696" lon="18.04607">
        <ele>4.8</ele>
      </trkpt>
      <trkpt lat="42.69743" lon="18.04587">
        <ele>1.0</ele>
      </trkpt>
      <trkpt lat="42.69763" lon="18.04571">
        <ele>6.1</ele>
      </trkpt>
      <trkpt lat="42.6978" lon="18.04556">
        <ele>5.5</ele>
      </trkpt>
      <trkpt lat="42.69805" lon="18.04544">
        <ele>5.1</ele>
      </trkpt>
      <trkpt lat="42.69824" lon="18.04539">
        <ele>4.9</ele>
      </trkpt>
      <trkpt lat="42.69833" lon="18.04541">
        <ele>5.0</ele>
      </trkpt>
      <trkpt lat="42.69842" lon="18.04551">
        <ele>5.3</ele>
      </trkpt>
      <trkpt lat="42.69859" lon="18.04566">
        <ele>5.5</ele>
      </trkpt>
      <trkpt lat="42.69873" lon="18.04576">
        <ele>5.5</ele>
      </trkpt>
      <trkpt lat="42.69903" lon="18.04588">
        <ele>0.8</ele>
      </trkpt>
      <trkpt lat="42.69934" lon="18.04597">
        <ele>3.3</ele>
      </trkpt>
      <trkpt lat="42.69977" lon="18.04596">
        <ele>6.4</ele>
      </trkpt>
      <trkpt lat="42.69997" lon="18.04593">
        <ele>7.1</ele>
      </trkpt>
      <trkpt lat="42.70057" lon="18.04568">
        <ele>7.5</ele>
      </trkpt>
      <trkpt lat="42.70116" lon="18.04544">
        <ele>8.6</ele>
      </trkpt>
      <trkpt lat="42.70137" lon="18.04543">
        <ele>10.2</ele>
      </trkpt>
      <trkpt lat="42.70163" lon="18.04546">
        <ele>13.0</ele>
      </trkpt>
      <trkpt lat="42.70179" lon="18.04542">
        <ele>15.8</ele>
      </trkpt>
      <trkpt lat="42.70197" lon="18.04529">
        <ele>17.9</ele>
      </trkpt>
      <trkpt lat="42.70206" lon="18.04508">
        <ele>15.7</ele>
      </trkpt>
      <trkpt lat="42.70218" lon="18.04461">
        <ele>14.7</ele>
      </trkpt>
      <trkpt lat="42.70222" lon="18.04411">
        <ele>13.8</ele>
      </trkpt>
      <trkpt lat="42.70222" lon="18.0437">
        <ele>16.7</ele>
      </trkpt>
      <trkpt lat="42.70211" lon="18.04319">
        <ele>17.7</ele>
      </trkpt>
      <trkpt lat="42.7021" lon="18.04304">
        <ele>18.7</ele>
      </trkpt>
      <trkpt lat="42.70189" lon="18.04272">
        <ele>15.4</ele>
      </trkpt>
      <trkpt lat="42.70181" lon="18.04259">
        <ele>14.4</ele>
      </trkpt>
      <trkpt lat="42.70178" lon="18.04253">
        <ele>14.2</ele>
      </trkpt>
      <trkpt lat="42.70178" lon="18.0424">
        <ele>14.6</ele>
      </trkpt>
      <trkpt lat="42.70181" lon="18.04218">
        <ele>15.4</ele>
      </trkpt>
      <trkpt lat="42.70183" lon="18.04209">
        <ele>16.0</ele>
      </trkpt>
      <trkpt lat="42.70189" lon="18.042">
        <ele>17.5</ele>
      </trkpt>
      <trkpt lat="42.70261" lon="18.04142">
        <ele>32.9</ele>
      </trkpt>
      <trkpt lat="42.70265" lon="18.04135">
        <ele>33.9</ele>
      </trkpt>
      <trkpt lat="42.70267" lon="18.04127">
        <ele>34.4</ele>
      </trkpt>
      <trkpt lat="42.70269" lon="18.04108">
        <ele>34.3</ele>
      </trkpt>
      <trkpt lat="42.70268" lon="18.04081">
        <ele>33.7</ele>
      </trkpt>
      <trkpt lat="42.70263" lon="18.04025">
        <ele>36.3</ele>
      </trkpt>
      <trkpt lat="42.70254" lon="18.03986">
        <ele>37.9</ele>
      </trkpt>
      <trkpt lat="42.70236" lon="18.03933">
        <ele>41.2</ele>
      </trkpt>
      <trkpt lat="42.70232" lon="18.0392">
        <ele>42.3</ele>
      </trkpt>
      <trkpt lat="42.70219" lon="18.03864">
        <ele>50.5</ele>
      </trkpt>
      <trkpt lat="42.70218" lon="18.03849">
        <ele>53.1</ele>
      </trkpt>
      <trkpt lat="42.70219" lon="18.03834">
        <ele>56.2</ele>
      </trkpt>
      <trkpt lat="42.70224" lon="18.03808">
        <ele>62.6</ele>
      </trkpt>
      <trkpt lat="42.70222" lon="18.03799">
        <ele>64.1</ele>
      </trkpt>
      <trkpt lat="42.70218" lon="18.03794">
        <ele>64.6</ele>
      </trkpt>
      <trkpt lat="42.70188" lon="18.03789">
        <ele>61.7</ele>
      </trkpt>
      <trkpt lat="42.70147" lon="18.03779">
        <ele>60.7</ele>
      </trkpt>
      <trkpt lat="42.70121" lon="18.03766">
        <ele>63.5</ele>
      </trkpt>
      <trkpt lat="42.7009" lon="18.03756">
        <ele>65.2</ele>
      </trkpt>
      <trkpt lat="42.70059" lon="18.03741">
        <ele>67.0</ele>
      </trkpt>
      <trkpt lat="42.7004" lon="18.03728">
        <ele>68.1</ele>
      </trkpt>
      <trkpt lat="42.70019" lon="18.03704">
        <ele>71.0</ele>
      </trkpt>
      <trkpt lat="42.70006" lon="18.03686">
        <ele>72.9</ele>
      </trkpt>
      <trkpt lat="42.69995" lon="18.0364">
        <ele>82.8</ele>
      </trkpt>
      <trkpt lat="42.69985" lon="18.03626">
        <ele>85.2</ele>
      </trkpt>
      <trkpt lat="42.69948" lon="18.03604">
        <ele>84.8</ele>
      </trkpt>
      <trkpt lat="42.69893" lon="18.03563">
        <ele>86.6</ele>
      </trkpt>
      <trkpt lat="42.69877" lon="18.03549">
        <ele>87.8</ele>
      </trkpt>
      <trkpt lat="42.69833" lon="18.03483">
        <ele>93.9</ele>
      </trkpt>
      <trkpt lat="42.6979" lon="18.03417">
        <ele>99.8</ele>
      </trkpt>
      <trkpt lat="42.69746" lon="18.0335">
        <ele>106.7</ele>
      </trkpt>
      <trkpt lat="42.69729" lon="18.03334">
        <ele>108.6</ele>
      </trkpt>
      <trkpt lat="42.69716" lon="18.03327">
        <ele>109.5</ele>
      </trkpt>
      <trkpt lat="42.69703" lon="18.03325">
        <ele>109.1</ele>
      </trkpt>
      <trkpt lat="42.69689" lon="18.03318">
        <ele>109.7</ele>
      </trkpt>
      <trkpt lat="42.69665" lon="18.03292">
        <ele>113.4</ele>
      </trkpt>
      <trkpt lat="42.69661" lon="18.03281">
        <ele>115.8</ele>
      </trkpt>
      <trkpt lat="42.69658" lon="18.03264">
        <ele>119.0</ele>
      </trkpt>
      <trkpt lat="42.69651" lon="18.03253">
        <ele>121.3</ele>
      </trkpt>
      <trkpt lat="42.69643" lon="18.03245">
        <ele>122.7</ele>
      </trkpt>
      <trkpt lat="42.6963" lon="18.03245">
        <ele>122.5</ele>
      </trkpt>
      <trkpt lat="42.69596" lon="18.03254">
        <ele>120.4</ele>
      </trkpt>
      <trkpt lat="42.69586" lon="18.03251">
        <ele>120.8</ele>
      </trkpt>
      <trkpt lat="42.69572" lon="18.03229">
        <ele>124.5</ele>
      </trkpt>
      <trkpt lat="42.69545" lon="18.03212">
        <ele>126.8</ele>
      </trkpt>
      <trkpt lat="42.69508" lon="18.0316">
        <ele>132.0</ele>
      </trkpt>
      <trkpt lat="42.69497" lon="18.03143">
        <ele>132.3</ele>
      </trkpt>
      <trkpt lat="42.69476" lon="18.03088">
        <ele>132.2</ele>
      </trkpt>
      <trkpt lat="42.69456" lon="18.03033">
        <ele>129.3</ele>
      </trkpt>
      <trkpt lat="42.6945" lon="18.03008">
        <ele>128.2</ele>
      </trkpt>
      <trkpt lat="42.69447" lon="18.02905">
        <ele>124.1</ele>
      </trkpt>
      <trkpt lat="42.69444" lon="18.02886">
        <ele>122.8</ele>
      </trkpt>
      <trkpt lat="42.69421" lon="18.02802">
        <ele>116.3</ele>
      </trkpt>
      <trkpt lat="42.69417" lon="18.02767">
        <ele>117.8</ele>
      </trkpt>
      <trkpt lat="42.69417" lon="18.02734">
        <ele>119.8</ele>
      </trkpt>
      <trkpt lat="42.69418" lon="18.0272">
        <ele>120.6</ele>
      </trkpt>
      <trkpt lat="42.69416" lon="18.02707">
        <ele>120.8</ele>
      </trkpt>
      <trkpt lat="42.69403" lon="18.02682">
        <ele>118.8</ele>
      </trkpt>
      <trkpt lat="42.69399" lon="18.02665">
        <ele>119.0</ele>
      </trkpt>
      <trkpt lat="42.69393" lon="18.02619">
        <ele>119.7</ele>
      </trkpt>
      <trkpt lat="42.69394" lon="18.02598">
        <ele>120.7</ele>
      </trkpt>
      <trkpt lat="42.69399" lon="18.02576">
        <ele>121.7</ele>
      </trkpt>
      <trkpt lat="42.69408" lon="18.0255">
        <ele>121.0</ele>
      </trkpt>
      <trkpt lat="42.69436" lon="18.02507">
        <ele>121.2</ele>
      </trkpt>
      <trkpt lat="42.69492" lon="18.02422">
        <ele>116.2</ele>
      </trkpt>
      <trkpt lat="42.69549" lon="18.02336">
        <ele>112.7</ele>
      </trkpt>
      <trkpt lat="42.69568" lon="18.02306">
        <ele>109.3</ele>
      </trkpt>
      <trkpt lat="42.69569" lon="18.02296">
        <ele>107.9</ele>
      </trkpt>
      <trkpt lat="42.69559" lon="18.02257">
        <ele>101.9</ele>
      </trkpt>
      <trkpt lat="42.69554" lon="18.02222">
        <ele>94.5</ele>
      </trkpt>
      <trkpt lat="42.69563" lon="18.02207">
        <ele>91.7</ele>
      </trkpt>
      <trkpt lat="42.69579" lon="18.02199">
        <ele>90.7</ele>
      </trkpt>
      <trkpt lat="42.69627" lon="18.02182">
        <ele>89.2</ele>
      </trkpt>
      <trkpt lat="42.69648" lon="18.02175">
        <ele>88.8</ele>
      </trkpt>
      <trkpt lat="42.69658" lon="18.02169">
        <ele>88.1</ele>
      </trkpt>
      <trkpt lat="42.69671" lon="18.02157">
        <ele>87.2</ele>
      </trkpt>
      <trkpt lat="42.69677" lon="18.02145">
        <ele>86.3</ele>
      </trkpt>
      <trkpt lat="42.69696" lon="18.02096">
        <ele>83.8</ele>
      </trkpt>
      <trkpt lat="42.69706" lon="18.02078">
        <ele>84.2</ele>
      </trkpt>
      <trkpt lat="42.69722" lon="18.02048">
        <ele>85.4</ele>
      </trkpt>
      <trkpt lat="42.69759" lon="18.01956">
        <ele>92.3</ele>
      </trkpt>
      <trkpt lat="42.69767" lon="18.01938">
        <ele>93.1</ele>
      </trkpt>
      <trkpt lat="42.69782" lon="18.01921">
        <ele>95.1</ele>
      </trkpt>
      <trkpt lat="42.69794" lon="18.01902">
        <ele>96.1</ele>
      </trkpt>
      <trkpt lat="42.69812" lon="18.01858">
        <ele>97.7</ele>
      </trkpt>
      <trkpt lat="42.69835" lon="18.01786">
        <ele>101.1</ele>
      </trkpt>
      <trkpt lat="42.69852" lon="18.01717">
        <ele>102.8</ele>
      </trkpt>
      <trkpt lat="42.69866" lon="18.01645">
        <ele>101.9</ele>
      </trkpt>
      <trkpt lat="42.69874" lon="18.01616">
        <ele>100.5</ele>
      </trkpt>
      <trkpt lat="42.69882" lon="18.01594">
        <ele>99.9</ele>
      </trkpt>
      <trkpt lat="42.69891" lon="18.01577">
        <ele>99.4</ele>
      </trkpt>
      <trkpt lat="42.69898" lon="18.01565">
        <ele>98.7</ele>
      </trkpt>
      <trkpt lat="42.69908" lon="18.01553">
        <ele>98.3</ele>
      </trkpt>
      <trkpt lat="42.69922" lon="18.0153">
        <ele>96.1</ele>
      </trkpt>
      <trkpt lat="42.69927" lon="18.01516">
        <ele>94.0</ele>
      </trkpt>
      <trkpt lat="42.69937" lon="18.01486">
        <ele>90.1</ele>
      </trkpt>
      <trkpt lat="42.69947" lon="18.01463">
        <ele>88.0</ele>
      </trkpt>
      <trkpt lat="42.69954" lon="18.01451">
        <ele>87.0</ele>
      </trkpt>
      <trkpt lat="42.6996" lon="18.01443">
        <ele>86.4</ele>
      </trkpt>
      <trkpt lat="42.6998" lon="18.01425">
        <ele>85.2</ele>
      </trkpt>
      <trkpt lat="42.70008" lon="18.01395">
        <ele>84.0</ele>
      </trkpt>
      <trkpt lat="42.70013" lon="18.01389">
        <ele>84.0</ele>
      </trkpt>
      <trkpt lat="42.70018" lon="18.0137">
        <ele>83.8</ele>
      </trkpt>
      <trkpt lat="42.70021" lon="18.01349">
        <ele>83.6</ele>
      </trkpt>
      <trkpt lat="42.70024" lon="18.01337">
        <ele>83.7</ele>
      </trkpt>
      <trkpt lat="42.70033" lon="18.01305">
        <ele>84.3</ele>
      </trkpt>
      <trkpt lat="42.70037" lon="18.0129">
        <ele>84.6</ele>
      </trkpt>
      <trkpt lat="42.70039" lon="18.01276">
        <ele>84.7</ele>
      </trkpt>
      <trkpt lat="42.70039" lon="18.01263">
        <ele>84.6</ele>
      </trkpt>
      <trkpt lat="42.7004" lon="18.0118">
        <ele>83.2</ele>
      </trkpt>
      <trkpt lat="42.70041" lon="18.01168">
        <ele>83.2</ele>
      </trkpt>
      <trkpt lat="42.70043" lon="18.01159">
        <ele>83.1</ele>
      </trkpt>
      <trkpt lat="42.70045" lon="18.01151">
        <ele>83.1</ele>
      </trkpt>
      <trkpt lat="42.7005" lon="18.01139">
        <ele>83.6</ele>
      </trkpt>
      <trkpt lat="42.70061" lon="18.01125">
        <ele>85.3</ele>
      </trkpt>
      <trkpt lat="42.70093" lon="18.01074">
        <ele>89.7</ele>
      </trkpt>
      <trkpt lat="42.70102" lon="18.01054">
        <ele>90.5</ele>
      </trkpt>
      <trkpt lat="42.70104" lon="18.01045">
        <ele>90.3</ele>
      </trkpt>
      <trkpt lat="42.70105" lon="18.01021">
        <ele>88.7</ele>
      </trkpt>
      <trkpt lat="42.70104" lon="18.00986">
        <ele>86.5</ele>
      </trkpt>
      <trkpt lat="42.70107" lon="18.00955">
        <ele>86.3</ele>
      </trkpt>
      <trkpt lat="42.70113" lon="18.00919">
        <ele>86.8</ele>
      </trkpt>
      <trkpt lat="42.70123" lon="18.00849">
        <ele>89.1</ele>
      </trkpt>
      <trkpt lat="42.70123" lon="18.00839">
        <ele>89.1</ele>
      </trkpt>
      <trkpt lat="42.70121" lon="18.00831">
        <ele>88.9</ele>
      </trkpt>
      <trkpt lat="42.7012" lon="18.00827">
        <ele>88.9</ele>
      </trkpt>
      <trkpt lat="42.70122" lon="18.00822">
        <ele>89.5</ele>
      </trkpt>
      <trkpt lat="42.70123" lon="18.00816">
        <ele>89.9</ele>
      </trkpt>
      <trkpt lat="42.70125" lon="18.00701">
        <ele>95.3</ele>
      </trkpt>
      <trkpt lat="42.70135" lon="18.00674">
        <ele>98.0</ele>
      </trkpt>
      <trkpt lat="42.70143" lon="18.00655">
        <ele>99.4</ele>
      </trkpt>
      <trkpt lat="42.70164" lon="18.00623">
        <ele>101.5</ele>
      </trkpt>
      <trkpt lat="42.70185" lon="18.00587">
        <ele>103.5</ele>
      </trkpt>
      <trkpt lat="42.70194" lon="18.00565">
        <ele>104.8</ele>
      </trkpt>
      <trkpt lat="42.70198" lon="18.00543">
        <ele>105.7</ele>
      </trkpt>
      <trkpt lat="42.70201" lon="18.00529">
        <ele>106.4</ele>
      </trkpt>
      <trkpt lat="42.70207" lon="18.00524">
        <ele>107.5</ele>
      </trkpt>
      <trkpt lat="42.70208" lon="18.00513">
        <ele>107.8</ele>
      </trkpt>
      <trkpt lat="42.70224" lon="18.0046">
        <ele>110.2</ele>
      </trkpt>
      <trkpt lat="42.70228" lon="18.00435">
        <ele>110.2</ele>
      </trkpt>
      <trkpt lat="42.70225" lon="18.00404">
        <ele>109.4</ele>
      </trkpt>
      <trkpt lat="42.70226" lon="18.00382">
        <ele>109.9</ele>
      </trkpt>
      <trkpt lat="42.70234" lon="18.0035">
        <ele>111.6</ele>
      </trkpt>
      <trkpt lat="42.70246" lon="18.00313">
        <ele>113.7</ele>
      </trkpt>
      <trkpt lat="42.70254" lon="18.00299">
        <ele>115.1</ele>
      </trkpt>
      <trkpt lat="42.7026" lon="18.00293">
        <ele>116.3</ele>
      </trkpt>
      <trkpt lat="42.7027" lon="18.0029">
        <ele>118.1</ele>
      </trkpt>
      <trkpt lat="42.70276" lon="18.00286">
        <ele>119.3</ele>
      </trkpt>
      <trkpt lat="42.70278" lon="18.0028">
        <ele>119.9</ele>
      </trkpt>
      <trkpt lat="42.70272" lon="18.00241">
        <ele>119.4</ele>
      </trkpt>
      <trkpt lat="42.70277" lon="18.00232">
        <ele>120.3</ele>
      </trkpt>
      <trkpt lat="42.70288" lon="18.00228">
        <ele>122.7</ele>
      </trkpt>
      <trkpt lat="42.70296" lon="18.00229">
        <ele>124.7</ele>
      </trkpt>
      <trkpt lat="42.70311" lon="18.00173">
        <ele>129.5</ele>
      </trkpt>
      <trkpt lat="42.70322" lon="18.00138">
        <ele>133.1</ele>
      </trkpt>
      <trkpt lat="42.70331" lon="18.00107">
        <ele>135.5</ele>
      </trkpt>
      <trkpt lat="42.70332" lon="18.00087">
        <ele>135.8</ele>
      </trkpt>
      <trkpt lat="42.70332" lon="18.00063">
        <ele>136.2</ele>
      </trkpt>
      <trkpt lat="42.70341" lon="18.00026">
        <ele>140.3</ele>
      </trkpt>
      <trkpt lat="42.7036" lon="17.9998">
        <ele>151.1</ele>
      </trkpt>
      <trkpt lat="42.70366" lon="17.99962">
        <ele>155.6</ele>
      </trkpt>
      <trkpt lat="42.70375" lon="17.99918">
        <ele>162.8</ele>
      </trkpt>
      <trkpt lat="42.70383" lon="17.99887">
        <ele>164.7</ele>
      </trkpt>
      <trkpt lat="42.70393" lon="17.99832">
        <ele>167.9</ele>
      </trkpt>
      <trkpt lat="42.70396" lon="17.99779">
        <ele>187.7</ele>
      </trkpt>
      <trkpt lat="42.70406" lon="17.99738">
        <ele>202.7</ele>
      </trkpt>
      <trkpt lat="42.70404" lon="17.9964">
        <ele>218.9</ele>
      </trkpt>
      <trkpt lat="42.70419" lon="17.99558">
        <ele>235.3</ele>
      </trkpt>
      <trkpt lat="42.70425" lon="17.99541">
        <ele>239.3</ele>
      </trkpt>
      <trkpt lat="42.70435" lon="17.99479">
        <ele>249.5</ele>
      </trkpt>
      <trkpt lat="42.70457" lon="17.99395">
        <ele>261.7</ele>
      </trkpt>
      <trkpt lat="42.70475" lon="17.99317">
        <ele>268.0</ele>
      </trkpt>
      <trkpt lat="42.70493" lon="17.99239">
        <ele>271.2</ele>
      </trkpt>
      <trkpt lat="42.70532" lon="17.9915">
        <ele>274.1</ele>
      </trkpt>
      <trkpt lat="42.7057" lon="17.99061">
        <ele>273.2</ele>
      </trkpt>
      <trkpt lat="42.70625" lon="17.98992">
        <ele>274.4</ele>
      </trkpt>
      <trkpt lat="42.70656" lon="17.98902">
        <ele>261.8</ele>
      </trkpt>
      <trkpt lat="42.70687" lon="17.98838">
        <ele>250.5</ele>
      </trkpt>
      <trkpt lat="42.70718" lon="17.98775">
        <ele>236.4</ele>
      </trkpt>
      <trkpt lat="42.70763" lon="17.98696">
        <ele>217.3</ele>
      </trkpt>
      <trkpt lat="42.70808" lon="17.98617">
        <ele>197.0</ele>
      </trkpt>
      <trkpt lat="42.70839" lon="17.98573">
        <ele>187.3</ele>
      </trkpt>
      <trkpt lat="42.7087" lon="17.98529">
        <ele>173.6</ele>
      </trkpt>
      <trkpt lat="42.70876" lon="17.98511">
        <ele>165.8</ele>
      </trkpt>
      <trkpt lat="42.70903" lon="17.98463">
        <ele>150.8</ele>
      </trkpt>
      <trkpt lat="42.7094" lon="17.98392">
        <ele>144.7</ele>
      </trkpt>
      <trkpt lat="42.70976" lon="17.98334">
        <ele>140.0</ele>
      </trkpt>
      <trkpt lat="42.71025" lon="17.9826">
        <ele>128.1</ele>
      </trkpt>
      <trkpt lat="42.71074" lon="17.98187">
        <ele>117.9</ele>
      </trkpt>
      <trkpt lat="42.71123" lon="17.98114">
        <ele>111.2</ele>
      </trkpt>
      <trkpt lat="42.71163" lon="17.98057">
        <ele>106.6</ele>
      </trkpt>
      <trkpt lat="42.71203" lon="17.98001">
        <ele>101.2</ele>
      </trkpt>
      <trkpt lat="42.71224" lon="17.9796">
        <ele>98.4</ele>
      </trkpt>
      <trkpt lat="42.71239" lon="17.97955">
        <ele>99.4</ele>
      </trkpt>
      <trkpt lat="42.71254" lon="17.97953">
        <ele>100.4</ele>
      </trkpt>
      <trkpt lat="42.71326" lon="17.97957">
        <ele>99.5</ele>
      </trkpt>
      <trkpt lat="42.7134" lon="17.97957">
        <ele>99.7</ele>
      </trkpt>
      <trkpt lat="42.71354" lon="17.97954">
        <ele>100.1</ele>
      </trkpt>
      <trkpt lat="42.71364" lon="17.9795">
        <ele>100.2</ele>
      </trkpt>
      <trkpt lat="42.71376" lon="17.97941">
        <ele>100.1</ele>
      </trkpt>
      <trkpt lat="42.71388" lon="17.97926">
        <ele>99.7</ele>
      </trkpt>
      <trkpt lat="42.714" lon="17.97909">
        <ele>99.1</ele>
      </trkpt>
      <trkpt lat="42.71423" lon="17.97869">
        <ele>98.3</ele>
      </trkpt>
      <trkpt lat="42.71474" lon="17.9777">
        <ele>98.2</ele>
      </trkpt>
      <trkpt lat="42.71486" lon="17.97739">
        <ele>96.8</ele>
      </trkpt>
      <trkpt lat="42.71492" lon="17.97722">
        <ele>96.8</ele>
      </trkpt>
      <trkpt lat="42.71508" lon="17.97664">
        <ele>97.9</ele>
      </trkpt>
      <trkpt lat="42.71524" lon="17.97605">
        <ele>98.8</ele>
      </trkpt>
      <trkpt lat="42.71534" lon="17.97597">
        <ele>100.7</ele>
      </trkpt>
      <trkpt lat="42.71555" lon="17.97568">
        <ele>104.0</ele>
      </trkpt>
      <trkpt lat="42.71583" lon="17.97519">
        <ele>108.7</ele>
      </trkpt>
      <trkpt lat="42.71597" lon="17.97482">
        <ele>110.7</ele>
      </trkpt>
      <trkpt lat="42.71602" lon="17.97437">
        <ele>112.3</ele>
      </trkpt>
      <trkpt lat="42.716" lon="17.9741">
        <ele>112.7</ele>
      </trkpt>
      <trkpt lat="42.71592" lon="17.97379">
        <ele>112.9</ele>
      </trkpt>
      <trkpt lat="42.71587" lon="17.9733">
        <ele>115.4</ele>
      </trkpt>
      <trkpt lat="42.71579" lon="17.97297">
        <ele>117.0</ele>
      </trkpt>
      <trkpt lat="42.7157" lon="17.97273">
        <ele>117.9</ele>
      </trkpt>
      <trkpt lat="42.71569" lon="17.97257">
        <ele>119.1</ele>
      </trkpt>
      <trkpt lat="42.71573" lon="17.97242">
        <ele>121.0</ele>
      </trkpt>
      <trkpt lat="42.71598" lon="17.97186">
        <ele>128.8</ele>
      </trkpt>
      <trkpt lat="42.71623" lon="17.9713">
        <ele>133.7</ele>
      </trkpt>
      <trkpt lat="42.7164" lon="17.97098">
        <ele>136.0</ele>
      </trkpt>
      <trkpt lat="42.71665" lon="17.97069">
        <ele>139.7</ele>
      </trkpt>
      <trkpt lat="42.71682" lon="17.97037">
        <ele>142.4</ele>
      </trkpt>
      <trkpt lat="42.71731" lon="17.96956">
        <ele>145.2</ele>
      </trkpt>
      <trkpt lat="42.7176" lon="17.96896">
        <ele>144.2</ele>
      </trkpt>
      <trkpt lat="42.71794" lon="17.9683">
        <ele>140.7</ele>
      </trkpt>
      <trkpt lat="42.71836" lon="17.9678">
        <ele>137.2</ele>
      </trkpt>
      <trkpt lat="42.7187" lon="17.96763">
        <ele>131.4</ele>
      </trkpt>
      <trkpt lat="42.71915" lon="17.96751">
        <ele>125.5</ele>
      </trkpt>
      <trkpt lat="42.71963" lon="17.96756">
        <ele>120.3</ele>
      </trkpt>
      <trkpt lat="42.7201" lon="17.96761">
        <ele>115.9</ele>
      </trkpt>
      <trkpt lat="42.72063" lon="17.9678">
        <ele>119.1</ele>
      </trkpt>
      <trkpt lat="42.72129" lon="17.96826">
        <ele>125.0</ele>
      </trkpt>
      <trkpt lat="42.72155" lon="17.96837">
        <ele>124.0</ele>
      </trkpt>
      <trkpt lat="42.72213" lon="17.96887">
        <ele>130.4</ele>
      </trkpt>
      <trkpt lat="42.72243" lon="17.9691">
        <ele>131.0</ele>
      </trkpt>
      <trkpt lat="42.72257" lon="17.96909">
        <ele>132.2</ele>
      </trkpt>
      <trkpt lat="42.72265" lon="17.96897">
        <ele>133.7</ele>
      </trkpt>
      <trkpt lat="42.72269" lon="17.96858">
        <ele>130.3</ele>
      </trkpt>
      <trkpt lat="42.72292" lon="17.96763">
        <ele>132.7</ele>
      </trkpt>
      <trkpt lat="42.72304" lon="17.96688">
        <ele>131.3</ele>
      </trkpt>
      <trkpt lat="42.72325" lon="17.96575">
        <ele>129.0</ele>
      </trkpt>
      <trkpt lat="42.72341" lon="17.96541">
        <ele>130.8</ele>
      </trkpt>
      <trkpt lat="42.72367" lon="17.96507">
        <ele>133.1</ele>
      </trkpt>
      <trkpt lat="42.72429" lon="17.96458">
        <ele>142.0</ele>
      </trkpt>
      <trkpt lat="42.72448" lon="17.96438">
        <ele>143.7</ele>
      </trkpt>
      <trkpt lat="42.72458" lon="17.96426">
        <ele>143.7</ele>
      </trkpt>
      <trkpt lat="42.7248" lon="17.96391">
        <ele>141.3</ele>
      </trkpt>
      <trkpt lat="42.72512" lon="17.96373">
        <ele>144.4</ele>
      </trkpt>
      <trkpt lat="42.72578" lon="17.96337">
        <ele>148.2</ele>
      </trkpt>
      <trkpt lat="42.72644" lon="17.963">
        <ele>152.7</ele>
      </trkpt>
      <trkpt lat="42.72726" lon="17.96283">
        <ele>159.9</ele>
      </trkpt>
      <trkpt lat="42.72804" lon="17.96283">
        <ele>167.1</ele>
      </trkpt>
      <trkpt lat="42.72882" lon="17.96282">
        <ele>170.4</ele>
      </trkpt>
      <trkpt lat="42.72939" lon="17.96293">
        <ele>174.9</ele>
      </trkpt>
      <trkpt lat="42.72996" lon="17.96316">
        <ele>181.1</ele>
      </trkpt>
      <trkpt lat="42.73014" lon="17.96322">
        <ele>183.3</ele>
      </trkpt>
      <trkpt lat="42.73031" lon="17.96331">
        <ele>186.4</ele>
      </trkpt>
      <trkpt lat="42.73043" lon="17.96342">
        <ele>189.8</ele>
      </trkpt>
      <trkpt lat="42.73054" lon="17.96346">
        <ele>191.2</ele>
      </trkpt>
      <trkpt lat="42.73067" lon="17.96346">
        <ele>191.0</ele>
      </trkpt>
      <trkpt lat="42.73077" lon="17.96342">
        <ele>189.6</ele>
      </trkpt>
      <trkpt lat="42.73087" lon="17.96333">
        <ele>188.1</ele>
      </trkpt>
      <trkpt lat="42.73125" lon="17.96289">
        <ele>189.7</ele>
      </trkpt>
      <trkpt lat="42.73162" lon="17.96245">
        <ele>190.7</ele>
      </trkpt>
      <trkpt lat="42.73205" lon="17.96169">
        <ele>195.0</ele>
      </trkpt>
      <trkpt lat="42.73226" lon="17.96115">
        <ele>197.7</ele>
      </trkpt>
      <trkpt lat="42.73248" lon="17.9606">
        <ele>198.6</ele>
      </trkpt>
      <trkpt lat="42.73279" lon="17.95998">
        <ele>200.5</ele>
      </trkpt>
      <trkpt lat="42.73298" lon="17.95979">
        <ele>205.0</ele>
      </trkpt>
      <trkpt lat="42.73331" lon="17.95937">
        <ele>211.8</ele>
      </trkpt>
      <trkpt lat="42.73338" lon="17.95916">
        <ele>211.6</ele>
      </trkpt>
      <trkpt lat="42.73365" lon="17.95817">
        <ele>216.1</ele>
      </trkpt>
      <trkpt lat="42.73391" lon="17.95718">
        <ele>220.2</ele>
      </trkpt>
      <trkpt lat="42.73411" lon="17.95649">
        <ele>229.7</ele>
      </trkpt>
      <trkpt lat="42.73415" lon="17.95625">
        <ele>232.9</ele>
      </trkpt>
      <trkpt lat="42.73412" lon="17.95608">
        <ele>232.7</ele>
      </trkpt>
      <trkpt lat="42.73408" lon="17.95589">
        <ele>231.4</ele>
      </trkpt>
      <trkpt lat="42.73396" lon="17.95561">
        <ele>229.7</ele>
      </trkpt>
      <trkpt lat="42.73378" lon="17.95488">
        <ele>230.9</ele>
      </trkpt>
      <trkpt lat="42.73372" lon="17.9543">
        <ele>232.8</ele>
      </trkpt>
      <trkpt lat="42.73375" lon="17.95387">
        <ele>235.5</ele>
      </trkpt>
      <trkpt lat="42.7338" lon="17.95361">
        <ele>237.9</ele>
      </trkpt>
      <trkpt lat="42.73391" lon="17.95334">
        <ele>242.6</ele>
      </trkpt>
      <trkpt lat="42.73397" lon="17.95309">
        <ele>242.4</ele>
      </trkpt>
      <trkpt lat="42.73397" lon="17.95278">
        <ele>239.0</ele>
      </trkpt>
      <trkpt lat="42.73406" lon="17.95251">
        <ele>240.5</ele>
      </trkpt>
      <trkpt lat="42.7346" lon="17.95199">
        <ele>244.6</ele>
      </trkpt>
      <trkpt lat="42.73501" lon="17.95169">
        <ele>251.0</ele>
      </trkpt>
      <trkpt lat="42.73518" lon="17.95155">
        <ele>254.5</ele>
      </trkpt>
      <trkpt lat="42.73524" lon="17.95134">
        <ele>255.3</ele>
      </trkpt>
      <trkpt lat="42.73524" lon="17.95122">
        <ele>254.6</ele>
      </trkpt>
      <trkpt lat="42.73517" lon="17.95052">
        <ele>250.9</ele>
      </trkpt>
      <trkpt lat="42.73515" lon="17.94976">
        <ele>253.9</ele>
      </trkpt>
      <trkpt lat="42.7352" lon="17.94922">
        <ele>261.2</ele>
      </trkpt>
      <trkpt lat="42.7352" lon="17.9489">
        <ele>265.4</ele>
      </trkpt>
      <trkpt lat="42.7351" lon="17.94773">
        <ele>274.5</ele>
      </trkpt>
      <trkpt lat="42.73509" lon="17.94716">
        <ele>275.9</ele>
      </trkpt>
      <trkpt lat="42.73512" lon="17.94663">
        <ele>276.4</ele>
      </trkpt>
      <trkpt lat="42.7352" lon="17.94579">
        <ele>277.6</ele>
      </trkpt>
      <trkpt lat="42.73525" lon="17.94531">
        <ele>275.0</ele>
      </trkpt>
      <trkpt lat="42.73531" lon="17.94485">
        <ele>273.0</ele>
      </trkpt>
      <trkpt lat="42.73541" lon="17.94448">
        <ele>273.6</ele>
      </trkpt>
      <trkpt lat="42.73582" lon="17.94377">
        <ele>276.8</ele>
      </trkpt>
      <trkpt lat="42.73599" lon="17.94349">
        <ele>275.6</ele>
      </trkpt>
      <trkpt lat="42.7362" lon="17.94327">
        <ele>275.5</ele>
      </trkpt>
      <trkpt lat="42.73678" lon="17.94271">
        <ele>270.5</ele>
      </trkpt>
      <trkpt lat="42.73731" lon="17.94224">
        <ele>280.3</ele>
      </trkpt>
      <trkpt lat="42.73764" lon="17.94181">
        <ele>285.3</ele>
      </trkpt>
      <trkpt lat="42.73796" lon="17.94138">
        <ele>283.8</ele>
      </trkpt>
      <trkpt lat="42.73844" lon="17.94104">
        <ele>293.8</ele>
      </trkpt>
      <trkpt lat="42.73891" lon="17.94069">
        <ele>297.2</ele>
      </trkpt>
      <trkpt lat="42.73946" lon="17.94033">
        <ele>304.6</ele>
      </trkpt>
      <trkpt lat="42.74001" lon="17.93998">
        <ele>312.2</ele>
      </trkpt>
      <trkpt lat="42.74076" lon="17.93958">
        <ele>322.0</ele>
      </trkpt>
      <trkpt lat="42.74101" lon="17.93951">
        <ele>324.8</ele>
      </trkpt>
      <trkpt lat="42.7413" lon="17.93952">
        <ele>328.5</ele>
      </trkpt>
      <trkpt lat="42.74164" lon="17.93946">
        <ele>332.0</ele>
      </trkpt>
      <trkpt lat="42.74181" lon="17.93936">
        <ele>332.8</ele>
      </trkpt>
      <trkpt lat="42.74221" lon="17.93904">
        <ele>333.0</ele>
      </trkpt>
      <trkpt lat="42.74261" lon="17.93873">
        <ele>332.1</ele>
      </trkpt>
      <trkpt lat="42.74268" lon="17.93868">
        <ele>331.8</ele>
      </trkpt>
      <trkpt lat="42.74288" lon="17.93862">
        <ele>332.4</ele>
      </trkpt>
      <trkpt lat="42.74307" lon="17.93861">
        <ele>334.2</ele>
      </trkpt>
      <trkpt lat="42.74334" lon="17.93866">
        <ele>337.6</ele>
      </trkpt>
      <trkpt lat="42.74354" lon="17.93865">
        <ele>338.4</ele>
      </trkpt>
      <trkpt lat="42.74372" lon="17.93857">
        <ele>337.5</ele>
      </trkpt>
      <trkpt lat="42.74414" lon="17.93836">
        <ele>334.5</ele>
      </trkpt>
      <trkpt lat="42.74494" lon="17.93782">
        <ele>335.3</ele>
      </trkpt>
      <trkpt lat="42.74539" lon="17.93743">
        <ele>336.4</ele>
      </trkpt>
      <trkpt lat="42.74584" lon="17.93703">
        <ele>335.6</ele>
      </trkpt>
      <trkpt lat="42.74654" lon="17.93651">
        <ele>336.6</ele>
      </trkpt>
      <trkpt lat="42.74695" lon="17.93626">
        <ele>339.1</ele>
      </trkpt>
      <trkpt lat="42.74736" lon="17.93601">
        <ele>342.6</ele>
      </trkpt>
      <trkpt lat="42.7481" lon="17.93544">
        <ele>349.7</ele>
      </trkpt>
      <trkpt lat="42.74849" lon="17.93539">
        <ele>358.6</ele>
      </trkpt>
      <trkpt lat="42.74867" lon="17.93526">
        <ele>362.3</ele>
      </trkpt>
      <trkpt lat="42.74884" lon="17.93501">
        <ele>365.4</ele>
      </trkpt>
      <trkpt lat="42.7488" lon="17.93408">
        <ele>374.8</ele>
      </trkpt>
      <trkpt lat="42.74854" lon="17.93309">
        <ele>380.1</ele>
      </trkpt>
      <trkpt lat="42.74827" lon="17.93211">
        <ele>384.2</ele>
      </trkpt>
      <trkpt lat="42.74817" lon="17.93116">
        <ele>389.0</ele>
      </trkpt>
      <trkpt lat="42.74807" lon="17.93022">
        <ele>397.0</ele>
      </trkpt>
      <trkpt lat="42.74798" lon="17.92928">
        <ele>397.7</ele>
      </trkpt>
      <trkpt lat="42.74793" lon="17.92895">
        <ele>395.8</ele>
      </trkpt>
      <trkpt lat="42.74778" lon="17.92812">
        <ele>389.1</ele>
      </trkpt>
      <trkpt lat="42.74777" lon="17.92794">
        <ele>389.4</ele>
      </trkpt>
      <trkpt lat="42.74779" lon="17.92782">
        <ele>390.4</ele>
      </trkpt>
      <trkpt lat="42.74783" lon="17.92765">
        <ele>392.8</ele>
      </trkpt>
      <trkpt lat="42.7482" lon="17.92686">
        <ele>396.5</ele>
      </trkpt>
      <trkpt lat="42.74845" lon="17.92637">
        <ele>401.3</ele>
      </trkpt>
      <trkpt lat="42.7487" lon="17.92599">
        <ele>403.9</ele>
      </trkpt>
      <trkpt lat="42.74883" lon="17.92581">
        <ele>405.4</ele>
      </trkpt>
      <trkpt lat="42.74907" lon="17.92548">
        <ele>408.9</ele>
      </trkpt>
      <trkpt lat="42.74918" lon="17.92536">
        <ele>411.2</ele>
      </trkpt>
      <trkpt lat="42.74962" lon="17.92502">
        <ele>413.7</ele>
      </trkpt>
      <trkpt lat="42.75006" lon="17.92468">
        <ele>413.2</ele>
      </trkpt>
      <trkpt lat="42.75051" lon="17.92431">
        <ele>410.5</ele>
      </trkpt>
      <trkpt lat="42.75095" lon="17.92395">
        <ele>408.2</ele>
      </trkpt>
      <trkpt lat="42.7517" lon="17.92338">
        <ele>402.4</ele>
      </trkpt>
      <trkpt lat="42.75245" lon="17.92281">
        <ele>393.8</ele>
      </trkpt>
      <trkpt lat="42.7532" lon="17.92225">
        <ele>388.1</ele>
      </trkpt>
      <trkpt lat="42.7539" lon="17.9217">
        <ele>388.4</ele>
      </trkpt>
      <trkpt lat="42.7546" lon="17.92116">
        <ele>388.5</ele>
      </trkpt>
      <trkpt lat="42.75511" lon="17.92077">
        <ele>387.9</ele>
      </trkpt>
      <trkpt lat="42.75563" lon="17.92039">
        <ele>387.4</ele>
      </trkpt>
      <trkpt lat="42.75614" lon="17.92002">
        <ele>388.9</ele>
      </trkpt>
      <trkpt lat="42.75689" lon="17.91943">
        <ele>390.1</ele>
      </trkpt>
      <trkpt lat="42.75765" lon="17.91883">
        <ele>387.1</ele>
      </trkpt>
      <trkpt lat="42.75815" lon="17.91851">
        <ele>384.0</ele>
      </trkpt>
      <trkpt lat="42.75868" lon="17.91824">
        <ele>380.0</ele>
      </trkpt>
      <trkpt lat="42.75909" lon="17.91799">
        <ele>376.8</ele>
      </trkpt>
      <trkpt lat="42.75946" lon="17.9179">
        <ele>372.7</ele>
      </trkpt>
      <trkpt lat="42.7598" lon="17.91789">
        <ele>369.7</ele>
      </trkpt>
      <trkpt lat="42.76052" lon="17.91811">
        <ele>366.3</ele>
      </trkpt>
      <trkpt lat="42.76106" lon="17.91829">
        <ele>362.6</ele>
      </trkpt>
      <trkpt lat="42.76144" lon="17.91832">
        <ele>357.4</ele>
      </trkpt>
      <trkpt lat="42.76186" lon="17.9183">
        <ele>351.8</ele>
      </trkpt>
      <trkpt lat="42.7621" lon="17.91833">
        <ele>349.8</ele>
      </trkpt>
      <trkpt lat="42.76228" lon="17.91843">
        <ele>349.1</ele>
      </trkpt>
      <trkpt lat="42.76245" lon="17.91856">
        <ele>348.8</ele>
      </trkpt>
      <trkpt lat="42.76261" lon="17.91873">
        <ele>348.1</ele>
      </trkpt>
      <trkpt lat="42.76273" lon="17.91879">
        <ele>347.0</ele>
      </trkpt>
      <trkpt lat="42.76289" lon="17.91879">
        <ele>344.7</ele>
      </trkpt>
      <trkpt lat="42.7631" lon="17.91877">
        <ele>341.3</ele>
      </trkpt>
      <trkpt lat="42.76321" lon="17.91879">
        <ele>340.0</ele>
      </trkpt>
      <trkpt lat="42.7634" lon="17.91892">
        <ele>338.9</ele>
      </trkpt>
      <trkpt lat="42.7639" lon="17.91938">
        <ele>335.0</ele>
      </trkpt>
      <trkpt lat="42.76447" lon="17.92012">
        <ele>332.4</ele>
      </trkpt>
      <trkpt lat="42.76465" lon="17.92029">
        <ele>328.1</ele>
      </trkpt>
      <trkpt lat="42.76482" lon="17.92042">
        <ele>323.4</ele>
      </trkpt>
      <trkpt lat="42.76486" lon="17.92048">
        <ele>322.7</ele>
      </trkpt>
      <trkpt lat="42.76488" lon="17.92058">
        <ele>322.9</ele>
      </trkpt>
      <trkpt lat="42.76489" lon="17.92108">
        <ele>326.7</ele>
      </trkpt>
      <trkpt lat="42.76492" lon="17.92126">
        <ele>326.4</ele>
      </trkpt>
      <trkpt lat="42.76497" lon="17.9214">
        <ele>325.2</ele>
      </trkpt>
      <trkpt lat="42.7651" lon="17.9216">
        <ele>322.7</ele>
      </trkpt>
      <trkpt lat="42.76567" lon="17.92202">
        <ele>317.6</ele>
      </trkpt>
      <trkpt lat="42.76624" lon="17.92243">
        <ele>313.2</ele>
      </trkpt>
      <trkpt lat="42.76682" lon="17.92284">
        <ele>311.3</ele>
      </trkpt>
      <trkpt lat="42.76719" lon="17.92303">
        <ele>309.5</ele>
      </trkpt>
      <trkpt lat="42.76748" lon="17.92313">
        <ele>307.0</ele>
      </trkpt>
      <trkpt lat="42.76772" lon="17.92317">
        <ele>305.4</ele>
      </trkpt>
      <trkpt lat="42.76809" lon="17.9232">
        <ele>302.8</ele>
      </trkpt>
      <trkpt lat="42.76834" lon="17.92316">
        <ele>300.1</ele>
      </trkpt>
      <trkpt lat="42.76856" lon="17.92307">
        <ele>300.2</ele>
      </trkpt>
      <trkpt lat="42.76924" lon="17.92268">
        <ele>296.3</ele>
      </trkpt>
      <trkpt lat="42.76998" lon="17.92207">
        <ele>289.9</ele>
      </trkpt>
      <trkpt lat="42.77008" lon="17.92196">
        <ele>288.8</ele>
      </trkpt>
      <trkpt lat="42.77023" lon="17.92177">
        <ele>286.2</ele>
      </trkpt>
      <trkpt lat="42.7707" lon="17.92108">
        <ele>279.0</ele>
      </trkpt>
      <trkpt lat="42.77088" lon="17.92076">
        <ele>275.0</ele>
      </trkpt>
      <trkpt lat="42.77107" lon="17.92035">
        <ele>273.3</ele>
      </trkpt>
      <trkpt lat="42.77139" lon="17.91948">
        <ele>270.2</ele>
      </trkpt>
      <trkpt lat="42.77147" lon="17.91922">
        <ele>269.7</ele>
      </trkpt>
      <trkpt lat="42.77149" lon="17.91904">
        <ele>268.8</ele>
      </trkpt>
      <trkpt lat="42.77153" lon="17.91841">
        <ele>264.9</ele>
      </trkpt>
      <trkpt lat="42.77156" lon="17.91809">
        <ele>261.7</ele>
      </trkpt>
      <trkpt lat="42.77161" lon="17.91785">
        <ele>259.5</ele>
      </trkpt>
      <trkpt lat="42.77167" lon="17.91766">
        <ele>258.3</ele>
      </trkpt>
      <trkpt lat="42.77194" lon="17.91712">
        <ele>256.6</ele>
      </trkpt>
      <trkpt lat="42.77207" lon="17.91688">
        <ele>255.5</ele>
      </trkpt>
      <trkpt lat="42.77222" lon="17.91669">
        <ele>255.3</ele>
      </trkpt>
      <trkpt lat="42.77241" lon="17.91652">
        <ele>255.9</ele>
      </trkpt>
      <trkpt lat="42.77261" lon="17.91638">
        <ele>255.8</ele>
      </trkpt>
      <trkpt lat="42.77294" lon="17.91625">
        <ele>255.9</ele>
      </trkpt>
      <trkpt lat="42.77342" lon="17.91611">
        <ele>258.2</ele>
      </trkpt>
      <trkpt lat="42.77351" lon="17.91605">
        <ele>258.5</ele>
      </trkpt>
      <trkpt lat="42.77356" lon="17.916">
        <ele>258.3</ele>
      </trkpt>
      <trkpt lat="42.77377" lon="17.91562">
        <ele>254.3</ele>
      </trkpt>
      <trkpt lat="42.77388" lon="17.91547">
        <ele>252.6</ele>
      </trkpt>
      <trkpt lat="42.77395" lon="17.91539">
        <ele>251.8</ele>
      </trkpt>
      <trkpt lat="42.77404" lon="17.91532">
        <ele>251.5</ele>
      </trkpt>
      <trkpt lat="42.77418" lon="17.91527">
        <ele>251.9</ele>
      </trkpt>
      <trkpt lat="42.77451" lon="17.91526">
        <ele>252.8</ele>
      </trkpt>
      <trkpt lat="42.77482" lon="17.91533">
        <ele>255.7</ele>
      </trkpt>
      <trkpt lat="42.77511" lon="17.91527">
        <ele>255.6</ele>
      </trkpt>
      <trkpt lat="42.77527" lon="17.91515">
        <ele>253.7</ele>
      </trkpt>
      <trkpt lat="42.77581" lon="17.9148">
        <ele>249.8</ele>
      </trkpt>
      <trkpt lat="42.77649" lon="17.91462">
        <ele>251.8</ele>
      </trkpt>
      <trkpt lat="42.77702" lon="17.91407">
        <ele>246.1</ele>
      </trkpt>
      <trkpt lat="42.77747" lon="17.91373">
        <ele>245.0</ele>
      </trkpt>
      <trkpt lat="42.77784" lon="17.91364">
        <ele>246.2</ele>
      </trkpt>
      <trkpt lat="42.77836" lon="17.91348">
        <ele>245.8</ele>
      </trkpt>
      <trkpt lat="42.77886" lon="17.91325">
        <ele>243.5</ele>
      </trkpt>
      <trkpt lat="42.77908" lon="17.91307">
        <ele>240.7</ele>
      </trkpt>
      <trkpt lat="42.77949" lon="17.91296">
        <ele>242.2</ele>
      </trkpt>
      <trkpt lat="42.77967" lon="17.91286">
        <ele>241.5</ele>
      </trkpt>
      <trkpt lat="42.78001" lon="17.91258">
        <ele>236.7</ele>
      </trkpt>
      <trkpt lat="42.78045" lon="17.91239">
        <ele>236.5</ele>
      </trkpt>
      <trkpt lat="42.78088" lon="17.9122">
        <ele>236.2</ele>
      </trkpt>
      <trkpt lat="42.78117" lon="17.91211">
        <ele>236.0</ele>
      </trkpt>
      <trkpt lat="42.78146" lon="17.91189">
        <ele>232.5</ele>
      </trkpt>
      <trkpt lat="42.7818" lon="17.91171">
        <ele>231.3</ele>
      </trkpt>
      <trkpt lat="42.78189" lon="17.91162">
        <ele>231.4</ele>
      </trkpt>
      <trkpt lat="42.78225" lon="17.91068">
        <ele>228.2</ele>
      </trkpt>
      <trkpt lat="42.78241" lon="17.91048">
        <ele>228.8</ele>
      </trkpt>
      <trkpt lat="42.7826" lon="17.91036">
        <ele>228.9</ele>
      </trkpt>
      <trkpt lat="42.78282" lon="17.9103">
        <ele>228.8</ele>
      </trkpt>
      <trkpt lat="42.78318" lon="17.91034">
        <ele>229.5</ele>
      </trkpt>
      <trkpt lat="42.7834" lon="17.91042">
        <ele>230.9</ele>
      </trkpt>
      <trkpt lat="42.78352" lon="17.91041">
        <ele>231.4</ele>
      </trkpt>
      <trkpt lat="42.78386" lon="17.91025">
        <ele>229.9</ele>
      </trkpt>
      <trkpt lat="42.78408" lon="17.91005">
        <ele>225.4</ele>
      </trkpt>
      <trkpt lat="42.78433" lon="17.90978">
        <ele>223.3</ele>
      </trkpt>
      <trkpt lat="42.78454" lon="17.90967">
        <ele>222.9</ele>
      </trkpt>
      <trkpt lat="42.78488" lon="17.90943">
        <ele>219.1</ele>
      </trkpt>
      <trkpt lat="42.78508" lon="17.90915">
        <ele>214.7</ele>
      </trkpt>
      <trkpt lat="42.78515" lon="17.90886">
        <ele>215.8</ele>
      </trkpt>
      <trkpt lat="42.78513" lon="17.90837">
        <ele>214.1</ele>
      </trkpt>
      <trkpt lat="42.78537" lon="17.90742">
        <ele>212.4</ele>
      </trkpt>
      <trkpt lat="42.78551" lon="17.90697">
        <ele>206.9</ele>
      </trkpt>
      <trkpt lat="42.78574" lon="17.90649">
        <ele>201.5</ele>
      </trkpt>
      <trkpt lat="42.78585" lon="17.90624">
        <ele>199.9</ele>
      </trkpt>
      <trkpt lat="42.78587" lon="17.90598">
        <ele>197.4</ele>
      </trkpt>
      <trkpt lat="42.78577" lon="17.90553">
        <ele>191.6</ele>
      </trkpt>
      <trkpt lat="42.78568" lon="17.90524">
        <ele>187.8</ele>
      </trkpt>
      <trkpt lat="42.78568" lon="17.90514">
        <ele>186.6</ele>
      </trkpt>
      <trkpt lat="42.78574" lon="17.90498">
        <ele>185.5</ele>
      </trkpt>
      <trkpt lat="42.78588" lon="17.90481">
        <ele>184.3</ele>
      </trkpt>
      <trkpt lat="42.78631" lon="17.90457">
        <ele>182.8</ele>
      </trkpt>
      <trkpt lat="42.78652" lon="17.90448">
        <ele>182.1</ele>
      </trkpt>
      <trkpt lat="42.7868" lon="17.90462">
        <ele>186.0</ele>
      </trkpt>
      <trkpt lat="42.78701" lon="17.90469">
        <ele>187.4</ele>
      </trkpt>
      <trkpt lat="42.78724" lon="17.90466">
        <ele>185.9</ele>
      </trkpt>
      <trkpt lat="42.78748" lon="17.90447">
        <ele>177.3</ele>
      </trkpt>
      <trkpt lat="42.78782" lon="17.90426">
        <ele>174.3</ele>
      </trkpt>
      <trkpt lat="42.78812" lon="17.90423">
        <ele>179.4</ele>
      </trkpt>
      <trkpt lat="42.78823" lon="17.90417">
        <ele>180.0</ele>
      </trkpt>
      <trkpt lat="42.78827" lon="17.90407">
        <ele>178.3</ele>
      </trkpt>
      <trkpt lat="42.78829" lon="17.90382">
        <ele>173.3</ele>
      </trkpt>
      <trkpt lat="42.78844" lon="17.90333">
        <ele>168.4</ele>
      </trkpt>
      <trkpt lat="42.78871" lon="17.90276">
        <ele>169.1</ele>
      </trkpt>
      <trkpt lat="42.78899" lon="17.90219">
        <ele>172.1</ele>
      </trkpt>
      <trkpt lat="42.78897" lon="17.90162">
        <ele>162.4</ele>
      </trkpt>
      <trkpt lat="42.78885" lon="17.90129">
        <ele>152.3</ele>
      </trkpt>
      <trkpt lat="42.7888" lon="17.90098">
        <ele>145.7</ele>
      </trkpt>
      <trkpt lat="42.78883" lon="17.90084">
        <ele>145.6</ele>
      </trkpt>
      <trkpt lat="42.78897" lon="17.90049">
        <ele>149.2</ele>
      </trkpt>
      <trkpt lat="42.78907" lon="17.90016">
        <ele>151.3</ele>
      </trkpt>
      <trkpt lat="42.78907" lon="17.89991">
        <ele>149.4</ele>
      </trkpt>
      <trkpt lat="42.78898" lon="17.89904">
        <ele>141.8</ele>
      </trkpt>
      <trkpt lat="42.78891" lon="17.89853">
        <ele>138.9</ele>
      </trkpt>
      <trkpt lat="42.7887" lon="17.89762">
        <ele>127.7</ele>
      </trkpt>
      <trkpt lat="42.78868" lon="17.89736">
        <ele>124.8</ele>
      </trkpt>
      <trkpt lat="42.78873" lon="17.89721">
        <ele>123.7</ele>
      </trkpt>
      <trkpt lat="42.78879" lon="17.89708">
        <ele>123.2</ele>
      </trkpt>
      <trkpt lat="42.78898" lon="17.8968">
        <ele>123.2</ele>
      </trkpt>
      <trkpt lat="42.78922" lon="17.89664">
        <ele>125.0</ele>
      </trkpt>
      <trkpt lat="42.7898" lon="17.89637">
        <ele>123.9</ele>
      </trkpt>
      <trkpt lat="42.79039" lon="17.8961">
        <ele>121.4</ele>
      </trkpt>
      <trkpt lat="42.79084" lon="17.89608">
        <ele>123.2</ele>
      </trkpt>
      <trkpt lat="42.79097" lon="17.89599">
        <ele>124.1</ele>
      </trkpt>
      <trkpt lat="42.79108" lon="17.89567">
        <ele>121.7</ele>
      </trkpt>
      <trkpt lat="42.7913" lon="17.89484">
        <ele>115.3</ele>
      </trkpt>
      <trkpt lat="42.79147" lon="17.89426">
        <ele>110.0</ele>
      </trkpt>
      <trkpt lat="42.79182" lon="17.89376">
        <ele>108.6</ele>
      </trkpt>
      <trkpt lat="42.79193" lon="17.89353">
        <ele>107.4</ele>
      </trkpt>
      <trkpt lat="42.792" lon="17.89332">
        <ele>105.9</ele>
      </trkpt>
      <trkpt lat="42.79203" lon="17.89322">
        <ele>107.2</ele>
      </trkpt>
      <trkpt lat="42.79204" lon="17.89303">
        <ele>108.9</ele>
      </trkpt>
      <trkpt lat="42.79197" lon="17.89296">
        <ele>108.3</ele>
      </trkpt>
      <trkpt lat="42.79188" lon="17.89289">
        <ele>106.8</ele>
      </trkpt>
      <trkpt lat="42.79158" lon="17.89279">
        <ele>101.8</ele>
      </trkpt>
      <trkpt lat="42.79107" lon="17.89254">
        <ele>94.0</ele>
      </trkpt>
      <trkpt lat="42.79085" lon="17.89227">
        <ele>90.6</ele>
      </trkpt>
      <trkpt lat="42.79066" lon="17.89193">
        <ele>88.3</ele>
      </trkpt>
      <trkpt lat="42.79057" lon="17.89174">
        <ele>87.7</ele>
      </trkpt>
      <trkpt lat="42.79052" lon="17.89152">
        <ele>86.9</ele>
      </trkpt>
      <trkpt lat="42.79031" lon="17.89089">
        <ele>84.3</ele>
      </trkpt>
      <trkpt lat="42.79031" lon="17.89073">
        <ele>83.6</ele>
      </trkpt>
      <trkpt lat="42.79068" lon="17.88984">
        <ele>79.3</ele>
      </trkpt>
      <trkpt lat="42.79104" lon="17.88895">
        <ele>75.1</ele>
      </trkpt>
      <trkpt lat="42.79141" lon="17.88806">
        <ele>72.4</ele>
      </trkpt>
      <trkpt lat="42.79143" lon="17.88792">
        <ele>71.1</ele>
      </trkpt>
      <trkpt lat="42.79143" lon="17.88777">
        <ele>69.1</ele>
      </trkpt>
      <trkpt lat="42.79145" lon="17.88759">
        <ele>67.3</ele>
      </trkpt>
      <trkpt lat="42.79153" lon="17.88711">
        <ele>64.2</ele>
      </trkpt>
      <trkpt lat="42.79153" lon="17.88689">
        <ele>61.9</ele>
      </trkpt>
      <trkpt lat="42.79151" lon="17.88676">
        <ele>59.8</ele>
      </trkpt>
      <trkpt lat="42.79142" lon="17.88653">
        <ele>55.7</ele>
      </trkpt>
      <trkpt lat="42.79123" lon="17.88564">
        <ele>47.3</ele>
      </trkpt>
      <trkpt lat="42.79116" lon="17.88539">
        <ele>44.1</ele>
      </trkpt>
      <trkpt lat="42.79112" lon="17.88521">
        <ele>42.7</ele>
      </trkpt>
      <trkpt lat="42.79113" lon="17.88511">
        <ele>42.5</ele>
      </trkpt>
      <trkpt lat="42.79123" lon="17.88476">
        <ele>42.4</ele>
      </trkpt>
      <trkpt lat="42.79125" lon="17.88455">
        <ele>41.5</ele>
      </trkpt>
      <trkpt lat="42.79124" lon="17.88407">
        <ele>39.0</ele>
      </trkpt>
      <trkpt lat="42.79122" lon="17.88359">
        <ele>36.3</ele>
      </trkpt>
      <trkpt lat="42.79116" lon="17.88279">
        <ele>31.1</ele>
      </trkpt>
      <trkpt lat="42.79114" lon="17.88229">
        <ele>28.3</ele>
      </trkpt>
      <trkpt lat="42.79109" lon="17.88172">
        <ele>26.5</ele>
      </trkpt>
      <trkpt lat="42.79106" lon="17.88131">
        <ele>25.3</ele>
      </trkpt>
      <trkpt lat="42.79102" lon="17.88107">
        <ele>24.6</ele>
      </trkpt>
      <trkpt lat="42.7908" lon="17.87997">
        <ele>19.9</ele>
      </trkpt>
      <trkpt lat="42.79058" lon="17.87887">
        <ele>18.9</ele>
      </trkpt>
      <trkpt lat="42.79046" lon="17.87835">
        <ele>20.1</ele>
      </trkpt>
      <trkpt lat="42.79032" lon="17.87736">
        <ele>27.2</ele>
      </trkpt>
      <trkpt lat="42.79027" lon="17.87627">
        <ele>36.4</ele>
      </trkpt>
      <trkpt lat="42.79021" lon="17.876">
        <ele>38.2</ele>
      </trkpt>
      <trkpt lat="42.79012" lon="17.87581">
        <ele>39.2</ele>
      </trkpt>
      <trkpt lat="42.78995" lon="17.8756">
        <ele>41.5</ele>
      </trkpt>
      <trkpt lat="42.78962" lon="17.87529">
        <ele>44.9</ele>
      </trkpt>
      <trkpt lat="42.7895" lon="17.87522">
        <ele>45.5</ele>
      </trkpt>
      <trkpt lat="42.789" lon="17.87499">
        <ele>46.1</ele>
      </trkpt>
      <trkpt lat="42.78888" lon="17.87492">
        <ele>46.4</ele>
      </trkpt>
      <trkpt lat="42.78878" lon="17.87481">
        <ele>47.1</ele>
      </trkpt>
      <trkpt lat="42.78863" lon="17.87458">
        <ele>48.7</ele>
      </trkpt>
      <trkpt lat="42.78843" lon="17.87409">
        <ele>51.7</ele>
      </trkpt>
      <trkpt lat="42.78828" lon="17.8737">
        <ele>52.8</ele>
      </trkpt>
      <trkpt lat="42.78826" lon="17.87356">
        <ele>53.6</ele>
      </trkpt>
      <trkpt lat="42.78827" lon="17.87343">
        <ele>54.7</ele>
      </trkpt>
      <trkpt lat="42.78832" lon="17.87332">
        <ele>55.9</ele>
      </trkpt>
      <trkpt lat="42.7884" lon="17.87325">
        <ele>57.1</ele>
      </trkpt>
      <trkpt lat="42.78849" lon="17.87321">
        <ele>58.4</ele>
      </trkpt>
      <trkpt lat="42.78862" lon="17.87322">
        <ele>60.2</ele>
      </trkpt>
      <trkpt lat="42.78873" lon="17.87331">
        <ele>61.7</ele>
      </trkpt>
      <trkpt lat="42.78896" lon="17.87353">
        <ele>63.3</ele>
      </trkpt>
      <trkpt lat="42.7892" lon="17.87373">
        <ele>64.6</ele>
      </trkpt>
      <trkpt lat="42.78948" lon="17.8739">
        <ele>65.7</ele>
      </trkpt>
      <trkpt lat="42.78973" lon="17.87399">
        <ele>67.1</ele>
      </trkpt>
      <trkpt lat="42.78994" lon="17.87403">
        <ele>68.5</ele>
      </trkpt>
      <trkpt lat="42.79018" lon="17.87403">
        <ele>69.7</ele>
      </trkpt>
      <trkpt lat="42.79039" lon="17.874">
        <ele>70.8</ele>
      </trkpt>
      <trkpt lat="42.79059" lon="17.87393">
        <ele>72.7</ele>
      </trkpt>
      <trkpt lat="42.79084" lon="17.87379">
        <ele>76.2</ele>
      </trkpt>
      <trkpt lat="42.79103" lon="17.87365">
        <ele>77.3</ele>
      </trkpt>
      <trkpt lat="42.79122" lon="17.87346">
        <ele>79.0</ele>
      </trkpt>
      <trkpt lat="42.79139" lon="17.87323">
        <ele>81.4</ele>
      </trkpt>
      <trkpt lat="42.79156" lon="17.87289">
        <ele>85.3</ele>
      </trkpt>
      <trkpt lat="42.79167" lon="17.87259">
        <ele>89.4</ele>
      </trkpt>
      <trkpt lat="42.79175" lon="17.87226">
        <ele>91.6</ele>
      </trkpt>
      <trkpt lat="42.79178" lon="17.87193">
        <ele>93.2</ele>
      </trkpt>
      <trkpt lat="42.79176" lon="17.87137">
        <ele>96.1</ele>
      </trkpt>
      <trkpt lat="42.79178" lon="17.87114">
        <ele>97.2</ele>
      </trkpt>
      <trkpt lat="42.79186" lon="17.87095">
        <ele>98.5</ele>
      </trkpt>
      <trkpt lat="42.79194" lon="17.87084">
        <ele>99.6</ele>
      </trkpt>
      <trkpt lat="42.79207" lon="17.8708">
        <ele>100.6</ele>
      </trkpt>
      <trkpt lat="42.79223" lon="17.87077">
        <ele>101.7</ele>
      </trkpt>
      <trkpt lat="42.79208" lon="17.86998">
        <ele>103.4</ele>
      </trkpt>
      <trkpt lat="42.79209" lon="17.86982">
        <ele>103.1</ele>
      </trkpt>
      <trkpt lat="42.79212" lon="17.86958">
        <ele>103.0</ele>
      </trkpt>
      <trkpt lat="42.79234" lon="17.86877">
        <ele>103.6</ele>
      </trkpt>
      <trkpt lat="42.79258" lon="17.86772">
        <ele>100.6</ele>
      </trkpt>
      <trkpt lat="42.79276" lon="17.86702">
        <ele>98.7</ele>
      </trkpt>
      <trkpt lat="42.79298" lon="17.86609">
        <ele>96.7</ele>
      </trkpt>
      <trkpt lat="42.79319" lon="17.86517">
        <ele>95.7</ele>
      </trkpt>
      <trkpt lat="42.79331" lon="17.86475">
        <ele>93.8</ele>
      </trkpt>
      <trkpt lat="42.79359" lon="17.86416">
        <ele>90.7</ele>
      </trkpt>
      <trkpt lat="42.79386" lon="17.86357">
        <ele>88.6</ele>
      </trkpt>
      <trkpt lat="42.7941" lon="17.86307">
        <ele>86.0</ele>
      </trkpt>
      <trkpt lat="42.79428" lon="17.8628">
        <ele>85.5</ele>
      </trkpt>
      <trkpt lat="42.79433" lon="17.8626">
        <ele>82.9</ele>
      </trkpt>
      <trkpt lat="42.79469" lon="17.86191">
        <ele>75.3</ele>
      </trkpt>
      <trkpt lat="42.79504" lon="17.86122">
        <ele>66.4</ele>
      </trkpt>
      <trkpt lat="42.79549" lon="17.86071">
        <ele>62.9</ele>
      </trkpt>
      <trkpt lat="42.79596" lon="17.86013">
        <ele>60.1</ele>
      </trkpt>
      <trkpt lat="42.79642" lon="17.85955">
        <ele>59.4</ele>
      </trkpt>
      <trkpt lat="42.79692" lon="17.85894">
        <ele>61.2</ele>
      </trkpt>
      <trkpt lat="42.79724" lon="17.85869">
        <ele>63.1</ele>
      </trkpt>
      <trkpt lat="42.79757" lon="17.8585">
        <ele>64.5</ele>
      </trkpt>
      <trkpt lat="42.79804" lon="17.85795">
        <ele>64.2</ele>
      </trkpt>
      <trkpt lat="42.79853" lon="17.85765">
        <ele>65.3</ele>
      </trkpt>
      <trkpt lat="42.79902" lon="17.85734">
        <ele>65.5</ele>
      </trkpt>
      <trkpt lat="42.79911" lon="17.85728">
        <ele>65.4</ele>
      </trkpt>
      <trkpt lat="42.7992" lon="17.85696">
        <ele>64.0</ele>
      </trkpt>
      <trkpt lat="42.79921" lon="17.85655">
        <ele>61.5</ele>
      </trkpt>
      <trkpt lat="42.79925" lon="17.85622">
        <ele>59.9</ele>
      </trkpt>
      <trkpt lat="42.79928" lon="17.85576">
        <ele>57.8</ele>
      </trkpt>
      <trkpt lat="42.7994" lon="17.85455">
        <ele>56.9</ele>
      </trkpt>
      <trkpt lat="42.79938" lon="17.85411">
        <ele>55.5</ele>
      </trkpt>
      <trkpt lat="42.79938" lon="17.85362">
        <ele>53.3</ele>
      </trkpt>
      <trkpt lat="42.79934" lon="17.85342">
        <ele>52.2</ele>
      </trkpt>
      <trkpt lat="42.7993" lon="17.85311">
        <ele>50.5</ele>
      </trkpt>
      <trkpt lat="42.79924" lon="17.85225">
        <ele>45.7</ele>
      </trkpt>
      <trkpt lat="42.79917" lon="17.85139">
        <ele>41.3</ele>
      </trkpt>
      <trkpt lat="42.79911" lon="17.85053">
        <ele>39.8</ele>
      </trkpt>
      <trkpt lat="42.79913" lon="17.85034">
        <ele>39.8</ele>
      </trkpt>
      <trkpt lat="42.79913" lon="17.85017">
        <ele>39.8</ele>
      </trkpt>
      <trkpt lat="42.79912" lon="17.85003">
        <ele>39.7</ele>
      </trkpt>
      <trkpt lat="42.79942" lon="17.85">
        <ele>39.1</ele>
      </trkpt>
      <trkpt lat="42.79972" lon="17.85">
        <ele>38.0</ele>
      </trkpt>
      <trkpt lat="42.8001" lon="17.85002">
        <ele>36.2</ele>
      </trkpt>
      <trkpt lat="42.8003" lon="17.85">
        <ele>34.5</ele>
      </trkpt>
      <trkpt lat="42.8005" lon="17.84995">
        <ele>32.5</ele>
      </trkpt>
      <trkpt lat="42.80072" lon="17.84985">
        <ele>30.1</ele>
      </trkpt>
      <trkpt lat="42.80088" lon="17.84972">
        <ele>28.7</ele>
      </trkpt>
      <trkpt lat="42.80094" lon="17.84967">
        <ele>28.8</ele>
      </trkpt>
      <trkpt lat="42.80106" lon="17.84951">
        <ele>28.6</ele>
      </trkpt>
      <trkpt lat="42.80124" lon="17.84919">
        <ele>28.1</ele>
      </trkpt>
      <trkpt lat="42.80157" lon="17.84836">
        <ele>22.4</ele>
      </trkpt>
      <trkpt lat="42.80177" lon="17.84795">
        <ele>18.2</ele>
      </trkpt>
      <trkpt lat="42.80188" lon="17.84779">
        <ele>16.6</ele>
      </trkpt>
      <trkpt lat="42.80216" lon="17.84752">
        <ele>13.3</ele>
      </trkpt>
      <trkpt lat="42.80231" lon="17.84742">
        <ele>12.5</ele>
      </trkpt>
      <trkpt lat="42.80307" lon="17.84709">
        <ele>9.2</ele>
      </trkpt>
      <trkpt lat="42.80327" lon="17.84696">
        <ele>8.4</ele>
      </trkpt>
      <trkpt lat="42.80337" lon="17.84684">
        <ele>8.6</ele>
      </trkpt>
      <trkpt lat="42.80348" lon="17.84666">
        <ele>10.0</ele>
      </trkpt>
      <trkpt lat="42.80357" lon="17.84648">
        <ele>11.3</ele>
      </trkpt>
      <trkpt lat="42.80363" lon="17.84634">
        <ele>12.0</ele>
      </trkpt>
      <trkpt lat="42.80368" lon="17.84618">
        <ele>12.5</ele>
      </trkpt>
      <trkpt lat="42.80379" lon="17.84562">
        <ele>13.0</ele>
      </trkpt>
      <trkpt lat="42.80387" lon="17.84508">
        <ele>12.3</ele>
      </trkpt>
      <trkpt lat="42.80394" lon="17.84472">
        <ele>11.7</ele>
      </trkpt>
      <trkpt lat="42.80405" lon="17.84438">
        <ele>11.1</ele>
      </trkpt>
      <trkpt lat="42.80417" lon="17.84406">
        <ele>10.6</ele>
      </trkpt>
      <trkpt lat="42.80446" lon="17.84333">
        <ele>15.9</ele>
      </trkpt>
      <trkpt lat="42.80475" lon="17.8426">
        <ele>17.0</ele>
      </trkpt>
      <trkpt lat="42.80488" lon="17.84218">
        <ele>18.0</ele>
      </trkpt>
      <trkpt lat="42.80498" lon="17.84172">
        <ele>17.8</ele>
      </trkpt>
      <trkpt lat="42.80513" lon="17.8408">
        <ele>15.4</ele>
      </trkpt>
      <trkpt lat="42.8052" lon="17.8401">
        <ele>10.8</ele>
      </trkpt>
      <trkpt lat="42.80521" lon="17.83984">
        <ele>10.6</ele>
      </trkpt>
      <trkpt lat="42.80518" lon="17.83942">
        <ele>11.6</ele>
      </trkpt>
      <trkpt lat="42.80512" lon="17.83905">
        <ele>14.2</ele>
      </trkpt>
      <trkpt lat="42.80504" lon="17.83877">
        <ele>18.1</ele>
      </trkpt>
      <trkpt lat="42.80494" lon="17.83852">
        <ele>21.1</ele>
      </trkpt>
      <trkpt lat="42.80476" lon="17.83824">
        <ele>22.6</ele>
      </trkpt>
      <trkpt lat="42.80436" lon="17.83779">
        <ele>21.8</ele>
      </trkpt>
      <trkpt lat="42.80411" lon="17.83759">
        <ele>20.2</ele>
      </trkpt>
      <trkpt lat="42.80394" lon="17.83744">
        <ele>20.4</ele>
      </trkpt>
      <trkpt lat="42.80373" lon="17.83719">
        <ele>21.1</ele>
      </trkpt>
      <trkpt lat="42.80354" lon="17.83691">
        <ele>21.5</ele>
      </trkpt>
      <trkpt lat="42.80344" lon="17.83675">
        <ele>21.5</ele>
      </trkpt>
      <trkpt lat="42.80336" lon="17.83655">
        <ele>21.9</ele>
      </trkpt>
      <trkpt lat="42.80328" lon="17.8363">
        <ele>22.7</ele>
      </trkpt>
      <trkpt lat="42.80323" lon="17.83606">
        <ele>24.1</ele>
      </trkpt>
      <trkpt lat="42.8032" lon="17.8354">
        <ele>29.4</ele>
      </trkpt>
      <trkpt lat="42.80316" lon="17.83436">
        <ele>34.0</ele>
      </trkpt>
      <trkpt lat="42.80311" lon="17.83416">
        <ele>33.8</ele>
      </trkpt>
      <trkpt lat="42.80304" lon="17.83393">
        <ele>36.2</ele>
      </trkpt>
      <trkpt lat="42.8029" lon="17.83366">
        <ele>38.2</ele>
      </trkpt>
      <trkpt lat="42.80258" lon="17.83322">
        <ele>41.6</ele>
      </trkpt>
      <trkpt lat="42.80243" lon="17.83304">
        <ele>41.7</ele>
      </trkpt>
      <trkpt lat="42.80221" lon="17.83271">
        <ele>41.3</ele>
      </trkpt>
      <trkpt lat="42.80203" lon="17.83234">
        <ele>41.1</ele>
      </trkpt>
      <trkpt lat="42.80189" lon="17.83197">
        <ele>41.0</ele>
      </trkpt>
      <trkpt lat="42.80179" lon="17.83159">
        <ele>42.0</ele>
      </trkpt>
      <trkpt lat="42.80168" lon="17.83104">
        <ele>44.8</ele>
      </trkpt>
      <trkpt lat="42.80164" lon="17.83077">
        <ele>46.2</ele>
      </trkpt>
      <trkpt lat="42.80158" lon="17.82995">
        <ele>45.0</ele>
      </trkpt>
      <trkpt lat="42.80158" lon="17.82946">
        <ele>47.1</ele>
      </trkpt>
      <trkpt lat="42.80159" lon="17.82895">
        <ele>49.6</ele>
      </trkpt>
      <trkpt lat="42.80162" lon="17.82847">
        <ele>52.1</ele>
      </trkpt>
      <trkpt lat="42.8017" lon="17.82799">
        <ele>55.1</ele>
      </trkpt>
      <trkpt lat="42.80179" lon="17.82754">
        <ele>58.3</ele>
      </trkpt>
      <trkpt lat="42.80193" lon="17.82692">
        <ele>61.3</ele>
      </trkpt>
      <trkpt lat="42.80205" lon="17.82653">
        <ele>63.4</ele>
      </trkpt>
      <trkpt lat="42.80218" lon="17.82619">
        <ele>65.7</ele>
      </trkpt>
      <trkpt lat="42.80245" lon="17.82564">
        <ele>69.7</ele>
      </trkpt>
      <trkpt lat="42.80262" lon="17.82538">
        <ele>71.3</ele>
      </trkpt>
      <trkpt lat="42.80302" lon="17.82488">
        <ele>73.7</ele>
      </trkpt>
      <trkpt lat="42.80314" lon="17.82471">
        <ele>73.9</ele>
      </trkpt>
      <trkpt lat="42.80324" lon="17.82452">
        <ele>73.8</ele>
      </trkpt>
      <trkpt lat="42.8033" lon="17.82433">
        <ele>73.2</ele>
      </trkpt>
      <trkpt lat="42.80337" lon="17.8241">
        <ele>73.4</ele>
      </trkpt>
      <trkpt lat="42.80341" lon="17.82384">
        <ele>77.0</ele>
      </trkpt>
      <trkpt lat="42.80345" lon="17.82343">
        <ele>82.1</ele>
      </trkpt>
      <trkpt lat="42.80346" lon="17.82313">
        <ele>82.0</ele>
      </trkpt>
      <trkpt lat="42.80349" lon="17.82292">
        <ele>81.4</ele>
      </trkpt>
      <trkpt lat="42.80353" lon="17.82263">
        <ele>81.4</ele>
      </trkpt>
      <trkpt lat="42.80359" lon="17.82239">
        <ele>80.9</ele>
      </trkpt>
      <trkpt lat="42.80383" lon="17.82178">
        <ele>81.2</ele>
      </trkpt>
      <trkpt lat="42.80427" lon="17.82087">
        <ele>87.3</ele>
      </trkpt>
      <trkpt lat="42.80471" lon="17.81997">
        <ele>95.9</ele>
      </trkpt>
      <trkpt lat="42.80514" lon="17.81907">
        <ele>99.4</ele>
      </trkpt>
      <trkpt lat="42.80558" lon="17.81817">
        <ele>99.2</ele>
      </trkpt>
      <trkpt lat="42.80603" lon="17.81752">
        <ele>100.5</ele>
      </trkpt>
      <trkpt lat="42.80655" lon="17.81705">
        <ele>109.5</ele>
      </trkpt>
      <trkpt lat="42.80707" lon="17.81658">
        <ele>110.9</ele>
      </trkpt>
      <trkpt lat="42.80719" lon="17.81643">
        <ele>111.8</ele>
      </trkpt>
      <trkpt lat="42.80728" lon="17.81627">
        <ele>111.5</ele>
      </trkpt>
      <trkpt lat="42.80736" lon="17.81608">
        <ele>110.4</ele>
      </trkpt>
      <trkpt lat="42.80741" lon="17.81589">
        <ele>108.1</ele>
      </trkpt>
      <trkpt lat="42.80743" lon="17.81552">
        <ele>112.5</ele>
      </trkpt>
      <trkpt lat="42.8074" lon="17.81525">
        <ele>116.0</ele>
      </trkpt>
      <trkpt lat="42.80733" lon="17.81497">
        <ele>119.0</ele>
      </trkpt>
      <trkpt lat="42.80721" lon="17.81466">
        <ele>121.2</ele>
      </trkpt>
      <trkpt lat="42.80681" lon="17.81399">
        <ele>119.6</ele>
      </trkpt>
      <trkpt lat="42.80642" lon="17.81331">
        <ele>117.2</ele>
      </trkpt>
      <trkpt lat="42.80629" lon="17.81301">
        <ele>117.8</ele>
      </trkpt>
      <trkpt lat="42.8062" lon="17.81272">
        <ele>118.6</ele>
      </trkpt>
      <trkpt lat="42.80616" lon="17.81252">
        <ele>119.3</ele>
      </trkpt>
      <trkpt lat="42.8061" lon="17.81212">
        <ele>119.1</ele>
      </trkpt>
      <trkpt lat="42.8061" lon="17.81184">
        <ele>119.5</ele>
      </trkpt>
      <trkpt lat="42.80613" lon="17.81159">
        <ele>119.8</ele>
      </trkpt>
      <trkpt lat="42.80618" lon="17.81133">
        <ele>119.1</ele>
      </trkpt>
      <trkpt lat="42.80629" lon="17.811">
        <ele>119.7</ele>
      </trkpt>
      <trkpt lat="42.80649" lon="17.81062">
        <ele>121.5</ele>
      </trkpt>
      <trkpt lat="42.80675" lon="17.8103">
        <ele>123.6</ele>
      </trkpt>
      <trkpt lat="42.80712" lon="17.81003">
        <ele>123.7</ele>
      </trkpt>
      <trkpt lat="42.80758" lon="17.80975">
        <ele>124.4</ele>
      </trkpt>
      <trkpt lat="42.80805" lon="17.80947">
        <ele>128.0</ele>
      </trkpt>
      <trkpt lat="42.80846" lon="17.80911">
        <ele>131.3</ele>
      </trkpt>
      <trkpt lat="42.80866" lon="17.8089">
        <ele>131.8</ele>
      </trkpt>
      <trkpt lat="42.80884" lon="17.80869">
        <ele>133.3</ele>
      </trkpt>
      <trkpt lat="42.80916" lon="17.80819">
        <ele>137.2</ele>
      </trkpt>
      <trkpt lat="42.80934" lon="17.80783">
        <ele>134.0</ele>
      </trkpt>
      <trkpt lat="42.80948" lon="17.80753">
        <ele>133.1</ele>
      </trkpt>
      <trkpt lat="42.80967" lon="17.80686">
        <ele>134.4</ele>
      </trkpt>
      <trkpt lat="42.80973" lon="17.8065">
        <ele>135.3</ele>
      </trkpt>
      <trkpt lat="42.80978" lon="17.80615">
        <ele>137.0</ele>
      </trkpt>
      <trkpt lat="42.80983" lon="17.80557">
        <ele>137.0</ele>
      </trkpt>
      <trkpt lat="42.80988" lon="17.80521">
        <ele>136.7</ele>
      </trkpt>
      <trkpt lat="42.80996" lon="17.80484">
        <ele>135.9</ele>
      </trkpt>
      <trkpt lat="42.81023" lon="17.80397">
        <ele>133.0</ele>
      </trkpt>
      <trkpt lat="42.81058" lon="17.80313">
        <ele>136.9</ele>
      </trkpt>
      <trkpt lat="42.81077" lon="17.80253">
        <ele>138.7</ele>
      </trkpt>
      <trkpt lat="42.81084" lon="17.80212">
        <ele>136.3</ele>
      </trkpt>
      <trkpt lat="42.81086" lon="17.80188">
        <ele>134.0</ele>
      </trkpt>
      <trkpt lat="42.81082" lon="17.80166">
        <ele>129.7</ele>
      </trkpt>
      <trkpt lat="42.81059" lon="17.8007">
        <ele>131.1</ele>
      </trkpt>
      <trkpt lat="42.81056" lon="17.80031">
        <ele>132.5</ele>
      </trkpt>
      <trkpt lat="42.8106" lon="17.79981">
        <ele>134.8</ele>
      </trkpt>
      <trkpt lat="42.81068" lon="17.79933">
        <ele>134.0</ele>
      </trkpt>
      <trkpt lat="42.81083" lon="17.79857">
        <ele>131.8</ele>
      </trkpt>
      <trkpt lat="42.8109" lon="17.79786">
        <ele>130.4</ele>
      </trkpt>
      <trkpt lat="42.8109" lon="17.7971">
        <ele>128.6</ele>
      </trkpt>
      <trkpt lat="42.81084" lon="17.79643">
        <ele>126.0</ele>
      </trkpt>
      <trkpt lat="42.81079" lon="17.79576">
        <ele>124.4</ele>
      </trkpt>
      <trkpt lat="42.81079" lon="17.79539">
        <ele>122.8</ele>
      </trkpt>
      <trkpt lat="42.81082" lon="17.79504">
        <ele>122.4</ele>
      </trkpt>
      <trkpt lat="42.81086" lon="17.79474">
        <ele>122.8</ele>
      </trkpt>
      <trkpt lat="42.81094" lon="17.79444">
        <ele>124.6</ele>
      </trkpt>
      <trkpt lat="42.81111" lon="17.79391">
        <ele>126.5</ele>
      </trkpt>
      <trkpt lat="42.81134" lon="17.79344">
        <ele>127.5</ele>
      </trkpt>
      <trkpt lat="42.81161" lon="17.79309">
        <ele>129.1</ele>
      </trkpt>
      <trkpt lat="42.81176" lon="17.79292">
        <ele>130.0</ele>
      </trkpt>
      <trkpt lat="42.81219" lon="17.79247">
        <ele>132.4</ele>
      </trkpt>
      <trkpt lat="42.81252" lon="17.79201">
        <ele>132.1</ele>
      </trkpt>
      <trkpt lat="42.81266" lon="17.79177">
        <ele>131.0</ele>
      </trkpt>
      <trkpt lat="42.81275" lon="17.79156">
        <ele>130.4</ele>
      </trkpt>
      <trkpt lat="42.81286" lon="17.79125">
        <ele>130.4</ele>
      </trkpt>
      <trkpt lat="42.81294" lon="17.79097">
        <ele>130.0</ele>
      </trkpt>
      <trkpt lat="42.81303" lon="17.7904">
        <ele>129.1</ele>
      </trkpt>
      <trkpt lat="42.81306" lon="17.7898">
        <ele>127.2</ele>
      </trkpt>
      <trkpt lat="42.81317" lon="17.78892">
        <ele>125.4</ele>
      </trkpt>
      <trkpt lat="42.81325" lon="17.78854">
        <ele>121.8</ele>
      </trkpt>
      <trkpt lat="42.81347" lon="17.78807">
        <ele>121.3</ele>
      </trkpt>
      <trkpt lat="42.81373" lon="17.78762">
        <ele>123.8</ele>
      </trkpt>
      <trkpt lat="42.81402" lon="17.78719">
        <ele>127.4</ele>
      </trkpt>
      <trkpt lat="42.81425" lon="17.7867">
        <ele>128.2</ele>
      </trkpt>
      <trkpt lat="42.81439" lon="17.78627">
        <ele>127.6</ele>
      </trkpt>
      <trkpt lat="42.81445" lon="17.786">
        <ele>126.3</ele>
      </trkpt>
      <trkpt lat="42.81448" lon="17.78575">
        <ele>125.3</ele>
      </trkpt>
      <trkpt lat="42.81451" lon="17.78552">
        <ele>125.8</ele>
      </trkpt>
      <trkpt lat="42.81451" lon="17.78523">
        <ele>126.1</ele>
      </trkpt>
      <trkpt lat="42.81446" lon="17.78463">
        <ele>126.8</ele>
      </trkpt>
      <trkpt lat="42.8143" lon="17.78364">
        <ele>127.0</ele>
      </trkpt>
      <trkpt lat="42.81427" lon="17.78302">
        <ele>128.1</ele>
      </trkpt>
      <trkpt lat="42.81428" lon="17.7826">
        <ele>129.4</ele>
      </trkpt>
      <trkpt lat="42.8143" lon="17.78243">
        <ele>129.7</ele>
      </trkpt>
      <trkpt lat="42.81432" lon="17.78227">
        <ele>129.5</ele>
      </trkpt>
      <trkpt lat="42.8145" lon="17.78229">
        <ele>131.9</ele>
      </trkpt>
      <trkpt lat="42.81457" lon="17.78228">
        <ele>132.9</ele>
      </trkpt>
      <trkpt lat="42.81477" lon="17.78217">
        <ele>135.0</ele>
      </trkpt>
      <trkpt lat="42.81546" lon="17.78183">
        <ele>138.8</ele>
      </trkpt>
      <trkpt lat="42.81557" lon="17.78181">
        <ele>139.4</ele>
      </trkpt>
      <trkpt lat="42.81566" lon="17.7815">
        <ele>138.3</ele>
      </trkpt>
      <trkpt lat="42.81572" lon="17.78117">
        <ele>137.5</ele>
      </trkpt>
      <trkpt lat="42.81579" lon="17.78102">
        <ele>137.4</ele>
      </trkpt>
      <trkpt lat="42.81624" lon="17.78032">
        <ele>137.9</ele>
      </trkpt>
      <trkpt lat="42.81631" lon="17.78014">
        <ele>137.9</ele>
      </trkpt>
      <trkpt lat="42.81634" lon="17.77992">
        <ele>137.6</ele>
      </trkpt>
      <trkpt lat="42.81637" lon="17.77954">
        <ele>136.6</ele>
      </trkpt>
      <trkpt lat="42.81639" lon="17.77938">
        <ele>136.3</ele>
      </trkpt>
      <trkpt lat="42.81658" lon="17.77866">
        <ele>134.5</ele>
      </trkpt>
      <trkpt lat="42.81659" lon="17.77856">
        <ele>134.1</ele>
      </trkpt>
      <trkpt lat="42.81656" lon="17.77846">
        <ele>133.7</ele>
      </trkpt>
      <trkpt lat="42.81653" lon="17.77837">
        <ele>133.4</ele>
      </trkpt>
      <trkpt lat="42.81647" lon="17.77827">
        <ele>133.4</ele>
      </trkpt>
      <trkpt lat="42.81642" lon="17.7782">
        <ele>133.5</ele>
      </trkpt>
      <trkpt lat="42.81639" lon="17.77813">
        <ele>133.6</ele>
      </trkpt>
      <trkpt lat="42.81639" lon="17.77765">
        <ele>133.4</ele>
      </trkpt>
      <trkpt lat="42.81629" lon="17.77696">
        <ele>133.2</ele>
      </trkpt>
      <trkpt lat="42.81624" lon="17.77681">
        <ele>133.3</ele>
      </trkpt>
      <trkpt lat="42.81615" lon="17.77667">
        <ele>134.0</ele>
      </trkpt>
      <trkpt lat="42.81574" lon="17.77617">
        <ele>136.0</ele>
      </trkpt>
      <trkpt lat="42.81563" lon="17.77594">
        <ele>136.9</ele>
      </trkpt>
      <trkpt lat="42.8156" lon="17.77575">
        <ele>137.0</ele>
      </trkpt>
      <trkpt lat="42.81562" lon="17.77554">
        <ele>136.5</ele>
      </trkpt>
      <trkpt lat="42.81585" lon="17.7748">
        <ele>132.1</ele>
      </trkpt>
      <trkpt lat="42.81584" lon="17.77466">
        <ele>131.7</ele>
      </trkpt>
      <trkpt lat="42.81578" lon="17.7745">
        <ele>132.3</ele>
      </trkpt>
      <trkpt lat="42.81542" lon="17.77396">
        <ele>138.1</ele>
      </trkpt>
      <trkpt lat="42.81536" lon="17.77373">
        <ele>138.0</ele>
      </trkpt>
      <trkpt lat="42.8152" lon="17.7726">
        <ele>136.9</ele>
      </trkpt>
      <trkpt lat="42.81521" lon="17.77223">
        <ele>137.2</ele>
      </trkpt>
      <trkpt lat="42.81529" lon="17.77185">
        <ele>136.7</ele>
      </trkpt>
      <trkpt lat="42.81551" lon="17.77104">
        <ele>135.1</ele>
      </trkpt>
      <trkpt lat="42.81556" lon="17.77081">
        <ele>135.2</ele>
      </trkpt>
      <trkpt lat="42.81581" lon="17.77016">
        <ele>136.8</ele>
      </trkpt>
      <trkpt lat="42.81592" lon="17.76998">
        <ele>137.0</ele>
      </trkpt>
      <trkpt lat="42.81651" lon="17.76964">
        <ele>132.9</ele>
      </trkpt>
      <trkpt lat="42.81661" lon="17.76951">
        <ele>132.9</ele>
      </trkpt>
      <trkpt lat="42.81689" lon="17.76899">
        <ele>136.9</ele>
      </trkpt>
      <trkpt lat="42.81716" lon="17.76848">
        <ele>139.1</ele>
      </trkpt>
      <trkpt lat="42.81723" lon="17.76827">
        <ele>139.1</ele>
      </trkpt>
      <trkpt lat="42.81724" lon="17.76795">
        <ele>138.6</ele>
      </trkpt>
      <trkpt lat="42.8173" lon="17.76759">
        <ele>137.0</ele>
      </trkpt>
      <trkpt lat="42.8174" lon="17.76732">
        <ele>135.1</ele>
      </trkpt>
      <trkpt lat="42.81767" lon="17.76667">
        <ele>134.4</ele>
      </trkpt>
      <trkpt lat="42.81794" lon="17.76602">
        <ele>133.7</ele>
      </trkpt>
      <trkpt lat="42.81799" lon="17.76595">
        <ele>133.3</ele>
      </trkpt>
      <trkpt lat="42.81799" lon="17.76595">
        <ele>133.3</ele>
      </trkpt>
      <trkpt lat="42.81841" lon="17.76522">
        <ele>131.0</ele>
      </trkpt>
      <trkpt lat="42.81883" lon="17.7645">
        <ele>131.2</ele>
      </trkpt>
      <trkpt lat="42.81922" lon="17.76378">
        <ele>130.8</ele>
      </trkpt>
      <trkpt lat="42.81962" lon="17.76306">
        <ele>130.1</ele>
      </trkpt>
      <trkpt lat="42.81972" lon="17.76281">
        <ele>128.8</ele>
      </trkpt>
      <trkpt lat="42.81989" lon="17.76213">
        <ele>124.7</ele>
      </trkpt>
      <trkpt lat="42.82006" lon="17.76146">
        <ele>120.7</ele>
      </trkpt>
      <trkpt lat="42.82021" lon="17.76111">
        <ele>119.1</ele>
      </trkpt>
      <trkpt lat="42.82059" lon="17.76038">
        <ele>114.5</ele>
      </trkpt>
      <trkpt lat="42.82104" lon="17.75944">
        <ele>112.1</ele>
      </trkpt>
      <trkpt lat="42.8215" lon="17.7585">
        <ele>111.4</ele>
      </trkpt>
      <trkpt lat="42.82196" lon="17.75756">
        <ele>111.7</ele>
      </trkpt>
      <trkpt lat="42.82242" lon="17.75662">
        <ele>104.9</ele>
      </trkpt>
      <trkpt lat="42.82273" lon="17.75577">
        <ele>102.5</ele>
      </trkpt>
      <trkpt lat="42.82293" lon="17.75506">
        <ele>99.3</ele>
      </trkpt>
      <trkpt lat="42.82312" lon="17.75428">
        <ele>98.3</ele>
      </trkpt>
      <trkpt lat="42.82331" lon="17.75349">
        <ele>93.8</ele>
      </trkpt>
      <trkpt lat="42.82334" lon="17.75308">
        <ele>93.5</ele>
      </trkpt>
      <trkpt lat="42.82336" lon="17.75232">
        <ele>94.1</ele>
      </trkpt>
      <trkpt lat="42.82338" lon="17.75155">
        <ele>91.1</ele>
      </trkpt>
      <trkpt lat="42.82333" lon="17.75131">
        <ele>89.9</ele>
      </trkpt>
      <trkpt lat="42.82312" lon="17.75077">
        <ele>89.6</ele>
      </trkpt>
      <trkpt lat="42.8229" lon="17.75023">
        <ele>88.5</ele>
      </trkpt>
      <trkpt lat="42.82283" lon="17.74988">
        <ele>87.5</ele>
      </trkpt>
      <trkpt lat="42.82277" lon="17.74943">
        <ele>87.3</ele>
      </trkpt>
      <trkpt lat="42.82274" lon="17.74911">
        <ele>86.8</ele>
      </trkpt>
      <trkpt lat="42.82274" lon="17.74884">
        <ele>85.3</ele>
      </trkpt>
      <trkpt lat="42.82276" lon="17.74855">
        <ele>83.6</ele>
      </trkpt>
      <trkpt lat="42.82275" lon="17.74827">
        <ele>82.0</ele>
      </trkpt>
      <trkpt lat="42.82274" lon="17.74808">
        <ele>80.8</ele>
      </trkpt>
      <trkpt lat="42.82271" lon="17.7479">
        <ele>79.8</ele>
      </trkpt>
      <trkpt lat="42.82251" lon="17.74706">
        <ele>76.3</ele>
      </trkpt>
      <trkpt lat="42.82231" lon="17.74623">
        <ele>73.1</ele>
      </trkpt>
      <trkpt lat="42.82211" lon="17.74533">
        <ele>69.4</ele>
      </trkpt>
      <trkpt lat="42.82205" lon="17.74485">
        <ele>67.6</ele>
      </trkpt>
      <trkpt lat="42.82202" lon="17.74445">
        <ele>66.3</ele>
      </trkpt>
      <trkpt lat="42.82201" lon="17.744">
        <ele>64.8</ele>
      </trkpt>
      <trkpt lat="42.82207" lon="17.74278">
        <ele>61.5</ele>
      </trkpt>
      <trkpt lat="42.8221" lon="17.74202">
        <ele>60.2</ele>
      </trkpt>
      <trkpt lat="42.82205" lon="17.7417">
        <ele>59.5</ele>
      </trkpt>
      <trkpt lat="42.822" lon="17.74144">
        <ele>58.6</ele>
      </trkpt>
      <trkpt lat="42.82192" lon="17.74115">
        <ele>57.4</ele>
      </trkpt>
      <trkpt lat="42.82191" lon="17.74105">
        <ele>57.0</ele>
      </trkpt>
      <trkpt lat="42.82192" lon="17.74078">
        <ele>55.9</ele>
      </trkpt>
      <trkpt lat="42.82198" lon="17.74035">
        <ele>54.0</ele>
      </trkpt>
      <trkpt lat="42.82198" lon="17.74025">
        <ele>53.5</ele>
      </trkpt>
      <trkpt lat="42.82195" lon="17.74011">
        <ele>52.6</ele>
      </trkpt>
      <trkpt lat="42.82172" lon="17.73918">
        <ele>49.2</ele>
      </trkpt>
      <trkpt lat="42.82148" lon="17.73825">
        <ele>50.6</ele>
      </trkpt>
      <trkpt lat="42.82139" lon="17.73783">
        <ele>52.4</ele>
      </trkpt>
      <trkpt lat="42.8214" lon="17.73728">
        <ele>54.6</ele>
      </trkpt>
      <trkpt lat="42.82145" lon="17.73687">
        <ele>57.0</ele>
      </trkpt>
      <trkpt lat="42.8216" lon="17.73645">
        <ele>58.0</ele>
      </trkpt>
      <trkpt lat="42.82177" lon="17.73613">
        <ele>59.0</ele>
      </trkpt>
      <trkpt lat="42.82217" lon="17.73563">
        <ele>56.7</ele>
      </trkpt>
      <trkpt lat="42.8223" lon="17.73541">
        <ele>55.3</ele>
      </trkpt>
      <trkpt lat="42.82232" lon="17.73519">
        <ele>55.6</ele>
      </trkpt>
      <trkpt lat="42.82229" lon="17.73498">
        <ele>57.4</ele>
      </trkpt>
      <trkpt lat="42.8221" lon="17.73456">
        <ele>62.9</ele>
      </trkpt>
      <trkpt lat="42.82203" lon="17.73439">
        <ele>64.9</ele>
      </trkpt>
      <trkpt lat="42.82195" lon="17.73374">
        <ele>68.6</ele>
      </trkpt>
      <trkpt lat="42.82184" lon="17.73348">
        <ele>70.8</ele>
      </trkpt>
      <trkpt lat="42.82146" lon="17.73292">
        <ele>75.4</ele>
      </trkpt>
      <trkpt lat="42.82132" lon="17.7327">
        <ele>74.4</ele>
      </trkpt>
      <trkpt lat="42.82116" lon="17.73225">
        <ele>71.3</ele>
      </trkpt>
      <trkpt lat="42.82109" lon="17.73189">
        <ele>69.0</ele>
      </trkpt>
      <trkpt lat="42.82094" lon="17.7312">
        <ele>62.4</ele>
      </trkpt>
      <trkpt lat="42.82086" lon="17.73072">
        <ele>57.3</ele>
      </trkpt>
      <trkpt lat="42.82086" lon="17.7301">
        <ele>55.2</ele>
      </trkpt>
      <trkpt lat="42.82088" lon="17.7298">
        <ele>54.0</ele>
      </trkpt>
      <trkpt lat="42.82092" lon="17.72945">
        <ele>52.5</ele>
      </trkpt>
      <trkpt lat="42.82104" lon="17.72864">
        <ele>47.6</ele>
      </trkpt>
      <trkpt lat="42.82117" lon="17.72783">
        <ele>43.9</ele>
      </trkpt>
      <trkpt lat="42.8213" lon="17.72707">
        <ele>41.1</ele>
      </trkpt>
      <trkpt lat="42.82148" lon="17.72632">
        <ele>36.1</ele>
      </trkpt>
      <trkpt lat="42.82164" lon="17.72578">
        <ele>29.5</ele>
      </trkpt>
      <trkpt lat="42.82197" lon="17.72489">
        <ele>27.4</ele>
      </trkpt>
      <trkpt lat="42.82229" lon="17.724">
        <ele>23.9</ele>
      </trkpt>
      <trkpt lat="42.82245" lon="17.7235">
        <ele>22.0</ele>
      </trkpt>
      <trkpt lat="42.82269" lon="17.72281">
        <ele>22.3</ele>
      </trkpt>
      <trkpt lat="42.82283" lon="17.7223">
        <ele>21.7</ele>
      </trkpt>
      <trkpt lat="42.82288" lon="17.72196">
        <ele>20.7</ele>
      </trkpt>
      <trkpt lat="42.82291" lon="17.7215">
        <ele>18.7</ele>
      </trkpt>
      <trkpt lat="42.82285" lon="17.72092">
        <ele>15.0</ele>
      </trkpt>
      <trkpt lat="42.82293" lon="17.7202">
        <ele>9.9</ele>
      </trkpt>
      <trkpt lat="42.82297" lon="17.71999">
        <ele>8.5</ele>
      </trkpt>
      <trkpt lat="42.8231" lon="17.71971">
        <ele>9.4</ele>
      </trkpt>
      <trkpt lat="42.82332" lon="17.71918">
        <ele>8.9</ele>
      </trkpt>
      <trkpt lat="42.82352" lon="17.71828">
        <ele>4.9</ele>
      </trkpt>
      <trkpt lat="42.82353" lon="17.71797">
        <ele>4.7</ele>
      </trkpt>
      <trkpt lat="42.82346" lon="17.71748">
        <ele>2.6</ele>
      </trkpt>
      <trkpt lat="42.82347" lon="17.71716">
        <ele>2.6</ele>
      </trkpt>
      <trkpt lat="42.82369" lon="17.71639">
        <ele>5.0</ele>
      </trkpt>
      <trkpt lat="42.82391" lon="17.71562">
        <ele>5.9</ele>
      </trkpt>
      <trkpt lat="42.82414" lon="17.71468">
        <ele>5.3</ele>
      </trkpt>
      <trkpt lat="42.82438" lon="17.71374">
        <ele>4.6</ele>
      </trkpt>
      <trkpt lat="42.82474" lon="17.71287">
        <ele>6.4</ele>
      </trkpt>
      <trkpt lat="42.8251" lon="17.7122">
        <ele>7.2</ele>
      </trkpt>
      <trkpt lat="42.82545" lon="17.71153">
        <ele>7.5</ele>
      </trkpt>
      <trkpt lat="42.82584" lon="17.71062">
        <ele>5.2</ele>
      </trkpt>
      <trkpt lat="42.82604" lon="17.7101">
        <ele>3.0</ele>
      </trkpt>
      <trkpt lat="42.82633" lon="17.70953">
        <ele>3.7</ele>
      </trkpt>
      <trkpt lat="42.82683" lon="17.70875">
        <ele>3.8</ele>
      </trkpt>
      <trkpt lat="42.82734" lon="17.70796">
        <ele>6.5</ele>
      </trkpt>
      <trkpt lat="42.82754" lon="17.70757">
        <ele>6.9</ele>
      </trkpt>
      <trkpt lat="42.82773" lon="17.70706">
        <ele>6.0</ele>
      </trkpt>
      <trkpt lat="42.82784" lon="17.70681">
        <ele>5.6</ele>
      </trkpt>
      <trkpt lat="42.82815" lon="17.70636">
        <ele>6.8</ele>
      </trkpt>
      <trkpt lat="42.82846" lon="17.70592">
        <ele>8.0</ele>
      </trkpt>
      <trkpt lat="42.82891" lon="17.70522">
        <ele>6.9</ele>
      </trkpt>
      <trkpt lat="42.82935" lon="17.70453">
        <ele>5.6</ele>
      </trkpt>
      <trkpt lat="42.8298" lon="17.70384">
        <ele>5.7</ele>
      </trkpt>
      <trkpt lat="42.83037" lon="17.70305">
        <ele>6.0</ele>
      </trkpt>
      <trkpt lat="42.83097" lon="17.70233">
        <ele>5.2</ele>
      </trkpt>
      <trkpt lat="42.83137" lon="17.70173">
        <ele>4.9</ele>
      </trkpt>
      <trkpt lat="42.83176" lon="17.70123">
        <ele>6.3</ele>
      </trkpt>
      <trkpt lat="42.83229" lon="17.70072">
        <ele>6.4</ele>
      </trkpt>
      <trkpt lat="42.83288" lon="17.70021">
        <ele>5.9</ele>
      </trkpt>
      <trkpt lat="42.83328" lon="17.69991">
        <ele>4.7</ele>
      </trkpt>
      <trkpt lat="42.83368" lon="17.69961">
        <ele>5.7</ele>
      </trkpt>
      <trkpt lat="42.83404" lon="17.69939">
        <ele>4.6</ele>
      </trkpt>
      <trkpt lat="42.83452" lon="17.69917">
        <ele>2.8</ele>
      </trkpt>
      <trkpt lat="42.83494" lon="17.69895">
        <ele>2.1</ele>
      </trkpt>
      <trkpt lat="42.83519" lon="17.69877">
        <ele>1.9</ele>
      </trkpt>
      <trkpt lat="42.83562" lon="17.6986">
        <ele>2.4</ele>
      </trkpt>
      <trkpt lat="42.83598" lon="17.69855">
        <ele>2.9</ele>
      </trkpt>
      <trkpt lat="42.83655" lon="17.69856">
        <ele>4.1</ele>
      </trkpt>
      <trkpt lat="42.83727" lon="17.69856">
        <ele>6.7</ele>
      </trkpt>
      <trkpt lat="42.83764" lon="17.69847">
        <ele>6.1</ele>
      </trkpt>
      <trkpt lat="42.83772" lon="17.6984">
        <ele>4.6</ele>
      </trkpt>
      <trkpt lat="42.83774" lon="17.69836">
        <ele>3.7</ele>
      </trkpt>
      <trkpt lat="42.83774" lon="17.69823">
        <ele>2.8</ele>
      </trkpt>
      <trkpt lat="42.83772" lon="17.69722">
        <ele>1.3</ele>
      </trkpt>
      <trkpt lat="42.8375" lon="17.69723">
        <ele>0.9</ele>
      </trkpt>
      <trkpt lat="42.83729" lon="17.69723">
        <ele>0.6</ele>
      </trkpt>
      <trkpt lat="42.83729" lon="17.69708">
        <ele>1.0</ele>
      </trkpt>
      <trkpt lat="42.8373" lon="17.69701">
        <ele>1.2</ele>
      </trkpt>
      <trkpt lat="42.83731" lon="17.69682">
        <ele>1.8</ele>
      </trkpt>
      <trkpt lat="42.83735" lon="17.69651">
        <ele>2.3</ele>
      </trkpt>
      <trkpt lat="42.83739" lon="17.6963">
        <ele>2.2</ele>
      </trkpt>
      <trkpt lat="42.83746" lon="17.69619">
        <ele>2.3</ele>
      </trkpt>
      <trkpt lat="42.83751" lon="17.69613">
        <ele>2.4</ele>
      </trkpt>
      <trkpt lat="42.83757" lon="17.69608">
        <ele>2.5</ele>
      </trkpt>
      <trkpt lat="42.8377" lon="17.69582">
        <ele>2.7</ele>
      </trkpt>
      <trkpt lat="42.83776" lon="17.6956">
        <ele>3.1</ele>
      </trkpt>
      <trkpt lat="42.83783" lon="17.69549">
        <ele>3.5</ele>
      </trkpt>
      <trkpt lat="42.83774" lon="17.6954">
        <ele>3.1</ele>
      </trkpt>
      <trkpt lat="42.83771" lon="17.69539">
        <ele>3.0</ele>
      </trkpt>
      <trkpt lat="42.83773" lon="17.69535">
        <ele>3.1</ele>
      </trkpt>
    </trkseg>
  </trk>
</gpx>
