<?xml version="1.0" encoding="UTF-8"?>
<gpx xmlns:gpxdata="http://www.cluetrust.com/XML/GPXDATA/1/0" xmlns:xsi="http://www.w3.org/2001/XMLSchema-instance" xmlns="http://www.topografix.com/GPX/1/1" version="1.1" creator="http://ridewithgps.com/" xsi:schemaLocation="http://www.topografix.com/GPX/1/1 http://www.topografix.com/GPX/1/1/gpx.xsd http://www.cluetrust.com/XML/GPXDATA/1/0 http://www.cluetrust.com/Schemas/gpxdata10.xsd">
  <metadata>
    <name>Hvar 1 Loop</name>
    <link href="https://ridewithgps.com/routes/54922072">
      <text>Hvar 1 Loop</text>
    </link>
    <time>2026-05-02T02:17:20Z</time>
  </metadata>
  <wpt lat="43.17225" lon="16.441379">
    <name>Join Original Route</name>
    <cmt>generic</cmt>
    <sym>Dot</sym>
    <type>generic</type>
  </wpt>
  <trk>
    <name>Hvar 1 Loop</name>
    <trkseg>
      <trkpt lat="43.17227" lon="16.44137">
        <ele>9.2</ele>
      </trkpt>
      <trkpt lat="43.17227" lon="16.44137">
        <ele>9.2</ele>
      </trkpt>
      <trkpt lat="43.17225" lon="16.441379">
        <ele>9.3</ele>
      </trkpt>
      <trkpt lat="43.17225" lon="16.441379">
        <ele>9.3</ele>
      </trkpt>
      <trkpt lat="43.172398" lon="16.442032">
        <ele>11.9</ele>
      </trkpt>
      <trkpt lat="43.172398" lon="16.442032">
        <ele>11.9</ele>
      </trkpt>
      <trkpt lat="43.172373" lon="16.442772">
        <ele>12.7</ele>
      </trkpt>
      <trkpt lat="43.172373" lon="16.442772">
        <ele>12.7</ele>
      </trkpt>
      <trkpt lat="43.172433" lon="16.443736">
        <ele>10.1</ele>
      </trkpt>
      <trkpt lat="43.172433" lon="16.443736">
        <ele>10.1</ele>
      </trkpt>
      <trkpt lat="43.17252" lon="16.444128">
        <ele>8.2</ele>
      </trkpt>
      <trkpt lat="43.17252" lon="16.444128">
        <ele>8.2</ele>
      </trkpt>
      <trkpt lat="43.172562" lon="16.444445">
        <ele>8.3</ele>
      </trkpt>
      <trkpt lat="43.172562" lon="16.444445">
        <ele>8.3</ele>
      </trkpt>
      <trkpt lat="43.172597" lon="16.444551">
        <ele>8.4</ele>
      </trkpt>
      <trkpt lat="43.172597" lon="16.444551">
        <ele>8.4</ele>
      </trkpt>
      <trkpt lat="43.172933" lon="16.444583">
        <ele>9.6</ele>
      </trkpt>
      <trkpt lat="43.172933" lon="16.444583">
        <ele>9.6</ele>
      </trkpt>
      <trkpt lat="43.173267" lon="16.444645">
        <ele>10.5</ele>
      </trkpt>
      <trkpt lat="43.173267" lon="16.444645">
        <ele>10.5</ele>
      </trkpt>
      <trkpt lat="43.173483" lon="16.44471">
        <ele>11.3</ele>
      </trkpt>
      <trkpt lat="43.173483" lon="16.44471">
        <ele>11.3</ele>
      </trkpt>
      <trkpt lat="43.173593" lon="16.444755">
        <ele>11.7</ele>
      </trkpt>
      <trkpt lat="43.173593" lon="16.444755">
        <ele>11.7</ele>
      </trkpt>
      <trkpt lat="43.17366" lon="16.44487">
        <ele>11.4</ele>
      </trkpt>
      <trkpt lat="43.17366" lon="16.44487">
        <ele>11.4</ele>
      </trkpt>
      <trkpt lat="43.173714" lon="16.444913">
        <ele>11.4</ele>
      </trkpt>
      <trkpt lat="43.173714" lon="16.444913">
        <ele>11.4</ele>
      </trkpt>
      <trkpt lat="43.173781" lon="16.444875">
        <ele>12.0</ele>
      </trkpt>
      <trkpt lat="43.173781" lon="16.444875">
        <ele>12.0</ele>
      </trkpt>
      <trkpt lat="43.173926" lon="16.444797">
        <ele>13.3</ele>
      </trkpt>
      <trkpt lat="43.173926" lon="16.444797">
        <ele>13.3</ele>
      </trkpt>
      <trkpt lat="43.174024" lon="16.444773">
        <ele>14.1</ele>
      </trkpt>
      <trkpt lat="43.174024" lon="16.444773">
        <ele>14.1</ele>
      </trkpt>
      <trkpt lat="43.174098" lon="16.444792">
        <ele>14.4</ele>
      </trkpt>
      <trkpt lat="43.174098" lon="16.444792">
        <ele>14.4</ele>
      </trkpt>
      <trkpt lat="43.174174" lon="16.444811">
        <ele>14.7</ele>
      </trkpt>
      <trkpt lat="43.174174" lon="16.444811">
        <ele>14.7</ele>
      </trkpt>
      <trkpt lat="43.17427" lon="16.444821">
        <ele>15.7</ele>
      </trkpt>
      <trkpt lat="43.17449" lon="16.44483">
        <ele>18.2</ele>
      </trkpt>
      <trkpt lat="43.17449" lon="16.44483">
        <ele>18.2</ele>
      </trkpt>
      <trkpt lat="43.17455" lon="16.44484">
        <ele>18.9</ele>
      </trkpt>
      <trkpt lat="43.17474" lon="16.44478">
        <ele>20.9</ele>
      </trkpt>
      <trkpt lat="43.17474" lon="16.44478">
        <ele>20.9</ele>
      </trkpt>
      <trkpt lat="43.17478" lon="16.444759">
        <ele>21.2</ele>
      </trkpt>
      <trkpt lat="43.17496" lon="16.44464">
        <ele>21.8</ele>
      </trkpt>
      <trkpt lat="43.17496" lon="16.44464">
        <ele>21.8</ele>
      </trkpt>
      <trkpt lat="43.17505" lon="16.444569">
        <ele>22.0</ele>
      </trkpt>
      <trkpt lat="43.17517" lon="16.44452">
        <ele>22.8</ele>
      </trkpt>
      <trkpt lat="43.17554" lon="16.44452">
        <ele>27.3</ele>
      </trkpt>
      <trkpt lat="43.17598" lon="16.44436">
        <ele>30.0</ele>
      </trkpt>
      <trkpt lat="43.1762" lon="16.44423">
        <ele>31.7</ele>
      </trkpt>
      <trkpt lat="43.17645" lon="16.44385">
        <ele>32.5</ele>
      </trkpt>
      <trkpt lat="43.17653" lon="16.44366">
        <ele>31.5</ele>
      </trkpt>
      <trkpt lat="43.17653" lon="16.44366">
        <ele>31.5</ele>
      </trkpt>
      <trkpt lat="43.17657" lon="16.44356">
        <ele>30.7</ele>
      </trkpt>
      <trkpt lat="43.17673" lon="16.442969">
        <ele>26.7</ele>
      </trkpt>
      <trkpt lat="43.17695" lon="16.442799">
        <ele>27.8</ele>
      </trkpt>
      <trkpt lat="43.17705" lon="16.442779">
        <ele>28.7</ele>
      </trkpt>
      <trkpt lat="43.17714" lon="16.44283">
        <ele>30.3</ele>
      </trkpt>
      <trkpt lat="43.17727" lon="16.442979">
        <ele>34.1</ele>
      </trkpt>
      <trkpt lat="43.1773" lon="16.44303">
        <ele>35.3</ele>
      </trkpt>
      <trkpt lat="43.1773" lon="16.44303">
        <ele>35.3</ele>
      </trkpt>
      <trkpt lat="43.17732" lon="16.443079">
        <ele>36.4</ele>
      </trkpt>
      <trkpt lat="43.1774" lon="16.44318">
        <ele>39.4</ele>
      </trkpt>
      <trkpt lat="43.17759" lon="16.44332">
        <ele>45.3</ele>
      </trkpt>
      <trkpt lat="43.17776" lon="16.44333">
        <ele>48.3</ele>
      </trkpt>
      <trkpt lat="43.17789" lon="16.4433">
        <ele>49.8</ele>
      </trkpt>
      <trkpt lat="43.17799" lon="16.44323">
        <ele>50.0</ele>
      </trkpt>
      <trkpt lat="43.17852" lon="16.44244">
        <ele>41.1</ele>
      </trkpt>
      <trkpt lat="43.17858" lon="16.44238">
        <ele>42.1</ele>
      </trkpt>
      <trkpt lat="43.17864" lon="16.44236">
        <ele>42.9</ele>
      </trkpt>
      <trkpt lat="43.17892" lon="16.44246">
        <ele>46.3</ele>
      </trkpt>
      <trkpt lat="43.17923" lon="16.442329">
        <ele>49.1</ele>
      </trkpt>
      <trkpt lat="43.17943" lon="16.442229">
        <ele>50.1</ele>
      </trkpt>
      <trkpt lat="43.17981" lon="16.44235">
        <ele>55.9</ele>
      </trkpt>
      <trkpt lat="43.17996" lon="16.442229">
        <ele>55.4</ele>
      </trkpt>
      <trkpt lat="43.18017" lon="16.44202">
        <ele>53.3</ele>
      </trkpt>
      <trkpt lat="43.18034" lon="16.44183">
        <ele>51.7</ele>
      </trkpt>
      <trkpt lat="43.1804" lon="16.4418">
        <ele>51.9</ele>
      </trkpt>
      <trkpt lat="43.18044" lon="16.44181">
        <ele>52.5</ele>
      </trkpt>
      <trkpt lat="43.18069" lon="16.442129">
        <ele>59.4</ele>
      </trkpt>
      <trkpt lat="43.18082" lon="16.44226">
        <ele>62.0</ele>
      </trkpt>
      <trkpt lat="43.18103" lon="16.44255">
        <ele>64.8</ele>
      </trkpt>
      <trkpt lat="43.1812" lon="16.44283">
        <ele>68.7</ele>
      </trkpt>
      <trkpt lat="43.1813" lon="16.44293">
        <ele>69.5</ele>
      </trkpt>
      <trkpt lat="43.18143" lon="16.442979">
        <ele>68.9</ele>
      </trkpt>
      <trkpt lat="43.18171" lon="16.44293">
        <ele>66.5</ele>
      </trkpt>
      <trkpt lat="43.18178" lon="16.442979">
        <ele>68.5</ele>
      </trkpt>
      <trkpt lat="43.18193" lon="16.44337">
        <ele>74.9</ele>
      </trkpt>
      <trkpt lat="43.18194" lon="16.44347">
        <ele>75.5</ele>
      </trkpt>
      <trkpt lat="43.18179" lon="16.44406">
        <ele>76.0</ele>
      </trkpt>
      <trkpt lat="43.1817" lon="16.44453">
        <ele>75.1</ele>
      </trkpt>
      <trkpt lat="43.18168" lon="16.44482">
        <ele>74.4</ele>
      </trkpt>
      <trkpt lat="43.18167" lon="16.44526">
        <ele>75.9</ele>
      </trkpt>
      <trkpt lat="43.18167" lon="16.44526">
        <ele>75.9</ele>
      </trkpt>
      <trkpt lat="43.18169" lon="16.4454">
        <ele>77.2</ele>
      </trkpt>
      <trkpt lat="43.18177" lon="16.445599">
        <ele>79.5</ele>
      </trkpt>
      <trkpt lat="43.18198" lon="16.44592">
        <ele>83.0</ele>
      </trkpt>
      <trkpt lat="43.18202" lon="16.44601">
        <ele>83.6</ele>
      </trkpt>
      <trkpt lat="43.18203" lon="16.44615">
        <ele>84.2</ele>
      </trkpt>
      <trkpt lat="43.18196" lon="16.4465">
        <ele>85.7</ele>
      </trkpt>
      <trkpt lat="43.18198" lon="16.44685">
        <ele>86.5</ele>
      </trkpt>
      <trkpt lat="43.18203" lon="16.447009">
        <ele>86.1</ele>
      </trkpt>
      <trkpt lat="43.18252" lon="16.447849">
        <ele>81.0</ele>
      </trkpt>
      <trkpt lat="43.18301" lon="16.44869">
        <ele>94.3</ele>
      </trkpt>
      <trkpt lat="43.18302" lon="16.44877">
        <ele>94.7</ele>
      </trkpt>
      <trkpt lat="43.18297" lon="16.448889">
        <ele>94.2</ele>
      </trkpt>
      <trkpt lat="43.18283" lon="16.44896">
        <ele>92.3</ele>
      </trkpt>
      <trkpt lat="43.18254" lon="16.449">
        <ele>88.0</ele>
      </trkpt>
      <trkpt lat="43.18247" lon="16.44909">
        <ele>88.2</ele>
      </trkpt>
      <trkpt lat="43.18212" lon="16.44976">
        <ele>93.1</ele>
      </trkpt>
      <trkpt lat="43.182" lon="16.450019">
        <ele>93.2</ele>
      </trkpt>
      <trkpt lat="43.18203" lon="16.45019">
        <ele>94.0</ele>
      </trkpt>
      <trkpt lat="43.18211" lon="16.45034">
        <ele>95.5</ele>
      </trkpt>
      <trkpt lat="43.18241" lon="16.45054">
        <ele>100.3</ele>
      </trkpt>
      <trkpt lat="43.18255" lon="16.4508">
        <ele>102.4</ele>
      </trkpt>
      <trkpt lat="43.18289" lon="16.45184">
        <ele>105.6</ele>
      </trkpt>
      <trkpt lat="43.18294" lon="16.45197">
        <ele>106.3</ele>
      </trkpt>
      <trkpt lat="43.18304" lon="16.452089">
        <ele>107.6</ele>
      </trkpt>
      <trkpt lat="43.18345" lon="16.45239">
        <ele>112.1</ele>
      </trkpt>
      <trkpt lat="43.18378" lon="16.45277">
        <ele>112.3</ele>
      </trkpt>
      <trkpt lat="43.18394" lon="16.45287">
        <ele>112.9</ele>
      </trkpt>
      <trkpt lat="43.18448" lon="16.45309">
        <ele>117.7</ele>
      </trkpt>
      <trkpt lat="43.18459" lon="16.45316">
        <ele>118.9</ele>
      </trkpt>
      <trkpt lat="43.18472" lon="16.45332">
        <ele>119.7</ele>
      </trkpt>
      <trkpt lat="43.18475" lon="16.453399">
        <ele>120.0</ele>
      </trkpt>
      <trkpt lat="43.18475" lon="16.453399">
        <ele>120.0</ele>
      </trkpt>
      <trkpt lat="43.18486" lon="16.45365">
        <ele>121.3</ele>
      </trkpt>
      <trkpt lat="43.18495" lon="16.45397">
        <ele>122.4</ele>
      </trkpt>
      <trkpt lat="43.18497" lon="16.4546">
        <ele>124.5</ele>
      </trkpt>
      <trkpt lat="43.18493" lon="16.455369">
        <ele>126.6</ele>
      </trkpt>
      <trkpt lat="43.18506" lon="16.45591">
        <ele>129.7</ele>
      </trkpt>
      <trkpt lat="43.18542" lon="16.45666">
        <ele>136.0</ele>
      </trkpt>
      <trkpt lat="43.18578" lon="16.45741">
        <ele>142.8</ele>
      </trkpt>
      <trkpt lat="43.18578" lon="16.45741">
        <ele>142.8</ele>
      </trkpt>
      <trkpt lat="43.18606" lon="16.457999">
        <ele>145.0</ele>
      </trkpt>
      <trkpt lat="43.18634" lon="16.45859">
        <ele>147.6</ele>
      </trkpt>
      <trkpt lat="43.18674" lon="16.45937">
        <ele>154.0</ele>
      </trkpt>
      <trkpt lat="43.18686" lon="16.46019">
        <ele>158.3</ele>
      </trkpt>
      <trkpt lat="43.18688" lon="16.46136">
        <ele>160.2</ele>
      </trkpt>
      <trkpt lat="43.18693" lon="16.46192">
        <ele>163.2</ele>
      </trkpt>
      <trkpt lat="43.18699" lon="16.46228">
        <ele>165.8</ele>
      </trkpt>
      <trkpt lat="43.18711" lon="16.46263">
        <ele>169.6</ele>
      </trkpt>
      <trkpt lat="43.18742" lon="16.463339">
        <ele>172.8</ele>
      </trkpt>
      <trkpt lat="43.18774" lon="16.46405">
        <ele>176.4</ele>
      </trkpt>
      <trkpt lat="43.18798" lon="16.46449">
        <ele>181.1</ele>
      </trkpt>
      <trkpt lat="43.18812" lon="16.46488">
        <ele>182.0</ele>
      </trkpt>
      <trkpt lat="43.18821" lon="16.465309">
        <ele>182.9</ele>
      </trkpt>
      <trkpt lat="43.18827" lon="16.46574">
        <ele>183.7</ele>
      </trkpt>
      <trkpt lat="43.18829" lon="16.466149">
        <ele>182.9</ele>
      </trkpt>
      <trkpt lat="43.18833" lon="16.46649">
        <ele>182.6</ele>
      </trkpt>
      <trkpt lat="43.18843" lon="16.466819">
        <ele>182.7</ele>
      </trkpt>
      <trkpt lat="43.18868" lon="16.467199">
        <ele>183.9</ele>
      </trkpt>
      <trkpt lat="43.18906" lon="16.467569">
        <ele>186.5</ele>
      </trkpt>
      <trkpt lat="43.18945" lon="16.46783">
        <ele>190.3</ele>
      </trkpt>
      <trkpt lat="43.19006" lon="16.468139">
        <ele>196.3</ele>
      </trkpt>
      <trkpt lat="43.19027" lon="16.46828">
        <ele>197.0</ele>
      </trkpt>
      <trkpt lat="43.19047" lon="16.468499">
        <ele>198.3</ele>
      </trkpt>
      <trkpt lat="43.19065" lon="16.46881">
        <ele>199.9</ele>
      </trkpt>
      <trkpt lat="43.191" lon="16.46968">
        <ele>202.5</ele>
      </trkpt>
      <trkpt lat="43.19124" lon="16.47032">
        <ele>203.8</ele>
      </trkpt>
      <trkpt lat="43.19149" lon="16.47096">
        <ele>205.7</ele>
      </trkpt>
      <trkpt lat="43.19183" lon="16.47183">
        <ele>206.5</ele>
      </trkpt>
      <trkpt lat="43.19218" lon="16.47271">
        <ele>209.1</ele>
      </trkpt>
      <trkpt lat="43.19253" lon="16.473579">
        <ele>211.9</ele>
      </trkpt>
      <trkpt lat="43.19268" lon="16.47392">
        <ele>213.6</ele>
      </trkpt>
      <trkpt lat="43.19281" lon="16.4743">
        <ele>216.0</ele>
      </trkpt>
      <trkpt lat="43.19281" lon="16.474499">
        <ele>217.4</ele>
      </trkpt>
      <trkpt lat="43.19276" lon="16.47478">
        <ele>219.1</ele>
      </trkpt>
      <trkpt lat="43.19249" lon="16.47585">
        <ele>226.1</ele>
      </trkpt>
      <trkpt lat="43.19246" lon="16.47625">
        <ele>228.3</ele>
      </trkpt>
      <trkpt lat="43.19246" lon="16.47665">
        <ele>230.7</ele>
      </trkpt>
      <trkpt lat="43.19264" lon="16.47772">
        <ele>232.7</ele>
      </trkpt>
      <trkpt lat="43.19283" lon="16.47879">
        <ele>237.5</ele>
      </trkpt>
      <trkpt lat="43.19302" lon="16.479869">
        <ele>246.5</ele>
      </trkpt>
      <trkpt lat="43.19302" lon="16.479869">
        <ele>246.5</ele>
      </trkpt>
      <trkpt lat="43.19303" lon="16.47991">
        <ele>246.8</ele>
      </trkpt>
      <trkpt lat="43.19296" lon="16.480429">
        <ele>250.0</ele>
      </trkpt>
      <trkpt lat="43.19292" lon="16.48066">
        <ele>251.4</ele>
      </trkpt>
      <trkpt lat="43.19281" lon="16.48077">
        <ele>251.9</ele>
      </trkpt>
      <trkpt lat="43.19209" lon="16.481069">
        <ele>255.6</ele>
      </trkpt>
      <trkpt lat="43.19137" lon="16.48138">
        <ele>262.6</ele>
      </trkpt>
      <trkpt lat="43.19122" lon="16.48138">
        <ele>264.1</ele>
      </trkpt>
      <trkpt lat="43.19075" lon="16.48096">
        <ele>266.1</ele>
      </trkpt>
      <trkpt lat="43.19028" lon="16.48054">
        <ele>267.7</ele>
      </trkpt>
      <trkpt lat="43.19005" lon="16.480419">
        <ele>268.5</ele>
      </trkpt>
      <trkpt lat="43.18985" lon="16.48035">
        <ele>269.1</ele>
      </trkpt>
      <trkpt lat="43.18968" lon="16.48025">
        <ele>268.6</ele>
      </trkpt>
      <trkpt lat="43.18959" lon="16.48025">
        <ele>269.2</ele>
      </trkpt>
      <trkpt lat="43.18955" lon="16.48031">
        <ele>270.4</ele>
      </trkpt>
      <trkpt lat="43.18952" lon="16.48044">
        <ele>272.9</ele>
      </trkpt>
      <trkpt lat="43.1896" lon="16.480599">
        <ele>274.9</ele>
      </trkpt>
      <trkpt lat="43.18973" lon="16.48072">
        <ele>275.8</ele>
      </trkpt>
      <trkpt lat="43.19009" lon="16.481359">
        <ele>281.0</ele>
      </trkpt>
      <trkpt lat="43.19044" lon="16.482">
        <ele>284.0</ele>
      </trkpt>
      <trkpt lat="43.19059" lon="16.48235">
        <ele>286.9</ele>
      </trkpt>
      <trkpt lat="43.19075" lon="16.48303">
        <ele>293.0</ele>
      </trkpt>
      <trkpt lat="43.19075" lon="16.48347">
        <ele>297.2</ele>
      </trkpt>
      <trkpt lat="43.19068" lon="16.48414">
        <ele>300.0</ele>
      </trkpt>
      <trkpt lat="43.19061" lon="16.48482">
        <ele>300.9</ele>
      </trkpt>
      <trkpt lat="43.19043" lon="16.48572">
        <ele>308.3</ele>
      </trkpt>
      <trkpt lat="43.1904" lon="16.48639">
        <ele>313.9</ele>
      </trkpt>
      <trkpt lat="43.19046" lon="16.48658">
        <ele>314.7</ele>
      </trkpt>
      <trkpt lat="43.19046" lon="16.48658">
        <ele>314.7</ele>
      </trkpt>
      <trkpt lat="43.19092" lon="16.487089">
        <ele>311.8</ele>
      </trkpt>
      <trkpt lat="43.19107" lon="16.487449">
        <ele>311.8</ele>
      </trkpt>
      <trkpt lat="43.1913" lon="16.48818">
        <ele>314.3</ele>
      </trkpt>
      <trkpt lat="43.19142" lon="16.48847">
        <ele>315.3</ele>
      </trkpt>
      <trkpt lat="43.19196" lon="16.4893">
        <ele>315.7</ele>
      </trkpt>
      <trkpt lat="43.192" lon="16.48949">
        <ele>315.6</ele>
      </trkpt>
      <trkpt lat="43.19191" lon="16.490459">
        <ele>317.9</ele>
      </trkpt>
      <trkpt lat="43.19175" lon="16.49128">
        <ele>320.2</ele>
      </trkpt>
      <trkpt lat="43.1916" lon="16.4921">
        <ele>323.3</ele>
      </trkpt>
      <trkpt lat="43.19149" lon="16.49286">
        <ele>325.8</ele>
      </trkpt>
      <trkpt lat="43.19144" lon="16.49308">
        <ele>326.4</ele>
      </trkpt>
      <trkpt lat="43.19098" lon="16.494">
        <ele>333.0</ele>
      </trkpt>
      <trkpt lat="43.19052" lon="16.49492">
        <ele>336.9</ele>
      </trkpt>
      <trkpt lat="43.19005" lon="16.495819">
        <ele>343.3</ele>
      </trkpt>
      <trkpt lat="43.18975" lon="16.496479">
        <ele>345.7</ele>
      </trkpt>
      <trkpt lat="43.18958" lon="16.4967">
        <ele>346.8</ele>
      </trkpt>
      <trkpt lat="43.18891" lon="16.49709">
        <ele>350.2</ele>
      </trkpt>
      <trkpt lat="43.18858" lon="16.497219">
        <ele>352.7</ele>
      </trkpt>
      <trkpt lat="43.18815" lon="16.49748">
        <ele>355.4</ele>
      </trkpt>
      <trkpt lat="43.18791" lon="16.497699">
        <ele>355.4</ele>
      </trkpt>
      <trkpt lat="43.18757" lon="16.49784">
        <ele>357.7</ele>
      </trkpt>
      <trkpt lat="43.18722" lon="16.498159">
        <ele>358.8</ele>
      </trkpt>
      <trkpt lat="43.1867" lon="16.49861">
        <ele>363.2</ele>
      </trkpt>
      <trkpt lat="43.18648" lon="16.49933">
        <ele>361.3</ele>
      </trkpt>
      <trkpt lat="43.18621" lon="16.49996">
        <ele>364.4</ele>
      </trkpt>
      <trkpt lat="43.18608" lon="16.5003">
        <ele>365.6</ele>
      </trkpt>
      <trkpt lat="43.18603" lon="16.50058">
        <ele>365.7</ele>
      </trkpt>
      <trkpt lat="43.18615" lon="16.50152">
        <ele>367.5</ele>
      </trkpt>
      <trkpt lat="43.18615" lon="16.50188">
        <ele>368.5</ele>
      </trkpt>
      <trkpt lat="43.18611" lon="16.502199">
        <ele>369.3</ele>
      </trkpt>
      <trkpt lat="43.18587" lon="16.50306">
        <ele>369.7</ele>
      </trkpt>
      <trkpt lat="43.18563" lon="16.50392">
        <ele>371.3</ele>
      </trkpt>
      <trkpt lat="43.18538" lon="16.50479">
        <ele>373.5</ele>
      </trkpt>
      <trkpt lat="43.18537" lon="16.50495">
        <ele>373.9</ele>
      </trkpt>
      <trkpt lat="43.18525" lon="16.50555">
        <ele>377.0</ele>
      </trkpt>
      <trkpt lat="43.18514" lon="16.50615">
        <ele>379.9</ele>
      </trkpt>
      <trkpt lat="43.18482" lon="16.507069">
        <ele>382.4</ele>
      </trkpt>
      <trkpt lat="43.18427" lon="16.50804">
        <ele>384.3</ele>
      </trkpt>
      <trkpt lat="43.18373" lon="16.50901">
        <ele>389.6</ele>
      </trkpt>
      <trkpt lat="43.18323" lon="16.50948">
        <ele>388.4</ele>
      </trkpt>
      <trkpt lat="43.18317" lon="16.50966">
        <ele>388.4</ele>
      </trkpt>
      <trkpt lat="43.18314" lon="16.51002">
        <ele>389.3</ele>
      </trkpt>
      <trkpt lat="43.18313" lon="16.51077">
        <ele>390.5</ele>
      </trkpt>
      <trkpt lat="43.18311" lon="16.51152">
        <ele>391.9</ele>
      </trkpt>
      <trkpt lat="43.18335" lon="16.51217">
        <ele>394.3</ele>
      </trkpt>
      <trkpt lat="43.18359" lon="16.512709">
        <ele>393.3</ele>
      </trkpt>
      <trkpt lat="43.18383" lon="16.51302">
        <ele>393.4</ele>
      </trkpt>
      <trkpt lat="43.18438" lon="16.5132">
        <ele>397.4</ele>
      </trkpt>
      <trkpt lat="43.18487" lon="16.51321">
        <ele>399.1</ele>
      </trkpt>
      <trkpt lat="43.1851" lon="16.51338">
        <ele>399.5</ele>
      </trkpt>
      <trkpt lat="43.18518" lon="16.513549">
        <ele>399.5</ele>
      </trkpt>
      <trkpt lat="43.18521" lon="16.51368">
        <ele>399.3</ele>
      </trkpt>
      <trkpt lat="43.18516" lon="16.51369">
        <ele>398.9</ele>
      </trkpt>
      <trkpt lat="43.18518" lon="16.513819">
        <ele>398.7</ele>
      </trkpt>
      <trkpt lat="43.1852" lon="16.51403">
        <ele>398.3</ele>
      </trkpt>
      <trkpt lat="43.18516" lon="16.51425">
        <ele>398.0</ele>
      </trkpt>
      <trkpt lat="43.18507" lon="16.51446">
        <ele>398.3</ele>
      </trkpt>
      <trkpt lat="43.18491" lon="16.514869">
        <ele>399.8</ele>
      </trkpt>
      <trkpt lat="43.18465" lon="16.51545">
        <ele>400.7</ele>
      </trkpt>
      <trkpt lat="43.1844" lon="16.51603">
        <ele>401.1</ele>
      </trkpt>
      <trkpt lat="43.1842" lon="16.51643">
        <ele>401.3</ele>
      </trkpt>
      <trkpt lat="43.18404" lon="16.5168">
        <ele>401.1</ele>
      </trkpt>
      <trkpt lat="43.18403" lon="16.516829">
        <ele>401.1</ele>
      </trkpt>
      <trkpt lat="43.18395" lon="16.51704">
        <ele>401.5</ele>
      </trkpt>
      <trkpt lat="43.18386" lon="16.51729">
        <ele>402.3</ele>
      </trkpt>
      <trkpt lat="43.18368" lon="16.51751">
        <ele>402.6</ele>
      </trkpt>
      <trkpt lat="43.18348" lon="16.51771">
        <ele>402.5</ele>
      </trkpt>
      <trkpt lat="43.18329" lon="16.517859">
        <ele>402.3</ele>
      </trkpt>
      <trkpt lat="43.18297" lon="16.517969">
        <ele>401.2</ele>
      </trkpt>
      <trkpt lat="43.18295" lon="16.517969">
        <ele>401.1</ele>
      </trkpt>
      <trkpt lat="43.18279" lon="16.51802">
        <ele>400.7</ele>
      </trkpt>
      <trkpt lat="43.18276" lon="16.51803">
        <ele>400.7</ele>
      </trkpt>
      <trkpt lat="43.18263" lon="16.51811">
        <ele>401.1</ele>
      </trkpt>
      <trkpt lat="43.1825" lon="16.51819">
        <ele>401.8</ele>
      </trkpt>
      <trkpt lat="43.18246" lon="16.51822">
        <ele>402.0</ele>
      </trkpt>
      <trkpt lat="43.18235" lon="16.51828">
        <ele>402.1</ele>
      </trkpt>
      <trkpt lat="43.18229" lon="16.51831">
        <ele>402.2</ele>
      </trkpt>
      <trkpt lat="43.1821" lon="16.51847">
        <ele>402.1</ele>
      </trkpt>
      <trkpt lat="43.18193" lon="16.51859">
        <ele>401.5</ele>
      </trkpt>
      <trkpt lat="43.18182" lon="16.51873">
        <ele>401.4</ele>
      </trkpt>
      <trkpt lat="43.18176" lon="16.51885">
        <ele>401.4</ele>
      </trkpt>
      <trkpt lat="43.18173" lon="16.518899">
        <ele>401.4</ele>
      </trkpt>
      <trkpt lat="43.18166" lon="16.51906">
        <ele>401.3</ele>
      </trkpt>
      <trkpt lat="43.18163" lon="16.51912">
        <ele>400.7</ele>
      </trkpt>
      <trkpt lat="43.18158" lon="16.519269">
        <ele>400.8</ele>
      </trkpt>
      <trkpt lat="43.1815" lon="16.5195">
        <ele>401.4</ele>
      </trkpt>
      <trkpt lat="43.18146" lon="16.51961">
        <ele>401.7</ele>
      </trkpt>
      <trkpt lat="43.18134" lon="16.51997">
        <ele>402.8</ele>
      </trkpt>
      <trkpt lat="43.18129" lon="16.52013">
        <ele>403.7</ele>
      </trkpt>
      <trkpt lat="43.18115" lon="16.520309">
        <ele>402.6</ele>
      </trkpt>
      <trkpt lat="43.181" lon="16.52045">
        <ele>401.0</ele>
      </trkpt>
      <trkpt lat="43.18084" lon="16.520579">
        <ele>399.3</ele>
      </trkpt>
      <trkpt lat="43.18078" lon="16.52072">
        <ele>400.2</ele>
      </trkpt>
      <trkpt lat="43.18075" lon="16.52089">
        <ele>402.3</ele>
      </trkpt>
      <trkpt lat="43.18074" lon="16.521">
        <ele>403.9</ele>
      </trkpt>
      <trkpt lat="43.18074" lon="16.52107">
        <ele>405.0</ele>
      </trkpt>
      <trkpt lat="43.18074" lon="16.52112">
        <ele>405.9</ele>
      </trkpt>
      <trkpt lat="43.18072" lon="16.52121">
        <ele>406.8</ele>
      </trkpt>
      <trkpt lat="43.1807" lon="16.52129">
        <ele>407.7</ele>
      </trkpt>
      <trkpt lat="43.18066" lon="16.521429">
        <ele>409.1</ele>
      </trkpt>
      <trkpt lat="43.18055" lon="16.521609">
        <ele>409.8</ele>
      </trkpt>
      <trkpt lat="43.18041" lon="16.52176">
        <ele>409.9</ele>
      </trkpt>
      <trkpt lat="43.18024" lon="16.52184">
        <ele>408.4</ele>
      </trkpt>
      <trkpt lat="43.18007" lon="16.52186">
        <ele>405.7</ele>
      </trkpt>
      <trkpt lat="43.17997" lon="16.52182">
        <ele>402.9</ele>
      </trkpt>
      <trkpt lat="43.17985" lon="16.521799">
        <ele>401.3</ele>
      </trkpt>
      <trkpt lat="43.17969" lon="16.52173">
        <ele>398.4</ele>
      </trkpt>
      <trkpt lat="43.17949" lon="16.52167">
        <ele>396.0</ele>
      </trkpt>
      <trkpt lat="43.17934" lon="16.52164">
        <ele>394.4</ele>
      </trkpt>
      <trkpt lat="43.17925" lon="16.52167">
        <ele>394.5</ele>
      </trkpt>
      <trkpt lat="43.17918" lon="16.52177">
        <ele>395.0</ele>
      </trkpt>
      <trkpt lat="43.17915" lon="16.52183">
        <ele>395.0</ele>
      </trkpt>
      <trkpt lat="43.17913" lon="16.521909">
        <ele>395.1</ele>
      </trkpt>
      <trkpt lat="43.17912" lon="16.52203">
        <ele>395.8</ele>
      </trkpt>
      <trkpt lat="43.17911" lon="16.52223">
        <ele>397.0</ele>
      </trkpt>
      <trkpt lat="43.17907" lon="16.522459">
        <ele>397.4</ele>
      </trkpt>
      <trkpt lat="43.17901" lon="16.522649">
        <ele>396.9</ele>
      </trkpt>
      <trkpt lat="43.17894" lon="16.522829">
        <ele>396.2</ele>
      </trkpt>
      <trkpt lat="43.17894" lon="16.522849">
        <ele>396.4</ele>
      </trkpt>
      <trkpt lat="43.17888" lon="16.523029">
        <ele>396.1</ele>
      </trkpt>
      <trkpt lat="43.17887" lon="16.52305">
        <ele>396.0</ele>
      </trkpt>
      <trkpt lat="43.17883" lon="16.52324">
        <ele>396.6</ele>
      </trkpt>
      <trkpt lat="43.17882" lon="16.52324">
        <ele>396.3</ele>
      </trkpt>
      <trkpt lat="43.17881" lon="16.52328">
        <ele>396.3</ele>
      </trkpt>
      <trkpt lat="43.17873" lon="16.52351">
        <ele>394.7</ele>
      </trkpt>
      <trkpt lat="43.17856" lon="16.523779">
        <ele>391.8</ele>
      </trkpt>
      <trkpt lat="43.17833" lon="16.52394">
        <ele>389.2</ele>
      </trkpt>
      <trkpt lat="43.17811" lon="16.52408">
        <ele>387.8</ele>
      </trkpt>
      <trkpt lat="43.17789" lon="16.5242">
        <ele>386.0</ele>
      </trkpt>
      <trkpt lat="43.17772" lon="16.52431">
        <ele>383.7</ele>
      </trkpt>
      <trkpt lat="43.17763" lon="16.524429">
        <ele>382.8</ele>
      </trkpt>
      <trkpt lat="43.1776" lon="16.5245">
        <ele>382.5</ele>
      </trkpt>
      <trkpt lat="43.17758" lon="16.524539">
        <ele>382.4</ele>
      </trkpt>
      <trkpt lat="43.17758" lon="16.52458">
        <ele>382.5</ele>
      </trkpt>
      <trkpt lat="43.17759" lon="16.52461">
        <ele>382.6</ele>
      </trkpt>
      <trkpt lat="43.1776" lon="16.52483">
        <ele>382.8</ele>
      </trkpt>
      <trkpt lat="43.17763" lon="16.52503">
        <ele>382.7</ele>
      </trkpt>
      <trkpt lat="43.17763" lon="16.52507">
        <ele>382.6</ele>
      </trkpt>
      <trkpt lat="43.17766" lon="16.52524">
        <ele>381.7</ele>
      </trkpt>
      <trkpt lat="43.17767" lon="16.52531">
        <ele>381.3</ele>
      </trkpt>
      <trkpt lat="43.17769" lon="16.52542">
        <ele>380.5</ele>
      </trkpt>
      <trkpt lat="43.1777" lon="16.5255">
        <ele>380.0</ele>
      </trkpt>
      <trkpt lat="43.1777" lon="16.52555">
        <ele>379.7</ele>
      </trkpt>
      <trkpt lat="43.17771" lon="16.52558">
        <ele>379.4</ele>
      </trkpt>
      <trkpt lat="43.17769" lon="16.52569">
        <ele>379.1</ele>
      </trkpt>
      <trkpt lat="43.17763" lon="16.525849">
        <ele>379.5</ele>
      </trkpt>
      <trkpt lat="43.17755" lon="16.52595">
        <ele>381.4</ele>
      </trkpt>
      <trkpt lat="43.17745" lon="16.52606">
        <ele>382.3</ele>
      </trkpt>
      <trkpt lat="43.17729" lon="16.52623">
        <ele>382.0</ele>
      </trkpt>
      <trkpt lat="43.17725" lon="16.52627">
        <ele>382.0</ele>
      </trkpt>
      <trkpt lat="43.1771" lon="16.52639">
        <ele>382.4</ele>
      </trkpt>
      <trkpt lat="43.17703" lon="16.52644">
        <ele>382.8</ele>
      </trkpt>
      <trkpt lat="43.17691" lon="16.52648">
        <ele>383.0</ele>
      </trkpt>
      <trkpt lat="43.17679" lon="16.526509">
        <ele>383.2</ele>
      </trkpt>
      <trkpt lat="43.17675" lon="16.526509">
        <ele>383.1</ele>
      </trkpt>
      <trkpt lat="43.1766" lon="16.526489">
        <ele>382.2</ele>
      </trkpt>
      <trkpt lat="43.17657" lon="16.526489">
        <ele>382.0</ele>
      </trkpt>
      <trkpt lat="43.17639" lon="16.52646">
        <ele>380.2</ele>
      </trkpt>
      <trkpt lat="43.17622" lon="16.526509">
        <ele>380.0</ele>
      </trkpt>
      <trkpt lat="43.17606" lon="16.52661">
        <ele>380.6</ele>
      </trkpt>
      <trkpt lat="43.17586" lon="16.52672">
        <ele>380.2</ele>
      </trkpt>
      <trkpt lat="43.17573" lon="16.526779">
        <ele>378.8</ele>
      </trkpt>
      <trkpt lat="43.17561" lon="16.5268">
        <ele>377.4</ele>
      </trkpt>
      <trkpt lat="43.17545" lon="16.52676">
        <ele>375.9</ele>
      </trkpt>
      <trkpt lat="43.17529" lon="16.52656">
        <ele>375.1</ele>
      </trkpt>
      <trkpt lat="43.17525" lon="16.526499">
        <ele>374.7</ele>
      </trkpt>
      <trkpt lat="43.17516" lon="16.52633">
        <ele>374.2</ele>
      </trkpt>
      <trkpt lat="43.17515" lon="16.526309">
        <ele>374.2</ele>
      </trkpt>
      <trkpt lat="43.17505" lon="16.526129">
        <ele>374.7</ele>
      </trkpt>
      <trkpt lat="43.17505" lon="16.52591">
        <ele>375.2</ele>
      </trkpt>
      <trkpt lat="43.17509" lon="16.52539">
        <ele>373.8</ele>
      </trkpt>
      <trkpt lat="43.17512" lon="16.525099">
        <ele>372.4</ele>
      </trkpt>
      <trkpt lat="43.17515" lon="16.524629">
        <ele>370.2</ele>
      </trkpt>
      <trkpt lat="43.17516" lon="16.52455">
        <ele>369.7</ele>
      </trkpt>
      <trkpt lat="43.17515" lon="16.524439">
        <ele>369.6</ele>
      </trkpt>
      <trkpt lat="43.17515" lon="16.52438">
        <ele>369.4</ele>
      </trkpt>
      <trkpt lat="43.17513" lon="16.52414">
        <ele>369.1</ele>
      </trkpt>
      <trkpt lat="43.17512" lon="16.5241">
        <ele>369.0</ele>
      </trkpt>
      <trkpt lat="43.17496" lon="16.52345">
        <ele>368.1</ele>
      </trkpt>
      <trkpt lat="43.17476" lon="16.52288">
        <ele>360.7</ele>
      </trkpt>
      <trkpt lat="43.17446" lon="16.52243">
        <ele>357.1</ele>
      </trkpt>
      <trkpt lat="43.17441" lon="16.52239">
        <ele>357.1</ele>
      </trkpt>
      <trkpt lat="43.17432" lon="16.522279">
        <ele>356.8</ele>
      </trkpt>
      <trkpt lat="43.17425" lon="16.52223">
        <ele>357.2</ele>
      </trkpt>
      <trkpt lat="43.17416" lon="16.52221">
        <ele>358.1</ele>
      </trkpt>
      <trkpt lat="43.1741" lon="16.52222">
        <ele>357.5</ele>
      </trkpt>
      <trkpt lat="43.17403" lon="16.52226">
        <ele>357.2</ele>
      </trkpt>
      <trkpt lat="43.17393" lon="16.52233">
        <ele>357.0</ele>
      </trkpt>
      <trkpt lat="43.17377" lon="16.52245">
        <ele>356.6</ele>
      </trkpt>
      <trkpt lat="43.17342" lon="16.52269">
        <ele>355.5</ele>
      </trkpt>
      <trkpt lat="43.17303" lon="16.52296">
        <ele>350.0</ele>
      </trkpt>
      <trkpt lat="43.17302" lon="16.52298">
        <ele>350.0</ele>
      </trkpt>
      <trkpt lat="43.17292" lon="16.523119">
        <ele>349.0</ele>
      </trkpt>
      <trkpt lat="43.17292" lon="16.523129">
        <ele>349.2</ele>
      </trkpt>
      <trkpt lat="43.1729" lon="16.52316">
        <ele>349.0</ele>
      </trkpt>
      <trkpt lat="43.17281" lon="16.52337">
        <ele>349.0</ele>
      </trkpt>
      <trkpt lat="43.1728" lon="16.52339">
        <ele>348.9</ele>
      </trkpt>
      <trkpt lat="43.17272" lon="16.52366">
        <ele>349.6</ele>
      </trkpt>
      <trkpt lat="43.17259" lon="16.52401">
        <ele>349.8</ele>
      </trkpt>
      <trkpt lat="43.17246" lon="16.52449">
        <ele>351.5</ele>
      </trkpt>
      <trkpt lat="43.17244" lon="16.52456">
        <ele>351.6</ele>
      </trkpt>
      <trkpt lat="43.17242" lon="16.524619">
        <ele>351.7</ele>
      </trkpt>
      <trkpt lat="43.17241" lon="16.52468">
        <ele>352.1</ele>
      </trkpt>
      <trkpt lat="43.17233" lon="16.52497">
        <ele>352.9</ele>
      </trkpt>
      <trkpt lat="43.17209" lon="16.52567">
        <ele>355.3</ele>
      </trkpt>
      <trkpt lat="43.17184" lon="16.52633">
        <ele>358.5</ele>
      </trkpt>
      <trkpt lat="43.17164" lon="16.52682">
        <ele>361.5</ele>
      </trkpt>
      <trkpt lat="43.17142" lon="16.52731">
        <ele>363.8</ele>
      </trkpt>
      <trkpt lat="43.17139" lon="16.527349">
        <ele>363.8</ele>
      </trkpt>
      <trkpt lat="43.17129" lon="16.52755">
        <ele>364.3</ele>
      </trkpt>
      <trkpt lat="43.17121" lon="16.52769">
        <ele>364.4</ele>
      </trkpt>
      <trkpt lat="43.17098" lon="16.52817">
        <ele>365.7</ele>
      </trkpt>
      <trkpt lat="43.17087" lon="16.52845">
        <ele>366.6</ele>
      </trkpt>
      <trkpt lat="43.17078" lon="16.5288">
        <ele>368.7</ele>
      </trkpt>
      <trkpt lat="43.1707" lon="16.52917">
        <ele>371.5</ele>
      </trkpt>
      <trkpt lat="43.17059" lon="16.529779">
        <ele>375.0</ele>
      </trkpt>
      <trkpt lat="43.17054" lon="16.53002">
        <ele>376.4</ele>
      </trkpt>
      <trkpt lat="43.17054" lon="16.53003">
        <ele>376.4</ele>
      </trkpt>
      <trkpt lat="43.17046" lon="16.5303">
        <ele>377.2</ele>
      </trkpt>
      <trkpt lat="43.17039" lon="16.53048">
        <ele>377.7</ele>
      </trkpt>
      <trkpt lat="43.17023" lon="16.530919">
        <ele>378.3</ele>
      </trkpt>
      <trkpt lat="43.17017" lon="16.531089">
        <ele>378.0</ele>
      </trkpt>
      <trkpt lat="43.16995" lon="16.5317">
        <ele>379.8</ele>
      </trkpt>
      <trkpt lat="43.16992" lon="16.53191">
        <ele>379.5</ele>
      </trkpt>
      <trkpt lat="43.16992" lon="16.53209">
        <ele>378.7</ele>
      </trkpt>
      <trkpt lat="43.16993" lon="16.53237">
        <ele>377.2</ele>
      </trkpt>
      <trkpt lat="43.16997" lon="16.53276">
        <ele>372.9</ele>
      </trkpt>
      <trkpt lat="43.16997" lon="16.53293">
        <ele>371.1</ele>
      </trkpt>
      <trkpt lat="43.16997" lon="16.53296">
        <ele>370.8</ele>
      </trkpt>
      <trkpt lat="43.16994" lon="16.5331">
        <ele>370.0</ele>
      </trkpt>
      <trkpt lat="43.1699" lon="16.53314">
        <ele>370.6</ele>
      </trkpt>
      <trkpt lat="43.16986" lon="16.5332">
        <ele>370.9</ele>
      </trkpt>
      <trkpt lat="43.16977" lon="16.53327">
        <ele>372.5</ele>
      </trkpt>
      <trkpt lat="43.16975" lon="16.53328">
        <ele>372.9</ele>
      </trkpt>
      <trkpt lat="43.16963" lon="16.53337">
        <ele>374.5</ele>
      </trkpt>
      <trkpt lat="43.16956" lon="16.5334">
        <ele>375.6</ele>
      </trkpt>
      <trkpt lat="43.16949" lon="16.53347">
        <ele>375.7</ele>
      </trkpt>
      <trkpt lat="43.16945" lon="16.53358">
        <ele>374.0</ele>
      </trkpt>
      <trkpt lat="43.16941" lon="16.5337">
        <ele>372.1</ele>
      </trkpt>
      <trkpt lat="43.16937" lon="16.5339">
        <ele>368.1</ele>
      </trkpt>
      <trkpt lat="43.16931" lon="16.53405">
        <ele>365.5</ele>
      </trkpt>
      <trkpt lat="43.16925" lon="16.53413">
        <ele>364.5</ele>
      </trkpt>
      <trkpt lat="43.1692" lon="16.53415">
        <ele>364.9</ele>
      </trkpt>
      <trkpt lat="43.16916" lon="16.53416">
        <ele>365.2</ele>
      </trkpt>
      <trkpt lat="43.16905" lon="16.53417">
        <ele>365.3</ele>
      </trkpt>
      <trkpt lat="43.16891" lon="16.53418">
        <ele>365.5</ele>
      </trkpt>
      <trkpt lat="43.16868" lon="16.53417">
        <ele>366.7</ele>
      </trkpt>
      <trkpt lat="43.16849" lon="16.534199">
        <ele>366.5</ele>
      </trkpt>
      <trkpt lat="43.16835" lon="16.53427">
        <ele>365.0</ele>
      </trkpt>
      <trkpt lat="43.16826" lon="16.53433">
        <ele>362.8</ele>
      </trkpt>
      <trkpt lat="43.16821" lon="16.534389">
        <ele>361.0</ele>
      </trkpt>
      <trkpt lat="43.16815" lon="16.53446">
        <ele>359.0</ele>
      </trkpt>
      <trkpt lat="43.16806" lon="16.53459">
        <ele>356.0</ele>
      </trkpt>
      <trkpt lat="43.16802" lon="16.53468">
        <ele>354.2</ele>
      </trkpt>
      <trkpt lat="43.16795" lon="16.53483">
        <ele>351.7</ele>
      </trkpt>
      <trkpt lat="43.16791" lon="16.53498">
        <ele>349.4</ele>
      </trkpt>
      <trkpt lat="43.16783" lon="16.53526">
        <ele>347.1</ele>
      </trkpt>
      <trkpt lat="43.16781" lon="16.53537">
        <ele>346.3</ele>
      </trkpt>
      <trkpt lat="43.16779" lon="16.53549">
        <ele>345.5</ele>
      </trkpt>
      <trkpt lat="43.16776" lon="16.53587">
        <ele>342.5</ele>
      </trkpt>
      <trkpt lat="43.16775" lon="16.53596">
        <ele>341.8</ele>
      </trkpt>
      <trkpt lat="43.16774" lon="16.53605">
        <ele>341.1</ele>
      </trkpt>
      <trkpt lat="43.16773" lon="16.53612">
        <ele>340.6</ele>
      </trkpt>
      <trkpt lat="43.16771" lon="16.53618">
        <ele>340.6</ele>
      </trkpt>
      <trkpt lat="43.16752" lon="16.53671">
        <ele>341.8</ele>
      </trkpt>
      <trkpt lat="43.16743" lon="16.53704">
        <ele>338.4</ele>
      </trkpt>
      <trkpt lat="43.16739" lon="16.53724">
        <ele>336.2</ele>
      </trkpt>
      <trkpt lat="43.16739" lon="16.5374">
        <ele>335.0</ele>
      </trkpt>
      <trkpt lat="43.16739" lon="16.53755">
        <ele>334.4</ele>
      </trkpt>
      <trkpt lat="43.16737" lon="16.53768">
        <ele>334.8</ele>
      </trkpt>
      <trkpt lat="43.16735" lon="16.5378">
        <ele>335.3</ele>
      </trkpt>
      <trkpt lat="43.16735" lon="16.53792">
        <ele>335.9</ele>
      </trkpt>
      <trkpt lat="43.16734" lon="16.53807">
        <ele>336.6</ele>
      </trkpt>
      <trkpt lat="43.16735" lon="16.53819">
        <ele>337.1</ele>
      </trkpt>
      <trkpt lat="43.1674" lon="16.5384">
        <ele>338.2</ele>
      </trkpt>
      <trkpt lat="43.16742" lon="16.53848">
        <ele>339.1</ele>
      </trkpt>
      <trkpt lat="43.16747" lon="16.538699">
        <ele>341.4</ele>
      </trkpt>
      <trkpt lat="43.16755" lon="16.53892">
        <ele>341.2</ele>
      </trkpt>
      <trkpt lat="43.16788" lon="16.5397">
        <ele>336.1</ele>
      </trkpt>
      <trkpt lat="43.16818" lon="16.54036">
        <ele>328.2</ele>
      </trkpt>
      <trkpt lat="43.16826" lon="16.540579">
        <ele>325.8</ele>
      </trkpt>
      <trkpt lat="43.1683" lon="16.54075">
        <ele>325.1</ele>
      </trkpt>
      <trkpt lat="43.16834" lon="16.54091">
        <ele>323.3</ele>
      </trkpt>
      <trkpt lat="43.16836" lon="16.541049">
        <ele>321.5</ele>
      </trkpt>
      <trkpt lat="43.16837" lon="16.54116">
        <ele>320.4</ele>
      </trkpt>
      <trkpt lat="43.16837" lon="16.54127">
        <ele>319.9</ele>
      </trkpt>
      <trkpt lat="43.16836" lon="16.54136">
        <ele>320.0</ele>
      </trkpt>
      <trkpt lat="43.16836" lon="16.541419">
        <ele>319.7</ele>
      </trkpt>
      <trkpt lat="43.16832" lon="16.541699">
        <ele>321.0</ele>
      </trkpt>
      <trkpt lat="43.16829" lon="16.54192">
        <ele>323.3</ele>
      </trkpt>
      <trkpt lat="43.16827" lon="16.54216">
        <ele>325.0</ele>
      </trkpt>
      <trkpt lat="43.16828" lon="16.54232">
        <ele>324.5</ele>
      </trkpt>
      <trkpt lat="43.1683" lon="16.542459">
        <ele>323.3</ele>
      </trkpt>
      <trkpt lat="43.16832" lon="16.542539">
        <ele>322.3</ele>
      </trkpt>
      <trkpt lat="43.16845" lon="16.54308">
        <ele>319.4</ele>
      </trkpt>
      <trkpt lat="43.16862" lon="16.54371">
        <ele>314.6</ele>
      </trkpt>
      <trkpt lat="43.16871" lon="16.543959">
        <ele>312.2</ele>
      </trkpt>
      <trkpt lat="43.16878" lon="16.544149">
        <ele>310.7</ele>
      </trkpt>
      <trkpt lat="43.16879" lon="16.54418">
        <ele>310.4</ele>
      </trkpt>
      <trkpt lat="43.16888" lon="16.54444">
        <ele>305.5</ele>
      </trkpt>
      <trkpt lat="43.1689" lon="16.5445">
        <ele>304.5</ele>
      </trkpt>
      <trkpt lat="43.16891" lon="16.54463">
        <ele>304.0</ele>
      </trkpt>
      <trkpt lat="43.16892" lon="16.54469">
        <ele>303.6</ele>
      </trkpt>
      <trkpt lat="43.16892" lon="16.54482">
        <ele>303.5</ele>
      </trkpt>
      <trkpt lat="43.16892" lon="16.54488">
        <ele>303.5</ele>
      </trkpt>
      <trkpt lat="43.16891" lon="16.544989">
        <ele>303.9</ele>
      </trkpt>
      <trkpt lat="43.1689" lon="16.54504">
        <ele>303.6</ele>
      </trkpt>
      <trkpt lat="43.16888" lon="16.54515">
        <ele>302.5</ele>
      </trkpt>
      <trkpt lat="43.16887" lon="16.54521">
        <ele>301.9</ele>
      </trkpt>
      <trkpt lat="43.16886" lon="16.54525">
        <ele>301.6</ele>
      </trkpt>
      <trkpt lat="43.16882" lon="16.54535">
        <ele>301.4</ele>
      </trkpt>
      <trkpt lat="43.16873" lon="16.54553">
        <ele>301.5</ele>
      </trkpt>
      <trkpt lat="43.16864" lon="16.5457">
        <ele>301.5</ele>
      </trkpt>
      <trkpt lat="43.16855" lon="16.545839">
        <ele>301.8</ele>
      </trkpt>
      <trkpt lat="43.16848" lon="16.54594">
        <ele>302.2</ele>
      </trkpt>
      <trkpt lat="43.16841" lon="16.54604">
        <ele>302.6</ele>
      </trkpt>
      <trkpt lat="43.16838" lon="16.546119">
        <ele>302.0</ele>
      </trkpt>
      <trkpt lat="43.16836" lon="16.54617">
        <ele>301.7</ele>
      </trkpt>
      <trkpt lat="43.16832" lon="16.54628">
        <ele>301.0</ele>
      </trkpt>
      <trkpt lat="43.16819" lon="16.546589">
        <ele>300.5</ele>
      </trkpt>
      <trkpt lat="43.16813" lon="16.54672">
        <ele>300.4</ele>
      </trkpt>
      <trkpt lat="43.16801" lon="16.54697">
        <ele>299.7</ele>
      </trkpt>
      <trkpt lat="43.16779" lon="16.54731">
        <ele>300.9</ele>
      </trkpt>
      <trkpt lat="43.16778" lon="16.54735">
        <ele>300.4</ele>
      </trkpt>
      <trkpt lat="43.16769" lon="16.54757">
        <ele>299.0</ele>
      </trkpt>
      <trkpt lat="43.1676" lon="16.54785">
        <ele>296.9</ele>
      </trkpt>
      <trkpt lat="43.16755" lon="16.54801">
        <ele>295.9</ele>
      </trkpt>
      <trkpt lat="43.16748" lon="16.54824">
        <ele>294.9</ele>
      </trkpt>
      <trkpt lat="43.1674" lon="16.54849">
        <ele>293.9</ele>
      </trkpt>
      <trkpt lat="43.16734" lon="16.5487">
        <ele>292.3</ele>
      </trkpt>
      <trkpt lat="43.16729" lon="16.54886">
        <ele>291.4</ele>
      </trkpt>
      <trkpt lat="43.16728" lon="16.548929">
        <ele>290.3</ele>
      </trkpt>
      <trkpt lat="43.16721" lon="16.54918">
        <ele>288.5</ele>
      </trkpt>
      <trkpt lat="43.16716" lon="16.54945">
        <ele>287.4</ele>
      </trkpt>
      <trkpt lat="43.1671" lon="16.54988">
        <ele>284.7</ele>
      </trkpt>
      <trkpt lat="43.16708" lon="16.550139">
        <ele>282.3</ele>
      </trkpt>
      <trkpt lat="43.16707" lon="16.550419">
        <ele>278.9</ele>
      </trkpt>
      <trkpt lat="43.16704" lon="16.55063">
        <ele>277.4</ele>
      </trkpt>
      <trkpt lat="43.16701" lon="16.55078">
        <ele>276.6</ele>
      </trkpt>
      <trkpt lat="43.16694" lon="16.551089">
        <ele>274.1</ele>
      </trkpt>
      <trkpt lat="43.1669" lon="16.55124">
        <ele>273.1</ele>
      </trkpt>
      <trkpt lat="43.16683" lon="16.551469">
        <ele>271.8</ele>
      </trkpt>
      <trkpt lat="43.16681" lon="16.551549">
        <ele>271.2</ele>
      </trkpt>
      <trkpt lat="43.1668" lon="16.55159">
        <ele>270.8</ele>
      </trkpt>
      <trkpt lat="43.16672" lon="16.55181">
        <ele>270.5</ele>
      </trkpt>
      <trkpt lat="43.16665" lon="16.552">
        <ele>270.5</ele>
      </trkpt>
      <trkpt lat="43.16664" lon="16.552029">
        <ele>270.4</ele>
      </trkpt>
      <trkpt lat="43.1666" lon="16.55214">
        <ele>270.2</ele>
      </trkpt>
      <trkpt lat="43.16657" lon="16.552209">
        <ele>270.1</ele>
      </trkpt>
      <trkpt lat="43.16651" lon="16.55234">
        <ele>270.0</ele>
      </trkpt>
      <trkpt lat="43.16647" lon="16.55242">
        <ele>269.9</ele>
      </trkpt>
      <trkpt lat="43.16646" lon="16.55245">
        <ele>269.6</ele>
      </trkpt>
      <trkpt lat="43.16637" lon="16.55262">
        <ele>268.7</ele>
      </trkpt>
      <trkpt lat="43.16636" lon="16.55265">
        <ele>268.3</ele>
      </trkpt>
      <trkpt lat="43.1663" lon="16.55274">
        <ele>268.0</ele>
      </trkpt>
      <trkpt lat="43.16626" lon="16.55282">
        <ele>267.1</ele>
      </trkpt>
      <trkpt lat="43.16619" lon="16.55293">
        <ele>266.3</ele>
      </trkpt>
      <trkpt lat="43.16614" lon="16.55301">
        <ele>265.6</ele>
      </trkpt>
      <trkpt lat="43.16613" lon="16.55303">
        <ele>265.3</ele>
      </trkpt>
      <trkpt lat="43.16602" lon="16.55319">
        <ele>263.7</ele>
      </trkpt>
      <trkpt lat="43.16601" lon="16.55321">
        <ele>263.4</ele>
      </trkpt>
      <trkpt lat="43.16595" lon="16.5533">
        <ele>262.3</ele>
      </trkpt>
      <trkpt lat="43.16587" lon="16.55337">
        <ele>262.2</ele>
      </trkpt>
      <trkpt lat="43.16579" lon="16.553429">
        <ele>262.2</ele>
      </trkpt>
      <trkpt lat="43.16571" lon="16.55349">
        <ele>262.1</ele>
      </trkpt>
      <trkpt lat="43.16562" lon="16.553529">
        <ele>262.6</ele>
      </trkpt>
      <trkpt lat="43.16558" lon="16.55355">
        <ele>262.8</ele>
      </trkpt>
      <trkpt lat="43.16556" lon="16.55355">
        <ele>263.2</ele>
      </trkpt>
      <trkpt lat="43.1655" lon="16.55357">
        <ele>263.6</ele>
      </trkpt>
      <trkpt lat="43.16546" lon="16.55358">
        <ele>264.1</ele>
      </trkpt>
      <trkpt lat="43.16539" lon="16.55359">
        <ele>265.0</ele>
      </trkpt>
      <trkpt lat="43.16538" lon="16.55359">
        <ele>265.2</ele>
      </trkpt>
      <trkpt lat="43.16525" lon="16.5536">
        <ele>267.2</ele>
      </trkpt>
      <trkpt lat="43.16521" lon="16.553609">
        <ele>267.6</ele>
      </trkpt>
      <trkpt lat="43.16517" lon="16.553619">
        <ele>267.9</ele>
      </trkpt>
      <trkpt lat="43.16508" lon="16.55365">
        <ele>268.4</ele>
      </trkpt>
      <trkpt lat="43.165" lon="16.55369">
        <ele>268.3</ele>
      </trkpt>
      <trkpt lat="43.16492" lon="16.55374">
        <ele>269.7</ele>
      </trkpt>
      <trkpt lat="43.16488" lon="16.55377">
        <ele>270.3</ele>
      </trkpt>
      <trkpt lat="43.16481" lon="16.55383">
        <ele>271.1</ele>
      </trkpt>
      <trkpt lat="43.16475" lon="16.553909">
        <ele>270.8</ele>
      </trkpt>
      <trkpt lat="43.16471" lon="16.55395">
        <ele>271.2</ele>
      </trkpt>
      <trkpt lat="43.16466" lon="16.55404">
        <ele>270.3</ele>
      </trkpt>
      <trkpt lat="43.1646" lon="16.55413">
        <ele>270.0</ele>
      </trkpt>
      <trkpt lat="43.16452" lon="16.55433">
        <ele>266.0</ele>
      </trkpt>
      <trkpt lat="43.16452" lon="16.55434">
        <ele>265.6</ele>
      </trkpt>
      <trkpt lat="43.16443" lon="16.55453">
        <ele>262.3</ele>
      </trkpt>
      <trkpt lat="43.16442" lon="16.55454">
        <ele>262.3</ele>
      </trkpt>
      <trkpt lat="43.16433" lon="16.55472">
        <ele>259.2</ele>
      </trkpt>
      <trkpt lat="43.16428" lon="16.55482">
        <ele>257.4</ele>
      </trkpt>
      <trkpt lat="43.16422" lon="16.55491">
        <ele>256.3</ele>
      </trkpt>
      <trkpt lat="43.16421" lon="16.554929">
        <ele>256.0</ele>
      </trkpt>
      <trkpt lat="43.1642" lon="16.55495">
        <ele>255.6</ele>
      </trkpt>
      <trkpt lat="43.16419" lon="16.55497">
        <ele>255.2</ele>
      </trkpt>
      <trkpt lat="43.16418" lon="16.55499">
        <ele>254.8</ele>
      </trkpt>
      <trkpt lat="43.16411" lon="16.5551">
        <ele>255.0</ele>
      </trkpt>
      <trkpt lat="43.16409" lon="16.555119">
        <ele>255.5</ele>
      </trkpt>
      <trkpt lat="43.164" lon="16.55526">
        <ele>255.9</ele>
      </trkpt>
      <trkpt lat="43.16397" lon="16.555299">
        <ele>256.2</ele>
      </trkpt>
      <trkpt lat="43.1639" lon="16.55542">
        <ele>255.9</ele>
      </trkpt>
      <trkpt lat="43.16385" lon="16.555489">
        <ele>256.1</ele>
      </trkpt>
      <trkpt lat="43.16379" lon="16.55558">
        <ele>256.1</ele>
      </trkpt>
      <trkpt lat="43.16374" lon="16.555679">
        <ele>255.0</ele>
      </trkpt>
      <trkpt lat="43.16369" lon="16.55576">
        <ele>254.6</ele>
      </trkpt>
      <trkpt lat="43.16364" lon="16.555879">
        <ele>253.1</ele>
      </trkpt>
      <trkpt lat="43.16361" lon="16.555959">
        <ele>252.4</ele>
      </trkpt>
      <trkpt lat="43.16356" lon="16.5561">
        <ele>251.0</ele>
      </trkpt>
      <trkpt lat="43.16352" lon="16.55618">
        <ele>250.7</ele>
      </trkpt>
      <trkpt lat="43.16348" lon="16.55632">
        <ele>248.5</ele>
      </trkpt>
      <trkpt lat="43.16336" lon="16.55665">
        <ele>244.3</ele>
      </trkpt>
      <trkpt lat="43.16322" lon="16.55712">
        <ele>243.2</ele>
      </trkpt>
      <trkpt lat="43.16314" lon="16.55734">
        <ele>243.6</ele>
      </trkpt>
      <trkpt lat="43.16306" lon="16.557559">
        <ele>243.6</ele>
      </trkpt>
      <trkpt lat="43.16297" lon="16.557759">
        <ele>243.7</ele>
      </trkpt>
      <trkpt lat="43.16288" lon="16.55796">
        <ele>242.9</ele>
      </trkpt>
      <trkpt lat="43.16283" lon="16.55806">
        <ele>242.4</ele>
      </trkpt>
      <trkpt lat="43.16282" lon="16.55807">
        <ele>242.6</ele>
      </trkpt>
      <trkpt lat="43.16273" lon="16.55824">
        <ele>241.4</ele>
      </trkpt>
      <trkpt lat="43.16271" lon="16.55827">
        <ele>241.3</ele>
      </trkpt>
      <trkpt lat="43.16259" lon="16.55847">
        <ele>241.1</ele>
      </trkpt>
      <trkpt lat="43.16234" lon="16.558789">
        <ele>243.0</ele>
      </trkpt>
      <trkpt lat="43.16227" lon="16.55889">
        <ele>243.2</ele>
      </trkpt>
      <trkpt lat="43.16219" lon="16.55903">
        <ele>242.6</ele>
      </trkpt>
      <trkpt lat="43.16214" lon="16.55914">
        <ele>241.5</ele>
      </trkpt>
      <trkpt lat="43.16212" lon="16.55919">
        <ele>241.6</ele>
      </trkpt>
      <trkpt lat="43.16208" lon="16.55932">
        <ele>243.0</ele>
      </trkpt>
      <trkpt lat="43.16205" lon="16.5594">
        <ele>244.0</ele>
      </trkpt>
      <trkpt lat="43.16203" lon="16.55947">
        <ele>244.6</ele>
      </trkpt>
      <trkpt lat="43.162" lon="16.55955">
        <ele>245.5</ele>
      </trkpt>
      <trkpt lat="43.16197" lon="16.55961">
        <ele>246.3</ele>
      </trkpt>
      <trkpt lat="43.16196" lon="16.55965">
        <ele>246.5</ele>
      </trkpt>
      <trkpt lat="43.16196" lon="16.55969">
        <ele>246.4</ele>
      </trkpt>
      <trkpt lat="43.16196" lon="16.559729">
        <ele>246.3</ele>
      </trkpt>
      <trkpt lat="43.16196" lon="16.55975">
        <ele>246.2</ele>
      </trkpt>
      <trkpt lat="43.16196" lon="16.55977">
        <ele>246.2</ele>
      </trkpt>
      <trkpt lat="43.16197" lon="16.55979">
        <ele>245.9</ele>
      </trkpt>
      <trkpt lat="43.16197" lon="16.559809">
        <ele>245.8</ele>
      </trkpt>
      <trkpt lat="43.16198" lon="16.55983">
        <ele>245.5</ele>
      </trkpt>
      <trkpt lat="43.16199" lon="16.55984">
        <ele>245.2</ele>
      </trkpt>
      <trkpt lat="43.162" lon="16.55985">
        <ele>244.9</ele>
      </trkpt>
      <trkpt lat="43.162" lon="16.55986">
        <ele>244.9</ele>
      </trkpt>
      <trkpt lat="43.16201" lon="16.55986">
        <ele>244.6</ele>
      </trkpt>
      <trkpt lat="43.16202" lon="16.55987">
        <ele>244.3</ele>
      </trkpt>
      <trkpt lat="43.16203" lon="16.55987">
        <ele>244.0</ele>
      </trkpt>
      <trkpt lat="43.16206" lon="16.55989">
        <ele>243.2</ele>
      </trkpt>
      <trkpt lat="43.16212" lon="16.559899">
        <ele>241.6</ele>
      </trkpt>
      <trkpt lat="43.16214" lon="16.559899">
        <ele>241.0</ele>
      </trkpt>
      <trkpt lat="43.16216" lon="16.559909">
        <ele>240.5</ele>
      </trkpt>
      <trkpt lat="43.1622" lon="16.55994">
        <ele>239.5</ele>
      </trkpt>
      <trkpt lat="43.16223" lon="16.55995">
        <ele>238.7</ele>
      </trkpt>
      <trkpt lat="43.16225" lon="16.55997">
        <ele>238.2</ele>
      </trkpt>
      <trkpt lat="43.16229" lon="16.55998">
        <ele>237.2</ele>
      </trkpt>
      <trkpt lat="43.16232" lon="16.55998">
        <ele>236.5</ele>
      </trkpt>
      <trkpt lat="43.16234" lon="16.55998">
        <ele>236.0</ele>
      </trkpt>
      <trkpt lat="43.16236" lon="16.55998">
        <ele>235.4</ele>
      </trkpt>
      <trkpt lat="43.1624" lon="16.55998">
        <ele>234.4</ele>
      </trkpt>
      <trkpt lat="43.16245" lon="16.55999">
        <ele>233.2</ele>
      </trkpt>
      <trkpt lat="43.16254" lon="16.56002">
        <ele>233.0</ele>
      </trkpt>
      <trkpt lat="43.16266" lon="16.56008">
        <ele>235.9</ele>
      </trkpt>
      <trkpt lat="43.16275" lon="16.56012">
        <ele>237.8</ele>
      </trkpt>
      <trkpt lat="43.16283" lon="16.56015">
        <ele>239.3</ele>
      </trkpt>
      <trkpt lat="43.1629" lon="16.56017">
        <ele>240.3</ele>
      </trkpt>
      <trkpt lat="43.16295" lon="16.56017">
        <ele>240.4</ele>
      </trkpt>
      <trkpt lat="43.16299" lon="16.56016">
        <ele>240.2</ele>
      </trkpt>
      <trkpt lat="43.16304" lon="16.56015">
        <ele>240.0</ele>
      </trkpt>
      <trkpt lat="43.16309" lon="16.56011">
        <ele>238.8</ele>
      </trkpt>
      <trkpt lat="43.16316" lon="16.56007">
        <ele>237.6</ele>
      </trkpt>
      <trkpt lat="43.16341" lon="16.559819">
        <ele>231.1</ele>
      </trkpt>
      <trkpt lat="43.16354" lon="16.55969">
        <ele>228.6</ele>
      </trkpt>
      <trkpt lat="43.16365" lon="16.559629">
        <ele>228.2</ele>
      </trkpt>
      <trkpt lat="43.16378" lon="16.55957">
        <ele>228.0</ele>
      </trkpt>
      <trkpt lat="43.16391" lon="16.55952">
        <ele>228.2</ele>
      </trkpt>
      <trkpt lat="43.16399" lon="16.55946">
        <ele>227.4</ele>
      </trkpt>
      <trkpt lat="43.16406" lon="16.55941">
        <ele>226.8</ele>
      </trkpt>
      <trkpt lat="43.16457" lon="16.55882">
        <ele>214.9</ele>
      </trkpt>
      <trkpt lat="43.16471" lon="16.55867">
        <ele>212.8</ele>
      </trkpt>
      <trkpt lat="43.1648" lon="16.55855">
        <ele>211.1</ele>
      </trkpt>
      <trkpt lat="43.16488" lon="16.55846">
        <ele>210.1</ele>
      </trkpt>
      <trkpt lat="43.16491" lon="16.55842">
        <ele>209.7</ele>
      </trkpt>
      <trkpt lat="43.16493" lon="16.55837">
        <ele>208.9</ele>
      </trkpt>
      <trkpt lat="43.16496" lon="16.558229">
        <ele>205.7</ele>
      </trkpt>
      <trkpt lat="43.16496" lon="16.558209">
        <ele>205.1</ele>
      </trkpt>
      <trkpt lat="43.16497" lon="16.5582">
        <ele>204.9</ele>
      </trkpt>
      <trkpt lat="43.16498" lon="16.55818">
        <ele>204.4</ele>
      </trkpt>
      <trkpt lat="43.16499" lon="16.55818">
        <ele>204.5</ele>
      </trkpt>
      <trkpt lat="43.16501" lon="16.55817">
        <ele>204.1</ele>
      </trkpt>
      <trkpt lat="43.16505" lon="16.55815">
        <ele>202.7</ele>
      </trkpt>
      <trkpt lat="43.16509" lon="16.558129">
        <ele>201.4</ele>
      </trkpt>
      <trkpt lat="43.16513" lon="16.558119">
        <ele>200.3</ele>
      </trkpt>
      <trkpt lat="43.16514" lon="16.558119">
        <ele>200.1</ele>
      </trkpt>
      <trkpt lat="43.16515" lon="16.558119">
        <ele>199.9</ele>
      </trkpt>
      <trkpt lat="43.16516" lon="16.558119">
        <ele>199.7</ele>
      </trkpt>
      <trkpt lat="43.16517" lon="16.558119">
        <ele>199.5</ele>
      </trkpt>
      <trkpt lat="43.16518" lon="16.558129">
        <ele>199.6</ele>
      </trkpt>
      <trkpt lat="43.16519" lon="16.558129">
        <ele>199.4</ele>
      </trkpt>
      <trkpt lat="43.16523" lon="16.55818">
        <ele>200.0</ele>
      </trkpt>
      <trkpt lat="43.16526" lon="16.558219">
        <ele>200.6</ele>
      </trkpt>
      <trkpt lat="43.16528" lon="16.55824">
        <ele>200.7</ele>
      </trkpt>
      <trkpt lat="43.1653" lon="16.55828">
        <ele>201.4</ele>
      </trkpt>
      <trkpt lat="43.16532" lon="16.55836">
        <ele>202.9</ele>
      </trkpt>
      <trkpt lat="43.16536" lon="16.55847">
        <ele>203.6</ele>
      </trkpt>
      <trkpt lat="43.16536" lon="16.55848">
        <ele>203.8</ele>
      </trkpt>
      <trkpt lat="43.16539" lon="16.558599">
        <ele>204.8</ele>
      </trkpt>
      <trkpt lat="43.16541" lon="16.55873">
        <ele>206.1</ele>
      </trkpt>
      <trkpt lat="43.16542" lon="16.55885">
        <ele>207.5</ele>
      </trkpt>
      <trkpt lat="43.16543" lon="16.55895">
        <ele>208.7</ele>
      </trkpt>
      <trkpt lat="43.16543" lon="16.559">
        <ele>209.3</ele>
      </trkpt>
      <trkpt lat="43.16545" lon="16.55921">
        <ele>211.4</ele>
      </trkpt>
      <trkpt lat="43.16549" lon="16.55955">
        <ele>212.8</ele>
      </trkpt>
      <trkpt lat="43.16552" lon="16.55989">
        <ele>214.3</ele>
      </trkpt>
      <trkpt lat="43.16553" lon="16.56007">
        <ele>214.9</ele>
      </trkpt>
      <trkpt lat="43.16555" lon="16.56033">
        <ele>214.3</ele>
      </trkpt>
      <trkpt lat="43.16555" lon="16.56041">
        <ele>214.4</ele>
      </trkpt>
      <trkpt lat="43.16555" lon="16.56045">
        <ele>214.4</ele>
      </trkpt>
      <trkpt lat="43.16556" lon="16.560569">
        <ele>214.1</ele>
      </trkpt>
      <trkpt lat="43.16556" lon="16.56058">
        <ele>214.1</ele>
      </trkpt>
      <trkpt lat="43.16556" lon="16.56082">
        <ele>214.2</ele>
      </trkpt>
      <trkpt lat="43.16557" lon="16.56088">
        <ele>213.7</ele>
      </trkpt>
      <trkpt lat="43.16556" lon="16.5612">
        <ele>213.1</ele>
      </trkpt>
      <trkpt lat="43.16555" lon="16.56149">
        <ele>212.7</ele>
      </trkpt>
      <trkpt lat="43.16554" lon="16.56171">
        <ele>212.3</ele>
      </trkpt>
      <trkpt lat="43.16551" lon="16.56205">
        <ele>212.0</ele>
      </trkpt>
      <trkpt lat="43.16551" lon="16.56213">
        <ele>211.7</ele>
      </trkpt>
      <trkpt lat="43.1655" lon="16.562169">
        <ele>211.9</ele>
      </trkpt>
      <trkpt lat="43.16547" lon="16.56242">
        <ele>211.8</ele>
      </trkpt>
      <trkpt lat="43.16543" lon="16.56304">
        <ele>210.0</ele>
      </trkpt>
      <trkpt lat="43.16542" lon="16.56311">
        <ele>210.0</ele>
      </trkpt>
      <trkpt lat="43.16541" lon="16.56317">
        <ele>210.0</ele>
      </trkpt>
      <trkpt lat="43.1654" lon="16.563279">
        <ele>209.8</ele>
      </trkpt>
      <trkpt lat="43.16537" lon="16.56351">
        <ele>209.1</ele>
      </trkpt>
      <trkpt lat="43.16536" lon="16.56355">
        <ele>209.1</ele>
      </trkpt>
      <trkpt lat="43.1653" lon="16.56381">
        <ele>209.1</ele>
      </trkpt>
      <trkpt lat="43.16521" lon="16.56405">
        <ele>210.6</ele>
      </trkpt>
      <trkpt lat="43.16506" lon="16.56445">
        <ele>215.2</ele>
      </trkpt>
      <trkpt lat="43.16499" lon="16.564609">
        <ele>217.4</ele>
      </trkpt>
      <trkpt lat="43.16499" lon="16.56463">
        <ele>217.3</ele>
      </trkpt>
      <trkpt lat="43.16495" lon="16.56474">
        <ele>218.9</ele>
      </trkpt>
      <trkpt lat="43.16493" lon="16.56483">
        <ele>219.6</ele>
      </trkpt>
      <trkpt lat="43.16493" lon="16.56486">
        <ele>219.5</ele>
      </trkpt>
      <trkpt lat="43.16493" lon="16.564879">
        <ele>219.5</ele>
      </trkpt>
      <trkpt lat="43.16493" lon="16.56493">
        <ele>219.4</ele>
      </trkpt>
      <trkpt lat="43.16494" lon="16.565">
        <ele>218.7</ele>
      </trkpt>
      <trkpt lat="43.16495" lon="16.56502">
        <ele>218.3</ele>
      </trkpt>
      <trkpt lat="43.16497" lon="16.5651">
        <ele>217.3</ele>
      </trkpt>
      <trkpt lat="43.16504" lon="16.56542">
        <ele>215.3</ele>
      </trkpt>
      <trkpt lat="43.16505" lon="16.5655">
        <ele>215.2</ele>
      </trkpt>
      <trkpt lat="43.16507" lon="16.56557">
        <ele>215.0</ele>
      </trkpt>
      <trkpt lat="43.16512" lon="16.56571">
        <ele>214.5</ele>
      </trkpt>
      <trkpt lat="43.16518" lon="16.56585">
        <ele>214.4</ele>
      </trkpt>
      <trkpt lat="43.1652" lon="16.56588">
        <ele>214.4</ele>
      </trkpt>
      <trkpt lat="43.16523" lon="16.565909">
        <ele>214.3</ele>
      </trkpt>
      <trkpt lat="43.16527" lon="16.56593">
        <ele>214.0</ele>
      </trkpt>
      <trkpt lat="43.16529" lon="16.56594">
        <ele>213.9</ele>
      </trkpt>
      <trkpt lat="43.16531" lon="16.56594">
        <ele>213.7</ele>
      </trkpt>
      <trkpt lat="43.16534" lon="16.56593">
        <ele>213.4</ele>
      </trkpt>
      <trkpt lat="43.16538" lon="16.565919">
        <ele>212.9</ele>
      </trkpt>
      <trkpt lat="43.16541" lon="16.56589">
        <ele>212.4</ele>
      </trkpt>
      <trkpt lat="43.16543" lon="16.56585">
        <ele>212.0</ele>
      </trkpt>
      <trkpt lat="43.16544" lon="16.56584">
        <ele>211.8</ele>
      </trkpt>
      <trkpt lat="43.16545" lon="16.565809">
        <ele>211.5</ele>
      </trkpt>
      <trkpt lat="43.16547" lon="16.5657">
        <ele>210.2</ele>
      </trkpt>
      <trkpt lat="43.16549" lon="16.56565">
        <ele>209.5</ele>
      </trkpt>
      <trkpt lat="43.1655" lon="16.56561">
        <ele>208.9</ele>
      </trkpt>
      <trkpt lat="43.16552" lon="16.56555">
        <ele>208.0</ele>
      </trkpt>
      <trkpt lat="43.16554" lon="16.56548">
        <ele>207.0</ele>
      </trkpt>
      <trkpt lat="43.16555" lon="16.56546">
        <ele>206.6</ele>
      </trkpt>
      <trkpt lat="43.16557" lon="16.56541">
        <ele>205.7</ele>
      </trkpt>
      <trkpt lat="43.16558" lon="16.56538">
        <ele>205.1</ele>
      </trkpt>
      <trkpt lat="43.16559" lon="16.565349">
        <ele>204.6</ele>
      </trkpt>
      <trkpt lat="43.16561" lon="16.56531">
        <ele>203.7</ele>
      </trkpt>
      <trkpt lat="43.16563" lon="16.56529">
        <ele>203.0</ele>
      </trkpt>
      <trkpt lat="43.16564" lon="16.56528">
        <ele>202.7</ele>
      </trkpt>
      <trkpt lat="43.16565" lon="16.56527">
        <ele>202.4</ele>
      </trkpt>
      <trkpt lat="43.16566" lon="16.565259">
        <ele>202.0</ele>
      </trkpt>
      <trkpt lat="43.16568" lon="16.56524">
        <ele>201.3</ele>
      </trkpt>
      <trkpt lat="43.1657" lon="16.56524">
        <ele>200.9</ele>
      </trkpt>
      <trkpt lat="43.16571" lon="16.56523">
        <ele>200.5</ele>
      </trkpt>
      <trkpt lat="43.16578" lon="16.56523">
        <ele>199.0</ele>
      </trkpt>
      <trkpt lat="43.16586" lon="16.565249">
        <ele>197.9</ele>
      </trkpt>
      <trkpt lat="43.16589" lon="16.565249">
        <ele>197.7</ele>
      </trkpt>
      <trkpt lat="43.16597" lon="16.565259">
        <ele>197.1</ele>
      </trkpt>
      <trkpt lat="43.16606" lon="16.56529">
        <ele>196.7</ele>
      </trkpt>
      <trkpt lat="43.16607" lon="16.56529">
        <ele>196.6</ele>
      </trkpt>
      <trkpt lat="43.1661" lon="16.5653">
        <ele>196.5</ele>
      </trkpt>
      <trkpt lat="43.16624" lon="16.565339">
        <ele>195.8</ele>
      </trkpt>
      <trkpt lat="43.16642" lon="16.5654">
        <ele>195.1</ele>
      </trkpt>
      <trkpt lat="43.16659" lon="16.56547">
        <ele>194.6</ele>
      </trkpt>
      <trkpt lat="43.16673" lon="16.565529">
        <ele>193.9</ele>
      </trkpt>
      <trkpt lat="43.16676" lon="16.56555">
        <ele>193.7</ele>
      </trkpt>
      <trkpt lat="43.16693" lon="16.565639">
        <ele>192.1</ele>
      </trkpt>
      <trkpt lat="43.16695" lon="16.56565">
        <ele>191.9</ele>
      </trkpt>
      <trkpt lat="43.16708" lon="16.56576">
        <ele>191.1</ele>
      </trkpt>
      <trkpt lat="43.16712" lon="16.56579">
        <ele>190.7</ele>
      </trkpt>
      <trkpt lat="43.16734" lon="16.56598">
        <ele>188.8</ele>
      </trkpt>
      <trkpt lat="43.16743" lon="16.56605">
        <ele>188.1</ele>
      </trkpt>
      <trkpt lat="43.16765" lon="16.56624">
        <ele>187.5</ele>
      </trkpt>
      <trkpt lat="43.16774" lon="16.56626">
        <ele>186.6</ele>
      </trkpt>
      <trkpt lat="43.16783" lon="16.56627">
        <ele>185.7</ele>
      </trkpt>
      <trkpt lat="43.16791" lon="16.56627">
        <ele>184.7</ele>
      </trkpt>
      <trkpt lat="43.16794" lon="16.56626">
        <ele>184.1</ele>
      </trkpt>
      <trkpt lat="43.16809" lon="16.56626">
        <ele>182.2</ele>
      </trkpt>
      <trkpt lat="43.16813" lon="16.56626">
        <ele>181.7</ele>
      </trkpt>
      <trkpt lat="43.16827" lon="16.56626">
        <ele>180.0</ele>
      </trkpt>
      <trkpt lat="43.16849" lon="16.56625">
        <ele>176.8</ele>
      </trkpt>
      <trkpt lat="43.16861" lon="16.56624">
        <ele>175.0</ele>
      </trkpt>
      <trkpt lat="43.16868" lon="16.56624">
        <ele>174.0</ele>
      </trkpt>
      <trkpt lat="43.16873" lon="16.56626">
        <ele>173.7</ele>
      </trkpt>
      <trkpt lat="43.16879" lon="16.566289">
        <ele>173.3</ele>
      </trkpt>
      <trkpt lat="43.16895" lon="16.566389">
        <ele>172.6</ele>
      </trkpt>
      <trkpt lat="43.16899" lon="16.56641">
        <ele>172.3</ele>
      </trkpt>
      <trkpt lat="43.16913" lon="16.5665">
        <ele>171.4</ele>
      </trkpt>
      <trkpt lat="43.16923" lon="16.566579">
        <ele>170.1</ele>
      </trkpt>
      <trkpt lat="43.1693" lon="16.56664">
        <ele>168.9</ele>
      </trkpt>
      <trkpt lat="43.16937" lon="16.56673">
        <ele>167.4</ele>
      </trkpt>
      <trkpt lat="43.16946" lon="16.566859">
        <ele>165.4</ele>
      </trkpt>
      <trkpt lat="43.16951" lon="16.56696">
        <ele>164.3</ele>
      </trkpt>
      <trkpt lat="43.16957" lon="16.56707">
        <ele>162.9</ele>
      </trkpt>
      <trkpt lat="43.16968" lon="16.56747">
        <ele>160.7</ele>
      </trkpt>
      <trkpt lat="43.16975" lon="16.56776">
        <ele>161.2</ele>
      </trkpt>
      <trkpt lat="43.16982" lon="16.56804">
        <ele>162.2</ele>
      </trkpt>
      <trkpt lat="43.16989" lon="16.56818">
        <ele>161.9</ele>
      </trkpt>
      <trkpt lat="43.16995" lon="16.568259">
        <ele>161.3</ele>
      </trkpt>
      <trkpt lat="43.17003" lon="16.568359">
        <ele>160.9</ele>
      </trkpt>
      <trkpt lat="43.17011" lon="16.56843">
        <ele>160.7</ele>
      </trkpt>
      <trkpt lat="43.17023" lon="16.56849">
        <ele>159.6</ele>
      </trkpt>
      <trkpt lat="43.17036" lon="16.56853">
        <ele>158.1</ele>
      </trkpt>
      <trkpt lat="43.17048" lon="16.568549">
        <ele>156.5</ele>
      </trkpt>
      <trkpt lat="43.17051" lon="16.568549">
        <ele>156.0</ele>
      </trkpt>
      <trkpt lat="43.17058" lon="16.568549">
        <ele>154.8</ele>
      </trkpt>
      <trkpt lat="43.1707" lon="16.56851">
        <ele>152.2</ele>
      </trkpt>
      <trkpt lat="43.17083" lon="16.568439">
        <ele>148.8</ele>
      </trkpt>
      <trkpt lat="43.17109" lon="16.56829">
        <ele>144.7</ele>
      </trkpt>
      <trkpt lat="43.17119" lon="16.568249">
        <ele>143.3</ele>
      </trkpt>
      <trkpt lat="43.1712" lon="16.56824">
        <ele>143.0</ele>
      </trkpt>
      <trkpt lat="43.17121" lon="16.56824">
        <ele>142.9</ele>
      </trkpt>
      <trkpt lat="43.1713" lon="16.56823">
        <ele>142.2</ele>
      </trkpt>
      <trkpt lat="43.17137" lon="16.56823">
        <ele>141.8</ele>
      </trkpt>
      <trkpt lat="43.17139" lon="16.56823">
        <ele>141.7</ele>
      </trkpt>
      <trkpt lat="43.17142" lon="16.56823">
        <ele>141.6</ele>
      </trkpt>
      <trkpt lat="43.17142" lon="16.56823">
        <ele>141.6</ele>
      </trkpt>
      <trkpt lat="43.17143" lon="16.56828">
        <ele>142.8</ele>
      </trkpt>
      <trkpt lat="43.17145" lon="16.56831">
        <ele>143.4</ele>
      </trkpt>
      <trkpt lat="43.17145" lon="16.56832">
        <ele>143.7</ele>
      </trkpt>
      <trkpt lat="43.17158" lon="16.5685">
        <ele>145.3</ele>
      </trkpt>
      <trkpt lat="43.17168" lon="16.56861">
        <ele>145.7</ele>
      </trkpt>
      <trkpt lat="43.1717" lon="16.56866">
        <ele>145.7</ele>
      </trkpt>
      <trkpt lat="43.17173" lon="16.5687">
        <ele>145.4</ele>
      </trkpt>
      <trkpt lat="43.17174" lon="16.568729">
        <ele>145.4</ele>
      </trkpt>
      <trkpt lat="43.17186" lon="16.56893">
        <ele>144.4</ele>
      </trkpt>
      <trkpt lat="43.17188" lon="16.56897">
        <ele>144.2</ele>
      </trkpt>
      <trkpt lat="43.17196" lon="16.56913">
        <ele>143.6</ele>
      </trkpt>
      <trkpt lat="43.17197" lon="16.56918">
        <ele>143.6</ele>
      </trkpt>
      <trkpt lat="43.17202" lon="16.56933">
        <ele>142.3</ele>
      </trkpt>
      <trkpt lat="43.17216" lon="16.56981">
        <ele>138.0</ele>
      </trkpt>
      <trkpt lat="43.17218" lon="16.56987">
        <ele>137.2</ele>
      </trkpt>
      <trkpt lat="43.17225" lon="16.57019">
        <ele>137.1</ele>
      </trkpt>
      <trkpt lat="43.17231" lon="16.570319">
        <ele>136.9</ele>
      </trkpt>
      <trkpt lat="43.17234" lon="16.5704">
        <ele>137.1</ele>
      </trkpt>
      <trkpt lat="43.17259" lon="16.57076">
        <ele>135.3</ele>
      </trkpt>
      <trkpt lat="43.17279" lon="16.57104">
        <ele>132.5</ele>
      </trkpt>
      <trkpt lat="43.1728" lon="16.57105">
        <ele>132.2</ele>
      </trkpt>
      <trkpt lat="43.17288" lon="16.57124">
        <ele>131.1</ele>
      </trkpt>
      <trkpt lat="43.17288" lon="16.571259">
        <ele>131.2</ele>
      </trkpt>
      <trkpt lat="43.17295" lon="16.57149">
        <ele>130.3</ele>
      </trkpt>
      <trkpt lat="43.173" lon="16.57166">
        <ele>129.6</ele>
      </trkpt>
      <trkpt lat="43.17302" lon="16.57172">
        <ele>128.5</ele>
      </trkpt>
      <trkpt lat="43.17306" lon="16.57186">
        <ele>126.0</ele>
      </trkpt>
      <trkpt lat="43.17308" lon="16.57195">
        <ele>124.7</ele>
      </trkpt>
      <trkpt lat="43.17313" lon="16.57219">
        <ele>121.5</ele>
      </trkpt>
      <trkpt lat="43.17315" lon="16.572289">
        <ele>120.2</ele>
      </trkpt>
      <trkpt lat="43.1732" lon="16.57241">
        <ele>118.1</ele>
      </trkpt>
      <trkpt lat="43.17328" lon="16.57263">
        <ele>113.6</ele>
      </trkpt>
      <trkpt lat="43.17328" lon="16.57264">
        <ele>113.5</ele>
      </trkpt>
      <trkpt lat="43.17336" lon="16.572849">
        <ele>108.7</ele>
      </trkpt>
      <trkpt lat="43.17343" lon="16.57306">
        <ele>104.0</ele>
      </trkpt>
      <trkpt lat="43.17343" lon="16.57306">
        <ele>104.0</ele>
      </trkpt>
      <trkpt lat="43.17339" lon="16.57322">
        <ele>102.9</ele>
      </trkpt>
      <trkpt lat="43.17334" lon="16.57334">
        <ele>102.7</ele>
      </trkpt>
      <trkpt lat="43.17331" lon="16.573419">
        <ele>101.6</ele>
      </trkpt>
      <trkpt lat="43.17324" lon="16.57354">
        <ele>100.3</ele>
      </trkpt>
      <trkpt lat="43.17319" lon="16.57363">
        <ele>99.1</ele>
      </trkpt>
      <trkpt lat="43.17311" lon="16.573709">
        <ele>98.4</ele>
      </trkpt>
      <trkpt lat="43.1731" lon="16.57373">
        <ele>98.1</ele>
      </trkpt>
      <trkpt lat="43.173" lon="16.57382">
        <ele>97.1</ele>
      </trkpt>
      <trkpt lat="43.17296" lon="16.57384">
        <ele>97.1</ele>
      </trkpt>
      <trkpt lat="43.1729" lon="16.573889">
        <ele>96.5</ele>
      </trkpt>
      <trkpt lat="43.17281" lon="16.57393">
        <ele>96.4</ele>
      </trkpt>
      <trkpt lat="43.17273" lon="16.57397">
        <ele>96.1</ele>
      </trkpt>
      <trkpt lat="43.17262" lon="16.57401">
        <ele>95.9</ele>
      </trkpt>
      <trkpt lat="43.17259" lon="16.57402">
        <ele>95.9</ele>
      </trkpt>
      <trkpt lat="43.17244" lon="16.57406">
        <ele>95.1</ele>
      </trkpt>
      <trkpt lat="43.17227" lon="16.57409">
        <ele>93.1</ele>
      </trkpt>
      <trkpt lat="43.17223" lon="16.5741">
        <ele>92.5</ele>
      </trkpt>
      <trkpt lat="43.17209" lon="16.57411">
        <ele>91.3</ele>
      </trkpt>
      <trkpt lat="43.17202" lon="16.57411">
        <ele>90.9</ele>
      </trkpt>
      <trkpt lat="43.17191" lon="16.57411">
        <ele>90.2</ele>
      </trkpt>
      <trkpt lat="43.17173" lon="16.5741">
        <ele>89.5</ele>
      </trkpt>
      <trkpt lat="43.17172" lon="16.5741">
        <ele>89.4</ele>
      </trkpt>
      <trkpt lat="43.17156" lon="16.5741">
        <ele>89.8</ele>
      </trkpt>
      <trkpt lat="43.17146" lon="16.57412">
        <ele>89.9</ele>
      </trkpt>
      <trkpt lat="43.17138" lon="16.57416">
        <ele>89.3</ele>
      </trkpt>
      <trkpt lat="43.17137" lon="16.57416">
        <ele>89.3</ele>
      </trkpt>
      <trkpt lat="43.17131" lon="16.57422">
        <ele>88.9</ele>
      </trkpt>
      <trkpt lat="43.17123" lon="16.5743">
        <ele>88.5</ele>
      </trkpt>
      <trkpt lat="43.1712" lon="16.57432">
        <ele>88.4</ele>
      </trkpt>
      <trkpt lat="43.17111" lon="16.574449">
        <ele>87.5</ele>
      </trkpt>
      <trkpt lat="43.17106" lon="16.574539">
        <ele>86.8</ele>
      </trkpt>
      <trkpt lat="43.17105" lon="16.57457">
        <ele>86.5</ele>
      </trkpt>
      <trkpt lat="43.17103" lon="16.57463">
        <ele>85.9</ele>
      </trkpt>
      <trkpt lat="43.17103" lon="16.57469">
        <ele>85.2</ele>
      </trkpt>
      <trkpt lat="43.17105" lon="16.5748">
        <ele>83.6</ele>
      </trkpt>
      <trkpt lat="43.17107" lon="16.57485">
        <ele>82.9</ele>
      </trkpt>
      <trkpt lat="43.17111" lon="16.5749">
        <ele>81.9</ele>
      </trkpt>
      <trkpt lat="43.17116" lon="16.57494">
        <ele>81.0</ele>
      </trkpt>
      <trkpt lat="43.17124" lon="16.57498">
        <ele>79.8</ele>
      </trkpt>
      <trkpt lat="43.17128" lon="16.575">
        <ele>79.2</ele>
      </trkpt>
      <trkpt lat="43.17145" lon="16.57506">
        <ele>79.1</ele>
      </trkpt>
      <trkpt lat="43.17156" lon="16.57509">
        <ele>78.9</ele>
      </trkpt>
      <trkpt lat="43.17163" lon="16.575119">
        <ele>79.0</ele>
      </trkpt>
      <trkpt lat="43.17178" lon="16.57519">
        <ele>78.9</ele>
      </trkpt>
      <trkpt lat="43.17194" lon="16.575299">
        <ele>78.8</ele>
      </trkpt>
      <trkpt lat="43.1722" lon="16.57553">
        <ele>77.5</ele>
      </trkpt>
      <trkpt lat="43.1724" lon="16.575759">
        <ele>75.1</ele>
      </trkpt>
      <trkpt lat="43.17255" lon="16.57588">
        <ele>74.1</ele>
      </trkpt>
      <trkpt lat="43.17266" lon="16.57594">
        <ele>75.5</ele>
      </trkpt>
      <trkpt lat="43.17272" lon="16.575949">
        <ele>75.7</ele>
      </trkpt>
      <trkpt lat="43.17273" lon="16.575949">
        <ele>75.7</ele>
      </trkpt>
      <trkpt lat="43.17282" lon="16.575959">
        <ele>75.8</ele>
      </trkpt>
      <trkpt lat="43.17299" lon="16.5759">
        <ele>73.4</ele>
      </trkpt>
      <trkpt lat="43.17343" lon="16.575759">
        <ele>69.1</ele>
      </trkpt>
      <trkpt lat="43.17412" lon="16.57552">
        <ele>62.7</ele>
      </trkpt>
      <trkpt lat="43.17424" lon="16.57547">
        <ele>61.2</ele>
      </trkpt>
      <trkpt lat="43.17429" lon="16.57547">
        <ele>61.0</ele>
      </trkpt>
      <trkpt lat="43.17447" lon="16.57546">
        <ele>60.2</ele>
      </trkpt>
      <trkpt lat="43.1745" lon="16.57546">
        <ele>60.1</ele>
      </trkpt>
      <trkpt lat="43.1748" lon="16.57552">
        <ele>60.1</ele>
      </trkpt>
      <trkpt lat="43.17483" lon="16.57552">
        <ele>60.0</ele>
      </trkpt>
      <trkpt lat="43.175" lon="16.575569">
        <ele>60.3</ele>
      </trkpt>
      <trkpt lat="43.17514" lon="16.57561">
        <ele>59.0</ele>
      </trkpt>
      <trkpt lat="43.1753" lon="16.575669">
        <ele>57.2</ele>
      </trkpt>
      <trkpt lat="43.17541" lon="16.575769">
        <ele>55.9</ele>
      </trkpt>
      <trkpt lat="43.17549" lon="16.57589">
        <ele>55.6</ele>
      </trkpt>
      <trkpt lat="43.17556" lon="16.576039">
        <ele>56.8</ele>
      </trkpt>
      <trkpt lat="43.17568" lon="16.57636">
        <ele>58.9</ele>
      </trkpt>
      <trkpt lat="43.17576" lon="16.5765">
        <ele>58.4</ele>
      </trkpt>
      <trkpt lat="43.17582" lon="16.57659">
        <ele>57.5</ele>
      </trkpt>
      <trkpt lat="43.17591" lon="16.57666">
        <ele>56.0</ele>
      </trkpt>
      <trkpt lat="43.17601" lon="16.57673">
        <ele>55.0</ele>
      </trkpt>
      <trkpt lat="43.17615" lon="16.576789">
        <ele>52.8</ele>
      </trkpt>
      <trkpt lat="43.17631" lon="16.57687">
        <ele>50.3</ele>
      </trkpt>
      <trkpt lat="43.17645" lon="16.57696">
        <ele>48.3</ele>
      </trkpt>
      <trkpt lat="43.17653" lon="16.57703">
        <ele>47.4</ele>
      </trkpt>
      <trkpt lat="43.17664" lon="16.57719">
        <ele>47.2</ele>
      </trkpt>
      <trkpt lat="43.17676" lon="16.57734">
        <ele>47.0</ele>
      </trkpt>
      <trkpt lat="43.17694" lon="16.57751">
        <ele>45.3</ele>
      </trkpt>
      <trkpt lat="43.17696" lon="16.57753">
        <ele>45.1</ele>
      </trkpt>
      <trkpt lat="43.17712" lon="16.577649">
        <ele>43.3</ele>
      </trkpt>
      <trkpt lat="43.17728" lon="16.57777">
        <ele>41.4</ele>
      </trkpt>
      <trkpt lat="43.17743" lon="16.57789">
        <ele>39.8</ele>
      </trkpt>
      <trkpt lat="43.17758" lon="16.57799">
        <ele>38.7</ele>
      </trkpt>
      <trkpt lat="43.17759" lon="16.578009">
        <ele>38.9</ele>
      </trkpt>
      <trkpt lat="43.17779" lon="16.57817">
        <ele>38.7</ele>
      </trkpt>
      <trkpt lat="43.1779" lon="16.57826">
        <ele>38.6</ele>
      </trkpt>
      <trkpt lat="43.17795" lon="16.578309">
        <ele>38.6</ele>
      </trkpt>
      <trkpt lat="43.178" lon="16.57836">
        <ele>38.3</ele>
      </trkpt>
      <trkpt lat="43.17804" lon="16.57841">
        <ele>37.9</ele>
      </trkpt>
      <trkpt lat="43.17806" lon="16.57843">
        <ele>37.7</ele>
      </trkpt>
      <trkpt lat="43.17811" lon="16.57852">
        <ele>37.3</ele>
      </trkpt>
      <trkpt lat="43.17816" lon="16.5786">
        <ele>36.9</ele>
      </trkpt>
      <trkpt lat="43.17819" lon="16.57871">
        <ele>36.8</ele>
      </trkpt>
      <trkpt lat="43.17821" lon="16.57883">
        <ele>37.0</ele>
      </trkpt>
      <trkpt lat="43.17822" lon="16.57885">
        <ele>36.9</ele>
      </trkpt>
      <trkpt lat="43.17824" lon="16.57899">
        <ele>37.1</ele>
      </trkpt>
      <trkpt lat="43.17826" lon="16.57912">
        <ele>37.2</ele>
      </trkpt>
      <trkpt lat="43.17828" lon="16.57922">
        <ele>37.3</ele>
      </trkpt>
      <trkpt lat="43.1783" lon="16.5793">
        <ele>37.4</ele>
      </trkpt>
      <trkpt lat="43.17833" lon="16.57937">
        <ele>37.3</ele>
      </trkpt>
      <trkpt lat="43.17837" lon="16.57945">
        <ele>37.0</ele>
      </trkpt>
      <trkpt lat="43.17848" lon="16.57963">
        <ele>35.9</ele>
      </trkpt>
      <trkpt lat="43.17852" lon="16.579699">
        <ele>35.5</ele>
      </trkpt>
      <trkpt lat="43.1786" lon="16.57985">
        <ele>34.6</ele>
      </trkpt>
      <trkpt lat="43.17862" lon="16.579899">
        <ele>34.4</ele>
      </trkpt>
      <trkpt lat="43.17888" lon="16.58044">
        <ele>32.7</ele>
      </trkpt>
      <trkpt lat="43.1789" lon="16.58049">
        <ele>32.7</ele>
      </trkpt>
      <trkpt lat="43.17895" lon="16.5806">
        <ele>32.5</ele>
      </trkpt>
      <trkpt lat="43.17903" lon="16.580749">
        <ele>32.1</ele>
      </trkpt>
      <trkpt lat="43.17905" lon="16.5808">
        <ele>32.1</ele>
      </trkpt>
      <trkpt lat="43.17915" lon="16.581019">
        <ele>31.9</ele>
      </trkpt>
      <trkpt lat="43.17921" lon="16.58116">
        <ele>32.0</ele>
      </trkpt>
      <trkpt lat="43.17924" lon="16.581219">
        <ele>31.9</ele>
      </trkpt>
      <trkpt lat="43.17929" lon="16.58136">
        <ele>32.1</ele>
      </trkpt>
      <trkpt lat="43.17933" lon="16.58144">
        <ele>31.9</ele>
      </trkpt>
      <trkpt lat="43.17937" lon="16.58154">
        <ele>31.9</ele>
      </trkpt>
      <trkpt lat="43.17943" lon="16.58172">
        <ele>31.9</ele>
      </trkpt>
      <trkpt lat="43.17944" lon="16.581769">
        <ele>32.0</ele>
      </trkpt>
      <trkpt lat="43.17948" lon="16.5819">
        <ele>31.8</ele>
      </trkpt>
      <trkpt lat="43.17952" lon="16.58209">
        <ele>32.0</ele>
      </trkpt>
      <trkpt lat="43.17953" lon="16.58212">
        <ele>32.0</ele>
      </trkpt>
      <trkpt lat="43.17956" lon="16.58228">
        <ele>32.3</ele>
      </trkpt>
      <trkpt lat="43.17957" lon="16.58236">
        <ele>32.5</ele>
      </trkpt>
      <trkpt lat="43.17958" lon="16.58246">
        <ele>32.8</ele>
      </trkpt>
      <trkpt lat="43.17958" lon="16.58248">
        <ele>33.0</ele>
      </trkpt>
      <trkpt lat="43.1796" lon="16.582609">
        <ele>32.8</ele>
      </trkpt>
      <trkpt lat="43.1796" lon="16.58263">
        <ele>32.8</ele>
      </trkpt>
      <trkpt lat="43.17961" lon="16.582719">
        <ele>32.8</ele>
      </trkpt>
      <trkpt lat="43.17961" lon="16.582809">
        <ele>32.9</ele>
      </trkpt>
      <trkpt lat="43.17961" lon="16.58285">
        <ele>32.9</ele>
      </trkpt>
      <trkpt lat="43.17961" lon="16.58297">
        <ele>33.1</ele>
      </trkpt>
      <trkpt lat="43.17961" lon="16.58306">
        <ele>33.2</ele>
      </trkpt>
      <trkpt lat="43.17961" lon="16.58321">
        <ele>33.4</ele>
      </trkpt>
      <trkpt lat="43.17962" lon="16.58335">
        <ele>33.4</ele>
      </trkpt>
      <trkpt lat="43.17962" lon="16.58344">
        <ele>33.3</ele>
      </trkpt>
      <trkpt lat="43.17962" lon="16.583459">
        <ele>33.2</ele>
      </trkpt>
      <trkpt lat="43.17962" lon="16.58358">
        <ele>33.1</ele>
      </trkpt>
      <trkpt lat="43.17961" lon="16.58392">
        <ele>32.9</ele>
      </trkpt>
      <trkpt lat="43.17961" lon="16.58405">
        <ele>32.7</ele>
      </trkpt>
      <trkpt lat="43.1796" lon="16.58433">
        <ele>32.9</ele>
      </trkpt>
      <trkpt lat="43.17961" lon="16.58443">
        <ele>32.8</ele>
      </trkpt>
      <trkpt lat="43.17963" lon="16.58452">
        <ele>32.7</ele>
      </trkpt>
      <trkpt lat="43.17965" lon="16.58457">
        <ele>32.5</ele>
      </trkpt>
      <trkpt lat="43.17968" lon="16.58463">
        <ele>32.2</ele>
      </trkpt>
      <trkpt lat="43.17972" lon="16.584689">
        <ele>31.9</ele>
      </trkpt>
      <trkpt lat="43.17976" lon="16.58474">
        <ele>31.5</ele>
      </trkpt>
      <trkpt lat="43.1798" lon="16.584779">
        <ele>31.2</ele>
      </trkpt>
      <trkpt lat="43.17984" lon="16.58481">
        <ele>30.9</ele>
      </trkpt>
      <trkpt lat="43.179897" lon="16.584851">
        <ele>30.4</ele>
      </trkpt>
      <trkpt lat="43.17991" lon="16.584859">
        <ele>30.3</ele>
      </trkpt>
      <trkpt lat="43.17999" lon="16.5849">
        <ele>29.7</ele>
      </trkpt>
      <trkpt lat="43.18007" lon="16.58492">
        <ele>29.1</ele>
      </trkpt>
      <trkpt lat="43.18007" lon="16.58492">
        <ele>29.1</ele>
      </trkpt>
      <trkpt lat="43.18013" lon="16.58494">
        <ele>28.7</ele>
      </trkpt>
      <trkpt lat="43.18018" lon="16.584969">
        <ele>28.4</ele>
      </trkpt>
      <trkpt lat="43.18025" lon="16.58498">
        <ele>27.8</ele>
      </trkpt>
      <trkpt lat="43.18034" lon="16.58501">
        <ele>27.2</ele>
      </trkpt>
      <trkpt lat="43.18036" lon="16.58502">
        <ele>27.1</ele>
      </trkpt>
      <trkpt lat="43.18048" lon="16.58509">
        <ele>26.4</ele>
      </trkpt>
      <trkpt lat="43.18054" lon="16.58513">
        <ele>26.1</ele>
      </trkpt>
      <trkpt lat="43.1806" lon="16.58517">
        <ele>25.8</ele>
      </trkpt>
      <trkpt lat="43.1807" lon="16.58526">
        <ele>25.4</ele>
      </trkpt>
      <trkpt lat="43.18082" lon="16.5854">
        <ele>25.0</ele>
      </trkpt>
      <trkpt lat="43.18092" lon="16.58551">
        <ele>24.4</ele>
      </trkpt>
      <trkpt lat="43.18099" lon="16.58561">
        <ele>23.9</ele>
      </trkpt>
      <trkpt lat="43.18101" lon="16.58564">
        <ele>23.8</ele>
      </trkpt>
      <trkpt lat="43.18111" lon="16.585799">
        <ele>22.9</ele>
      </trkpt>
      <trkpt lat="43.18116" lon="16.58587">
        <ele>22.4</ele>
      </trkpt>
      <trkpt lat="43.18118" lon="16.585909">
        <ele>22.1</ele>
      </trkpt>
      <trkpt lat="43.18122" lon="16.585989">
        <ele>21.6</ele>
      </trkpt>
      <trkpt lat="43.18125" lon="16.58605">
        <ele>21.3</ele>
      </trkpt>
      <trkpt lat="43.18127" lon="16.58612">
        <ele>21.0</ele>
      </trkpt>
      <trkpt lat="43.18128" lon="16.586189">
        <ele>20.9</ele>
      </trkpt>
      <trkpt lat="43.1813" lon="16.58629">
        <ele>20.7</ele>
      </trkpt>
      <trkpt lat="43.1813" lon="16.58636">
        <ele>20.8</ele>
      </trkpt>
      <trkpt lat="43.1813" lon="16.58639">
        <ele>20.8</ele>
      </trkpt>
      <trkpt lat="43.18129" lon="16.58648">
        <ele>21.0</ele>
      </trkpt>
      <trkpt lat="43.18127" lon="16.58662">
        <ele>21.6</ele>
      </trkpt>
      <trkpt lat="43.18123" lon="16.58681">
        <ele>22.3</ele>
      </trkpt>
      <trkpt lat="43.18119" lon="16.587019">
        <ele>22.8</ele>
      </trkpt>
      <trkpt lat="43.18118" lon="16.587119">
        <ele>22.9</ele>
      </trkpt>
      <trkpt lat="43.18117" lon="16.58719">
        <ele>22.9</ele>
      </trkpt>
      <trkpt lat="43.18116" lon="16.58726">
        <ele>23.0</ele>
      </trkpt>
      <trkpt lat="43.18117" lon="16.58733">
        <ele>22.8</ele>
      </trkpt>
      <trkpt lat="43.18117" lon="16.58738">
        <ele>22.7</ele>
      </trkpt>
      <trkpt lat="43.1812" lon="16.58745">
        <ele>22.4</ele>
      </trkpt>
      <trkpt lat="43.18124" lon="16.58751">
        <ele>22.1</ele>
      </trkpt>
      <trkpt lat="43.18128" lon="16.58758">
        <ele>22.1</ele>
      </trkpt>
      <trkpt lat="43.18132" lon="16.58764">
        <ele>22.1</ele>
      </trkpt>
      <trkpt lat="43.18136" lon="16.587679">
        <ele>22.0</ele>
      </trkpt>
      <trkpt lat="43.18142" lon="16.58771">
        <ele>21.8</ele>
      </trkpt>
      <trkpt lat="43.18147" lon="16.58773">
        <ele>21.6</ele>
      </trkpt>
      <trkpt lat="43.18151" lon="16.58774">
        <ele>21.4</ele>
      </trkpt>
      <trkpt lat="43.18151" lon="16.58774">
        <ele>21.4</ele>
      </trkpt>
      <trkpt lat="43.18151" lon="16.58799">
        <ele>22.7</ele>
      </trkpt>
      <trkpt lat="43.18154" lon="16.588259">
        <ele>24.1</ele>
      </trkpt>
      <trkpt lat="43.18156" lon="16.5885">
        <ele>24.9</ele>
      </trkpt>
      <trkpt lat="43.18158" lon="16.58874">
        <ele>25.5</ele>
      </trkpt>
      <trkpt lat="43.18161" lon="16.58897">
        <ele>26.0</ele>
      </trkpt>
      <trkpt lat="43.18162" lon="16.58917">
        <ele>26.5</ele>
      </trkpt>
      <trkpt lat="43.18162" lon="16.58921">
        <ele>26.5</ele>
      </trkpt>
      <trkpt lat="43.18163" lon="16.58935">
        <ele>26.8</ele>
      </trkpt>
      <trkpt lat="43.18164" lon="16.5894">
        <ele>26.8</ele>
      </trkpt>
      <trkpt lat="43.18165" lon="16.58991">
        <ele>27.9</ele>
      </trkpt>
      <trkpt lat="43.18165" lon="16.59016">
        <ele>27.4</ele>
      </trkpt>
      <trkpt lat="43.18165" lon="16.590409">
        <ele>26.2</ele>
      </trkpt>
      <trkpt lat="43.18164" lon="16.59067">
        <ele>25.0</ele>
      </trkpt>
      <trkpt lat="43.18164" lon="16.59067">
        <ele>25.0</ele>
      </trkpt>
      <trkpt lat="43.18191" lon="16.59085">
        <ele>21.9</ele>
      </trkpt>
      <trkpt lat="43.18191" lon="16.59085">
        <ele>21.9</ele>
      </trkpt>
      <trkpt lat="43.18189" lon="16.59093">
        <ele>21.9</ele>
      </trkpt>
      <trkpt lat="43.18186" lon="16.591">
        <ele>21.9</ele>
      </trkpt>
      <trkpt lat="43.18181" lon="16.59114">
        <ele>21.9</ele>
      </trkpt>
      <trkpt lat="43.18178" lon="16.59124">
        <ele>21.8</ele>
      </trkpt>
      <trkpt lat="43.18175" lon="16.59131">
        <ele>21.8</ele>
      </trkpt>
      <trkpt lat="43.18168" lon="16.59148">
        <ele>21.6</ele>
      </trkpt>
      <trkpt lat="43.18153" lon="16.591809">
        <ele>21.7</ele>
      </trkpt>
      <trkpt lat="43.18141" lon="16.59206">
        <ele>21.8</ele>
      </trkpt>
      <trkpt lat="43.18139" lon="16.592099">
        <ele>21.8</ele>
      </trkpt>
      <trkpt lat="43.18137" lon="16.59214">
        <ele>21.8</ele>
      </trkpt>
      <trkpt lat="43.18128" lon="16.5923">
        <ele>21.6</ele>
      </trkpt>
      <trkpt lat="43.18119" lon="16.59246">
        <ele>21.3</ele>
      </trkpt>
      <trkpt lat="43.18109" lon="16.5926">
        <ele>20.8</ele>
      </trkpt>
      <trkpt lat="43.18107" lon="16.59263">
        <ele>20.7</ele>
      </trkpt>
      <trkpt lat="43.18098" lon="16.59274">
        <ele>20.3</ele>
      </trkpt>
      <trkpt lat="43.18088" lon="16.59286">
        <ele>19.8</ele>
      </trkpt>
      <trkpt lat="43.18086" lon="16.59288">
        <ele>19.7</ele>
      </trkpt>
      <trkpt lat="43.18082" lon="16.59291">
        <ele>19.6</ele>
      </trkpt>
      <trkpt lat="43.18063" lon="16.59306">
        <ele>19.9</ele>
      </trkpt>
      <trkpt lat="43.18057" lon="16.593119">
        <ele>20.1</ele>
      </trkpt>
      <trkpt lat="43.18053" lon="16.59318">
        <ele>20.1</ele>
      </trkpt>
      <trkpt lat="43.18049" lon="16.59325">
        <ele>20.2</ele>
      </trkpt>
      <trkpt lat="43.18047" lon="16.59329">
        <ele>20.2</ele>
      </trkpt>
      <trkpt lat="43.18044" lon="16.59337">
        <ele>20.2</ele>
      </trkpt>
      <trkpt lat="43.18042" lon="16.59345">
        <ele>20.3</ele>
      </trkpt>
      <trkpt lat="43.18041" lon="16.59349">
        <ele>20.3</ele>
      </trkpt>
      <trkpt lat="43.18041" lon="16.59358">
        <ele>20.1</ele>
      </trkpt>
      <trkpt lat="43.18041" lon="16.59368">
        <ele>19.9</ele>
      </trkpt>
      <trkpt lat="43.18041" lon="16.59372">
        <ele>19.9</ele>
      </trkpt>
      <trkpt lat="43.18042" lon="16.59381">
        <ele>19.6</ele>
      </trkpt>
      <trkpt lat="43.18043" lon="16.59386">
        <ele>19.4</ele>
      </trkpt>
      <trkpt lat="43.18046" lon="16.59394">
        <ele>18.9</ele>
      </trkpt>
      <trkpt lat="43.18048" lon="16.593979">
        <ele>18.6</ele>
      </trkpt>
      <trkpt lat="43.18054" lon="16.594149">
        <ele>17.6</ele>
      </trkpt>
      <trkpt lat="43.18056" lon="16.59419">
        <ele>17.3</ele>
      </trkpt>
      <trkpt lat="43.1806" lon="16.59431">
        <ele>17.0</ele>
      </trkpt>
      <trkpt lat="43.18071" lon="16.59465">
        <ele>16.4</ele>
      </trkpt>
      <trkpt lat="43.18076" lon="16.594819">
        <ele>16.2</ele>
      </trkpt>
      <trkpt lat="43.18086" lon="16.59517">
        <ele>16.2</ele>
      </trkpt>
      <trkpt lat="43.18093" lon="16.59541">
        <ele>16.1</ele>
      </trkpt>
      <trkpt lat="43.18095" lon="16.595479">
        <ele>16.0</ele>
      </trkpt>
      <trkpt lat="43.18098" lon="16.59558">
        <ele>15.9</ele>
      </trkpt>
      <trkpt lat="43.18105" lon="16.59581">
        <ele>15.6</ele>
      </trkpt>
      <trkpt lat="43.18111" lon="16.596039">
        <ele>14.7</ele>
      </trkpt>
      <trkpt lat="43.18113" lon="16.59609">
        <ele>14.4</ele>
      </trkpt>
      <trkpt lat="43.18118" lon="16.59627">
        <ele>13.8</ele>
      </trkpt>
      <trkpt lat="43.18125" lon="16.596499">
        <ele>13.1</ele>
      </trkpt>
      <trkpt lat="43.18132" lon="16.59672">
        <ele>12.4</ele>
      </trkpt>
      <trkpt lat="43.18139" lon="16.59695">
        <ele>11.2</ele>
      </trkpt>
      <trkpt lat="43.1814" lon="16.59701">
        <ele>10.9</ele>
      </trkpt>
      <trkpt lat="43.18145" lon="16.59711">
        <ele>10.3</ele>
      </trkpt>
      <trkpt lat="43.18151" lon="16.5972">
        <ele>9.7</ele>
      </trkpt>
      <trkpt lat="43.18154" lon="16.597249">
        <ele>9.4</ele>
      </trkpt>
      <trkpt lat="43.1816" lon="16.59733">
        <ele>8.9</ele>
      </trkpt>
      <trkpt lat="43.18164" lon="16.59737">
        <ele>8.6</ele>
      </trkpt>
      <trkpt lat="43.18171" lon="16.597439">
        <ele>8.3</ele>
      </trkpt>
      <trkpt lat="43.18174" lon="16.59748">
        <ele>8.2</ele>
      </trkpt>
      <trkpt lat="43.18182" lon="16.597529">
        <ele>8.1</ele>
      </trkpt>
      <trkpt lat="43.18186" lon="16.59756">
        <ele>8.0</ele>
      </trkpt>
      <trkpt lat="43.18208" lon="16.597629">
        <ele>8.0</ele>
      </trkpt>
      <trkpt lat="43.18221" lon="16.597639">
        <ele>8.1</ele>
      </trkpt>
      <trkpt lat="43.18221" lon="16.597639">
        <ele>8.1</ele>
      </trkpt>
      <trkpt lat="43.18224" lon="16.59832">
        <ele>5.7</ele>
      </trkpt>
      <trkpt lat="43.18224" lon="16.59832">
        <ele>5.7</ele>
      </trkpt>
      <trkpt lat="43.1824" lon="16.59832">
        <ele>5.9</ele>
      </trkpt>
      <trkpt lat="43.18249" lon="16.598299">
        <ele>6.1</ele>
      </trkpt>
      <trkpt lat="43.18259" lon="16.59831">
        <ele>6.1</ele>
      </trkpt>
      <trkpt lat="43.18275" lon="16.59836">
        <ele>5.9</ele>
      </trkpt>
      <trkpt lat="43.18285" lon="16.598389">
        <ele>5.9</ele>
      </trkpt>
      <trkpt lat="43.18292" lon="16.59842">
        <ele>5.8</ele>
      </trkpt>
      <trkpt lat="43.18296" lon="16.59845">
        <ele>5.7</ele>
      </trkpt>
      <trkpt lat="43.18301" lon="16.5985">
        <ele>5.6</ele>
      </trkpt>
      <trkpt lat="43.18301" lon="16.5985">
        <ele>5.6</ele>
      </trkpt>
      <trkpt lat="43.18305" lon="16.59863">
        <ele>5.4</ele>
      </trkpt>
      <trkpt lat="43.18308" lon="16.59879">
        <ele>5.1</ele>
      </trkpt>
      <trkpt lat="43.18308" lon="16.59879">
        <ele>5.1</ele>
      </trkpt>
      <trkpt lat="43.18312" lon="16.59878">
        <ele>5.2</ele>
      </trkpt>
      <trkpt lat="43.18316" lon="16.59878">
        <ele>5.2</ele>
      </trkpt>
      <trkpt lat="43.1832" lon="16.59879">
        <ele>5.3</ele>
      </trkpt>
      <trkpt lat="43.18325" lon="16.59881">
        <ele>5.3</ele>
      </trkpt>
      <trkpt lat="43.18331" lon="16.598859">
        <ele>5.3</ele>
      </trkpt>
      <trkpt lat="43.18334" lon="16.59889">
        <ele>5.3</ele>
      </trkpt>
      <trkpt lat="43.18337" lon="16.598939">
        <ele>5.1</ele>
      </trkpt>
      <trkpt lat="43.18343" lon="16.59906">
        <ele>4.7</ele>
      </trkpt>
      <trkpt lat="43.18343" lon="16.59906">
        <ele>4.7</ele>
      </trkpt>
      <trkpt lat="43.18344" lon="16.599129">
        <ele>4.5</ele>
      </trkpt>
      <trkpt lat="43.18346" lon="16.5992">
        <ele>4.4</ele>
      </trkpt>
      <trkpt lat="43.18347" lon="16.599319">
        <ele>4.2</ele>
      </trkpt>
      <trkpt lat="43.18348" lon="16.5994">
        <ele>4.1</ele>
      </trkpt>
      <trkpt lat="43.18347" lon="16.59948">
        <ele>4.1</ele>
      </trkpt>
      <trkpt lat="43.18347" lon="16.59954">
        <ele>4.0</ele>
      </trkpt>
      <trkpt lat="43.18347" lon="16.59954">
        <ele>4.0</ele>
      </trkpt>
      <trkpt lat="43.1835" lon="16.59955">
        <ele>3.9</ele>
      </trkpt>
      <trkpt lat="43.18354" lon="16.59956">
        <ele>3.8</ele>
      </trkpt>
      <trkpt lat="43.18358" lon="16.59958">
        <ele>3.6</ele>
      </trkpt>
      <trkpt lat="43.18361" lon="16.599609">
        <ele>3.5</ele>
      </trkpt>
      <trkpt lat="43.18366" lon="16.59965">
        <ele>3.3</ele>
      </trkpt>
      <trkpt lat="43.18379" lon="16.59974">
        <ele>2.9</ele>
      </trkpt>
      <trkpt lat="43.18383" lon="16.59976">
        <ele>2.8</ele>
      </trkpt>
      <trkpt lat="43.18387" lon="16.59977">
        <ele>2.6</ele>
      </trkpt>
      <trkpt lat="43.18394" lon="16.59978">
        <ele>2.4</ele>
      </trkpt>
      <trkpt lat="43.18394" lon="16.59978">
        <ele>2.4</ele>
      </trkpt>
      <trkpt lat="43.1842" lon="16.599799">
        <ele>2.2</ele>
      </trkpt>
      <trkpt lat="43.1842" lon="16.599799">
        <ele>2.2</ele>
      </trkpt>
      <trkpt lat="43.18421" lon="16.60015">
        <ele>2.1</ele>
      </trkpt>
      <trkpt lat="43.18421" lon="16.600909">
        <ele>1.9</ele>
      </trkpt>
      <trkpt lat="43.18421" lon="16.60108">
        <ele>1.8</ele>
      </trkpt>
      <trkpt lat="43.18422" lon="16.60126">
        <ele>1.6</ele>
      </trkpt>
      <trkpt lat="43.18422" lon="16.60134">
        <ele>1.5</ele>
      </trkpt>
      <trkpt lat="43.18423" lon="16.6014">
        <ele>1.5</ele>
      </trkpt>
      <trkpt lat="43.18423" lon="16.601469">
        <ele>1.4</ele>
      </trkpt>
      <trkpt lat="43.18424" lon="16.601659">
        <ele>1.3</ele>
      </trkpt>
      <trkpt lat="43.18429" lon="16.60182">
        <ele>1.7</ele>
      </trkpt>
      <trkpt lat="43.18429" lon="16.60182">
        <ele>1.7</ele>
      </trkpt>
      <trkpt lat="43.18446" lon="16.60239">
        <ele>2.9</ele>
      </trkpt>
      <trkpt lat="43.18448" lon="16.60244">
        <ele>2.9</ele>
      </trkpt>
      <trkpt lat="43.18466" lon="16.60301">
        <ele>3.0</ele>
      </trkpt>
      <trkpt lat="43.18482" lon="16.60341">
        <ele>3.2</ele>
      </trkpt>
      <trkpt lat="43.18499" lon="16.60372">
        <ele>3.9</ele>
      </trkpt>
      <trkpt lat="43.18541" lon="16.604389">
        <ele>5.5</ele>
      </trkpt>
      <trkpt lat="43.185491" lon="16.604527">
        <ele>5.6</ele>
      </trkpt>
      <trkpt lat="43.18554" lon="16.60461">
        <ele>5.6</ele>
      </trkpt>
      <trkpt lat="43.18566" lon="16.60482">
        <ele>5.8</ele>
      </trkpt>
      <trkpt lat="43.18574" lon="16.605039">
        <ele>6.1</ele>
      </trkpt>
      <trkpt lat="43.18581" lon="16.60521">
        <ele>7.2</ele>
      </trkpt>
      <trkpt lat="43.18583" lon="16.60526">
        <ele>7.6</ele>
      </trkpt>
      <trkpt lat="43.18584" lon="16.60529">
        <ele>7.8</ele>
      </trkpt>
      <trkpt lat="43.18586" lon="16.6054">
        <ele>8.6</ele>
      </trkpt>
      <trkpt lat="43.1859" lon="16.60556">
        <ele>9.8</ele>
      </trkpt>
      <trkpt lat="43.18592" lon="16.60567">
        <ele>10.5</ele>
      </trkpt>
      <trkpt lat="43.18596" lon="16.60588">
        <ele>11.7</ele>
      </trkpt>
      <trkpt lat="43.18599" lon="16.6061">
        <ele>12.2</ele>
      </trkpt>
      <trkpt lat="43.186" lon="16.60621">
        <ele>12.4</ele>
      </trkpt>
      <trkpt lat="43.186" lon="16.60633">
        <ele>12.6</ele>
      </trkpt>
      <trkpt lat="43.18601" lon="16.60644">
        <ele>12.9</ele>
      </trkpt>
      <trkpt lat="43.18601" lon="16.60656">
        <ele>13.1</ele>
      </trkpt>
      <trkpt lat="43.18601" lon="16.60659">
        <ele>13.1</ele>
      </trkpt>
      <trkpt lat="43.186" lon="16.60687">
        <ele>13.4</ele>
      </trkpt>
      <trkpt lat="43.18598" lon="16.60709">
        <ele>13.5</ele>
      </trkpt>
      <trkpt lat="43.18596" lon="16.607199">
        <ele>13.4</ele>
      </trkpt>
      <trkpt lat="43.18595" lon="16.60732">
        <ele>13.4</ele>
      </trkpt>
      <trkpt lat="43.18593" lon="16.60742">
        <ele>13.2</ele>
      </trkpt>
      <trkpt lat="43.18591" lon="16.60753">
        <ele>13.1</ele>
      </trkpt>
      <trkpt lat="43.18586" lon="16.60773">
        <ele>13.2</ele>
      </trkpt>
      <trkpt lat="43.18584" lon="16.6078">
        <ele>13.2</ele>
      </trkpt>
      <trkpt lat="43.18584" lon="16.60782">
        <ele>13.2</ele>
      </trkpt>
      <trkpt lat="43.18581" lon="16.608039">
        <ele>13.9</ele>
      </trkpt>
      <trkpt lat="43.18579" lon="16.6082">
        <ele>14.3</ele>
      </trkpt>
      <trkpt lat="43.18578" lon="16.60828">
        <ele>14.6</ele>
      </trkpt>
      <trkpt lat="43.18577" lon="16.60839">
        <ele>14.7</ele>
      </trkpt>
      <trkpt lat="43.18576" lon="16.60859">
        <ele>14.7</ele>
      </trkpt>
      <trkpt lat="43.18575" lon="16.60869">
        <ele>14.7</ele>
      </trkpt>
      <trkpt lat="43.18574" lon="16.608799">
        <ele>14.7</ele>
      </trkpt>
      <trkpt lat="43.18573" lon="16.60902">
        <ele>14.7</ele>
      </trkpt>
      <trkpt lat="43.18564" lon="16.60961">
        <ele>13.9</ele>
      </trkpt>
      <trkpt lat="43.1856" lon="16.6099">
        <ele>13.3</ele>
      </trkpt>
      <trkpt lat="43.18559" lon="16.60999">
        <ele>13.1</ele>
      </trkpt>
      <trkpt lat="43.1855" lon="16.61052">
        <ele>12.9</ele>
      </trkpt>
      <trkpt lat="43.18544" lon="16.61085">
        <ele>13.0</ele>
      </trkpt>
      <trkpt lat="43.18532" lon="16.61151">
        <ele>12.7</ele>
      </trkpt>
      <trkpt lat="43.18526" lon="16.61191">
        <ele>12.2</ele>
      </trkpt>
      <trkpt lat="43.18522" lon="16.61215">
        <ele>11.7</ele>
      </trkpt>
      <trkpt lat="43.18518" lon="16.61239">
        <ele>11.2</ele>
      </trkpt>
      <trkpt lat="43.18518" lon="16.61241">
        <ele>11.2</ele>
      </trkpt>
      <trkpt lat="43.18514" lon="16.61263">
        <ele>11.3</ele>
      </trkpt>
      <trkpt lat="43.18514" lon="16.612649">
        <ele>11.3</ele>
      </trkpt>
      <trkpt lat="43.1848" lon="16.61474">
        <ele>16.6</ele>
      </trkpt>
      <trkpt lat="43.18476" lon="16.61497">
        <ele>17.2</ele>
      </trkpt>
      <trkpt lat="43.18473" lon="16.6152">
        <ele>17.3</ele>
      </trkpt>
      <trkpt lat="43.18472" lon="16.61522">
        <ele>17.3</ele>
      </trkpt>
      <trkpt lat="43.18465" lon="16.61567">
        <ele>17.4</ele>
      </trkpt>
      <trkpt lat="43.18439" lon="16.61727">
        <ele>20.5</ele>
      </trkpt>
      <trkpt lat="43.18415" lon="16.61883">
        <ele>20.0</ele>
      </trkpt>
      <trkpt lat="43.18408" lon="16.619309">
        <ele>20.1</ele>
      </trkpt>
      <trkpt lat="43.18397" lon="16.62003">
        <ele>20.0</ele>
      </trkpt>
      <trkpt lat="43.18389" lon="16.62052">
        <ele>20.7</ele>
      </trkpt>
      <trkpt lat="43.18386" lon="16.62076">
        <ele>21.0</ele>
      </trkpt>
      <trkpt lat="43.18382" lon="16.620999">
        <ele>21.6</ele>
      </trkpt>
      <trkpt lat="43.18378" lon="16.62124">
        <ele>22.1</ele>
      </trkpt>
      <trkpt lat="43.18374" lon="16.621479">
        <ele>22.7</ele>
      </trkpt>
      <trkpt lat="43.1833" lon="16.624379">
        <ele>25.4</ele>
      </trkpt>
      <trkpt lat="43.18286" lon="16.62723">
        <ele>25.6</ele>
      </trkpt>
      <trkpt lat="43.18282" lon="16.627469">
        <ele>25.3</ele>
      </trkpt>
      <trkpt lat="43.18271" lon="16.6282">
        <ele>24.7</ele>
      </trkpt>
      <trkpt lat="43.18239" lon="16.630199">
        <ele>26.1</ele>
      </trkpt>
      <trkpt lat="43.18235" lon="16.63044">
        <ele>25.9</ele>
      </trkpt>
      <trkpt lat="43.18231" lon="16.63068">
        <ele>25.8</ele>
      </trkpt>
      <trkpt lat="43.18158" lon="16.63525">
        <ele>20.2</ele>
      </trkpt>
      <trkpt lat="43.18095" lon="16.63916">
        <ele>19.7</ele>
      </trkpt>
      <trkpt lat="43.18094" lon="16.639199">
        <ele>19.7</ele>
      </trkpt>
      <trkpt lat="43.1806" lon="16.6412">
        <ele>18.3</ele>
      </trkpt>
      <trkpt lat="43.18004" lon="16.64448">
        <ele>16.0</ele>
      </trkpt>
      <trkpt lat="43.17974" lon="16.646249">
        <ele>14.2</ele>
      </trkpt>
      <trkpt lat="43.17969" lon="16.64649">
        <ele>13.9</ele>
      </trkpt>
      <trkpt lat="43.17908" lon="16.650089">
        <ele>16.1</ele>
      </trkpt>
      <trkpt lat="43.17885" lon="16.65156">
        <ele>14.2</ele>
      </trkpt>
      <trkpt lat="43.17881" lon="16.65183">
        <ele>13.8</ele>
      </trkpt>
      <trkpt lat="43.17868" lon="16.65256">
        <ele>13.2</ele>
      </trkpt>
      <trkpt lat="43.17864" lon="16.6528">
        <ele>13.6</ele>
      </trkpt>
      <trkpt lat="43.1786" lon="16.65304">
        <ele>14.0</ele>
      </trkpt>
      <trkpt lat="43.178205" lon="16.655328">
        <ele>15.5</ele>
      </trkpt>
      <trkpt lat="43.17821" lon="16.65533">
        <ele>15.5</ele>
      </trkpt>
      <trkpt lat="43.17806" lon="16.65617">
        <ele>16.2</ele>
      </trkpt>
      <trkpt lat="43.17772" lon="16.658169">
        <ele>16.3</ele>
      </trkpt>
      <trkpt lat="43.17759" lon="16.65895">
        <ele>15.3</ele>
      </trkpt>
      <trkpt lat="43.17742" lon="16.660049">
        <ele>13.5</ele>
      </trkpt>
      <trkpt lat="43.17738" lon="16.66029">
        <ele>14.1</ele>
      </trkpt>
      <trkpt lat="43.17734" lon="16.66053">
        <ele>14.6</ele>
      </trkpt>
      <trkpt lat="43.1769" lon="16.66318">
        <ele>18.8</ele>
      </trkpt>
      <trkpt lat="43.17687" lon="16.663419">
        <ele>18.8</ele>
      </trkpt>
      <trkpt lat="43.17677" lon="16.663989">
        <ele>19.0</ele>
      </trkpt>
      <trkpt lat="43.17669" lon="16.66488">
        <ele>18.1</ele>
      </trkpt>
      <trkpt lat="43.17669" lon="16.66488">
        <ele>18.1</ele>
      </trkpt>
      <trkpt lat="43.17814" lon="16.66524">
        <ele>16.2</ele>
      </trkpt>
      <trkpt lat="43.17851" lon="16.66533">
        <ele>15.5</ele>
      </trkpt>
      <trkpt lat="43.17874" lon="16.665389">
        <ele>15.3</ele>
      </trkpt>
      <trkpt lat="43.17898" lon="16.66544">
        <ele>15.1</ele>
      </trkpt>
      <trkpt lat="43.17904" lon="16.66546">
        <ele>15.1</ele>
      </trkpt>
      <trkpt lat="43.17908" lon="16.66547">
        <ele>15.0</ele>
      </trkpt>
      <trkpt lat="43.17921" lon="16.6655">
        <ele>14.9</ele>
      </trkpt>
      <trkpt lat="43.17944" lon="16.665569">
        <ele>14.0</ele>
      </trkpt>
      <trkpt lat="43.17967" lon="16.66564">
        <ele>13.0</ele>
      </trkpt>
      <trkpt lat="43.17989" lon="16.66571">
        <ele>11.9</ele>
      </trkpt>
      <trkpt lat="43.18001" lon="16.66575">
        <ele>11.3</ele>
      </trkpt>
      <trkpt lat="43.18012" lon="16.66579">
        <ele>11.0</ele>
      </trkpt>
      <trkpt lat="43.18024" lon="16.66583">
        <ele>10.7</ele>
      </trkpt>
      <trkpt lat="43.180239" lon="16.665833">
        <ele>10.7</ele>
      </trkpt>
      <trkpt lat="43.18034" lon="16.66587">
        <ele>10.7</ele>
      </trkpt>
      <trkpt lat="43.18057" lon="16.665959">
        <ele>10.6</ele>
      </trkpt>
      <trkpt lat="43.18069" lon="16.66599">
        <ele>10.5</ele>
      </trkpt>
      <trkpt lat="43.18082" lon="16.66603">
        <ele>10.5</ele>
      </trkpt>
      <trkpt lat="43.18095" lon="16.66606">
        <ele>9.8</ele>
      </trkpt>
      <trkpt lat="43.18108" lon="16.66609">
        <ele>9.0</ele>
      </trkpt>
      <trkpt lat="43.18121" lon="16.66611">
        <ele>8.1</ele>
      </trkpt>
      <trkpt lat="43.18134" lon="16.666129">
        <ele>7.2</ele>
      </trkpt>
      <trkpt lat="43.18145" lon="16.666139">
        <ele>6.5</ele>
      </trkpt>
      <trkpt lat="43.18145" lon="16.666139">
        <ele>6.5</ele>
      </trkpt>
      <trkpt lat="43.18145" lon="16.66628">
        <ele>6.6</ele>
      </trkpt>
      <trkpt lat="43.18145" lon="16.66638">
        <ele>6.6</ele>
      </trkpt>
      <trkpt lat="43.18146" lon="16.66644">
        <ele>6.6</ele>
      </trkpt>
      <trkpt lat="43.18147" lon="16.66648">
        <ele>6.5</ele>
      </trkpt>
      <trkpt lat="43.18147" lon="16.66649">
        <ele>6.6</ele>
      </trkpt>
      <trkpt lat="43.1815" lon="16.66657">
        <ele>6.4</ele>
      </trkpt>
      <trkpt lat="43.18155" lon="16.666699">
        <ele>5.9</ele>
      </trkpt>
      <trkpt lat="43.18162" lon="16.66687">
        <ele>5.2</ele>
      </trkpt>
      <trkpt lat="43.18163" lon="16.66692">
        <ele>5.0</ele>
      </trkpt>
      <trkpt lat="43.18165" lon="16.666989">
        <ele>4.8</ele>
      </trkpt>
      <trkpt lat="43.18167" lon="16.667069">
        <ele>4.5</ele>
      </trkpt>
      <trkpt lat="43.18167" lon="16.66714">
        <ele>4.4</ele>
      </trkpt>
      <trkpt lat="43.18167" lon="16.66715">
        <ele>4.4</ele>
      </trkpt>
      <trkpt lat="43.18169" lon="16.6673">
        <ele>4.4</ele>
      </trkpt>
      <trkpt lat="43.18169" lon="16.6673">
        <ele>4.4</ele>
      </trkpt>
      <trkpt lat="43.18179" lon="16.667369">
        <ele>4.9</ele>
      </trkpt>
      <trkpt lat="43.18179" lon="16.667369">
        <ele>4.9</ele>
      </trkpt>
      <trkpt lat="43.18173" lon="16.66756">
        <ele>4.4</ele>
      </trkpt>
      <trkpt lat="43.1817" lon="16.667629">
        <ele>4.4</ele>
      </trkpt>
      <trkpt lat="43.18169" lon="16.66771">
        <ele>4.4</ele>
      </trkpt>
      <trkpt lat="43.18168" lon="16.66791">
        <ele>4.6</ele>
      </trkpt>
      <trkpt lat="43.18168" lon="16.66817">
        <ele>4.9</ele>
      </trkpt>
      <trkpt lat="43.18169" lon="16.66822">
        <ele>5.0</ele>
      </trkpt>
      <trkpt lat="43.18171" lon="16.66826">
        <ele>5.1</ele>
      </trkpt>
      <trkpt lat="43.1818" lon="16.66845">
        <ele>5.8</ele>
      </trkpt>
      <trkpt lat="43.18185" lon="16.66852">
        <ele>6.1</ele>
      </trkpt>
      <trkpt lat="43.18193" lon="16.66866">
        <ele>6.6</ele>
      </trkpt>
      <trkpt lat="43.18205" lon="16.66882">
        <ele>6.9</ele>
      </trkpt>
      <trkpt lat="43.18209" lon="16.66888">
        <ele>7.0</ele>
      </trkpt>
      <trkpt lat="43.18214" lon="16.668949">
        <ele>7.1</ele>
      </trkpt>
      <trkpt lat="43.18221" lon="16.66906">
        <ele>7.1</ele>
      </trkpt>
      <trkpt lat="43.18222" lon="16.66908">
        <ele>7.1</ele>
      </trkpt>
      <trkpt lat="43.1823" lon="16.669239">
        <ele>6.8</ele>
      </trkpt>
      <trkpt lat="43.18236" lon="16.6694">
        <ele>6.4</ele>
      </trkpt>
      <trkpt lat="43.18238" lon="16.66947">
        <ele>6.2</ele>
      </trkpt>
      <trkpt lat="43.18239" lon="16.66955">
        <ele>6.0</ele>
      </trkpt>
      <trkpt lat="43.18239" lon="16.669619">
        <ele>5.8</ele>
      </trkpt>
      <trkpt lat="43.18239" lon="16.66969">
        <ele>5.7</ele>
      </trkpt>
      <trkpt lat="43.18238" lon="16.66974">
        <ele>5.5</ele>
      </trkpt>
      <trkpt lat="43.18237" lon="16.66982">
        <ele>5.3</ele>
      </trkpt>
      <trkpt lat="43.18236" lon="16.669899">
        <ele>5.1</ele>
      </trkpt>
      <trkpt lat="43.18234" lon="16.669979">
        <ele>4.9</ele>
      </trkpt>
      <trkpt lat="43.18233" lon="16.67001">
        <ele>4.8</ele>
      </trkpt>
      <trkpt lat="43.18232" lon="16.67003">
        <ele>4.8</ele>
      </trkpt>
      <trkpt lat="43.1823" lon="16.670079">
        <ele>4.7</ele>
      </trkpt>
      <trkpt lat="43.18229" lon="16.6701">
        <ele>4.7</ele>
      </trkpt>
      <trkpt lat="43.18227" lon="16.67016">
        <ele>4.6</ele>
      </trkpt>
      <trkpt lat="43.18225" lon="16.6702">
        <ele>4.5</ele>
      </trkpt>
      <trkpt lat="43.18224" lon="16.67024">
        <ele>4.4</ele>
      </trkpt>
      <trkpt lat="43.18222" lon="16.67028">
        <ele>4.3</ele>
      </trkpt>
      <trkpt lat="43.18219" lon="16.670359">
        <ele>4.1</ele>
      </trkpt>
      <trkpt lat="43.1821" lon="16.670539">
        <ele>3.6</ele>
      </trkpt>
      <trkpt lat="43.18206" lon="16.67061">
        <ele>3.3</ele>
      </trkpt>
      <trkpt lat="43.18206" lon="16.67061">
        <ele>3.3</ele>
      </trkpt>
      <trkpt lat="43.1821" lon="16.670639">
        <ele>3.4</ele>
      </trkpt>
      <trkpt lat="43.1821" lon="16.670639">
        <ele>3.4</ele>
      </trkpt>
      <trkpt lat="43.182" lon="16.67106">
        <ele>3.5</ele>
      </trkpt>
      <trkpt lat="43.18194" lon="16.671399">
        <ele>4.3</ele>
      </trkpt>
      <trkpt lat="43.18191" lon="16.67162">
        <ele>4.9</ele>
      </trkpt>
      <trkpt lat="43.18191" lon="16.67184">
        <ele>5.3</ele>
      </trkpt>
      <trkpt lat="43.18192" lon="16.672339">
        <ele>6.1</ele>
      </trkpt>
      <trkpt lat="43.18193" lon="16.67249">
        <ele>6.5</ele>
      </trkpt>
      <trkpt lat="43.18194" lon="16.67265">
        <ele>7.3</ele>
      </trkpt>
      <trkpt lat="43.18197" lon="16.67273">
        <ele>8.0</ele>
      </trkpt>
      <trkpt lat="43.18198" lon="16.67276">
        <ele>8.3</ele>
      </trkpt>
      <trkpt lat="43.18201" lon="16.67282">
        <ele>9.0</ele>
      </trkpt>
      <trkpt lat="43.18202" lon="16.67284">
        <ele>9.2</ele>
      </trkpt>
      <trkpt lat="43.18203" lon="16.67286">
        <ele>9.5</ele>
      </trkpt>
      <trkpt lat="43.18204" lon="16.672889">
        <ele>9.8</ele>
      </trkpt>
      <trkpt lat="43.18205" lon="16.67291">
        <ele>10.0</ele>
      </trkpt>
      <trkpt lat="43.18205" lon="16.67293">
        <ele>10.1</ele>
      </trkpt>
      <trkpt lat="43.18205" lon="16.67295">
        <ele>10.2</ele>
      </trkpt>
      <trkpt lat="43.18204" lon="16.67297">
        <ele>10.1</ele>
      </trkpt>
      <trkpt lat="43.18202" lon="16.67303">
        <ele>10.1</ele>
      </trkpt>
      <trkpt lat="43.182" lon="16.673079">
        <ele>10.0</ele>
      </trkpt>
      <trkpt lat="43.182" lon="16.67312">
        <ele>10.2</ele>
      </trkpt>
      <trkpt lat="43.18199" lon="16.67316">
        <ele>10.3</ele>
      </trkpt>
      <trkpt lat="43.18199" lon="16.673179">
        <ele>10.4</ele>
      </trkpt>
      <trkpt lat="43.18199" lon="16.673179">
        <ele>10.4</ele>
      </trkpt>
      <trkpt lat="43.18197" lon="16.67323">
        <ele>10.3</ele>
      </trkpt>
      <trkpt lat="43.18194" lon="16.673269">
        <ele>10.0</ele>
      </trkpt>
      <trkpt lat="43.18192" lon="16.67331">
        <ele>9.9</ele>
      </trkpt>
      <trkpt lat="43.1819" lon="16.67334">
        <ele>9.7</ele>
      </trkpt>
      <trkpt lat="43.18187" lon="16.67335">
        <ele>9.3</ele>
      </trkpt>
      <trkpt lat="43.18187" lon="16.673359">
        <ele>9.4</ele>
      </trkpt>
      <trkpt lat="43.18184" lon="16.673369">
        <ele>9.0</ele>
      </trkpt>
      <trkpt lat="43.1818" lon="16.67338">
        <ele>8.5</ele>
      </trkpt>
      <trkpt lat="43.18173" lon="16.673369">
        <ele>7.3</ele>
      </trkpt>
      <trkpt lat="43.1817" lon="16.673359">
        <ele>6.7</ele>
      </trkpt>
      <trkpt lat="43.18169" lon="16.673359">
        <ele>6.6</ele>
      </trkpt>
      <trkpt lat="43.18165" lon="16.67334">
        <ele>6.0</ele>
      </trkpt>
      <trkpt lat="43.1816" lon="16.67333">
        <ele>5.7</ele>
      </trkpt>
      <trkpt lat="43.18156" lon="16.67332">
        <ele>5.5</ele>
      </trkpt>
      <trkpt lat="43.181557" lon="16.673319">
        <ele>5.4</ele>
      </trkpt>
      <trkpt lat="43.18152" lon="16.67331">
        <ele>5.2</ele>
      </trkpt>
      <trkpt lat="43.18149" lon="16.67333">
        <ele>5.1</ele>
      </trkpt>
      <trkpt lat="43.18147" lon="16.67334">
        <ele>5.1</ele>
      </trkpt>
      <trkpt lat="43.18144" lon="16.67338">
        <ele>5.2</ele>
      </trkpt>
      <trkpt lat="43.18139" lon="16.673469">
        <ele>5.6</ele>
      </trkpt>
      <trkpt lat="43.18136" lon="16.67351">
        <ele>5.7</ele>
      </trkpt>
      <trkpt lat="43.18132" lon="16.67371">
        <ele>6.7</ele>
      </trkpt>
      <trkpt lat="43.18128" lon="16.67377">
        <ele>6.8</ele>
      </trkpt>
      <trkpt lat="43.18123" lon="16.673929">
        <ele>7.4</ele>
      </trkpt>
      <trkpt lat="43.1812" lon="16.67399">
        <ele>7.5</ele>
      </trkpt>
      <trkpt lat="43.18118" lon="16.67404">
        <ele>7.6</ele>
      </trkpt>
      <trkpt lat="43.18114" lon="16.674109">
        <ele>7.6</ele>
      </trkpt>
      <trkpt lat="43.18111" lon="16.67415">
        <ele>7.6</ele>
      </trkpt>
      <trkpt lat="43.18107" lon="16.67423">
        <ele>7.6</ele>
      </trkpt>
      <trkpt lat="43.18102" lon="16.67428">
        <ele>7.3</ele>
      </trkpt>
      <trkpt lat="43.18096" lon="16.67432">
        <ele>7.0</ele>
      </trkpt>
      <trkpt lat="43.18087" lon="16.67438">
        <ele>6.4</ele>
      </trkpt>
      <trkpt lat="43.18081" lon="16.67443">
        <ele>6.1</ele>
      </trkpt>
      <trkpt lat="43.18071" lon="16.674489">
        <ele>5.9</ele>
      </trkpt>
      <trkpt lat="43.1806" lon="16.67457">
        <ele>5.7</ele>
      </trkpt>
      <trkpt lat="43.18051" lon="16.674669">
        <ele>5.7</ele>
      </trkpt>
      <trkpt lat="43.18044" lon="16.67476">
        <ele>5.8</ele>
      </trkpt>
      <trkpt lat="43.1804" lon="16.67484">
        <ele>6.1</ele>
      </trkpt>
      <trkpt lat="43.18037" lon="16.67492">
        <ele>6.3</ele>
      </trkpt>
      <trkpt lat="43.18034" lon="16.675">
        <ele>6.6</ele>
      </trkpt>
      <trkpt lat="43.1803" lon="16.67507">
        <ele>6.8</ele>
      </trkpt>
      <trkpt lat="43.18028" lon="16.6751">
        <ele>6.8</ele>
      </trkpt>
      <trkpt lat="43.18021" lon="16.6752">
        <ele>6.8</ele>
      </trkpt>
      <trkpt lat="43.18011" lon="16.6754">
        <ele>7.1</ele>
      </trkpt>
      <trkpt lat="43.18009" lon="16.67547">
        <ele>7.2</ele>
      </trkpt>
      <trkpt lat="43.18007" lon="16.67554">
        <ele>7.4</ele>
      </trkpt>
      <trkpt lat="43.18006" lon="16.67554">
        <ele>7.3</ele>
      </trkpt>
      <trkpt lat="43.18005" lon="16.675619">
        <ele>7.6</ele>
      </trkpt>
      <trkpt lat="43.18004" lon="16.67569">
        <ele>7.8</ele>
      </trkpt>
      <trkpt lat="43.18003" lon="16.67579">
        <ele>8.1</ele>
      </trkpt>
      <trkpt lat="43.18003" lon="16.675909">
        <ele>8.3</ele>
      </trkpt>
      <trkpt lat="43.18003" lon="16.675999">
        <ele>8.4</ele>
      </trkpt>
      <trkpt lat="43.18005" lon="16.676089">
        <ele>8.7</ele>
      </trkpt>
      <trkpt lat="43.18009" lon="16.676179">
        <ele>9.2</ele>
      </trkpt>
      <trkpt lat="43.18012" lon="16.67624">
        <ele>9.5</ele>
      </trkpt>
      <trkpt lat="43.18013" lon="16.676279">
        <ele>9.6</ele>
      </trkpt>
      <trkpt lat="43.18019" lon="16.67648">
        <ele>10.5</ele>
      </trkpt>
      <trkpt lat="43.18029" lon="16.67667">
        <ele>11.8</ele>
      </trkpt>
      <trkpt lat="43.18034" lon="16.67676">
        <ele>12.2</ele>
      </trkpt>
      <trkpt lat="43.18036" lon="16.6768">
        <ele>12.3</ele>
      </trkpt>
      <trkpt lat="43.18038" lon="16.67687">
        <ele>12.5</ele>
      </trkpt>
      <trkpt lat="43.1804" lon="16.677">
        <ele>12.6</ele>
      </trkpt>
      <trkpt lat="43.1804" lon="16.67709">
        <ele>12.5</ele>
      </trkpt>
      <trkpt lat="43.1804" lon="16.6772">
        <ele>12.5</ele>
      </trkpt>
      <trkpt lat="43.1804" lon="16.67728">
        <ele>12.4</ele>
      </trkpt>
      <trkpt lat="43.1804" lon="16.67736">
        <ele>12.3</ele>
      </trkpt>
      <trkpt lat="43.18038" lon="16.67744">
        <ele>12.0</ele>
      </trkpt>
      <trkpt lat="43.18037" lon="16.67748">
        <ele>11.8</ele>
      </trkpt>
      <trkpt lat="43.18035" lon="16.67753">
        <ele>11.5</ele>
      </trkpt>
      <trkpt lat="43.18035" lon="16.67754">
        <ele>11.6</ele>
      </trkpt>
      <trkpt lat="43.18032" lon="16.6776">
        <ele>11.3</ele>
      </trkpt>
      <trkpt lat="43.18028" lon="16.67771">
        <ele>11.0</ele>
      </trkpt>
      <trkpt lat="43.1802" lon="16.67782">
        <ele>10.0</ele>
      </trkpt>
      <trkpt lat="43.18004" lon="16.67814">
        <ele>8.2</ele>
      </trkpt>
      <trkpt lat="43.17996" lon="16.6783">
        <ele>7.5</ele>
      </trkpt>
      <trkpt lat="43.17993" lon="16.67836">
        <ele>7.3</ele>
      </trkpt>
      <trkpt lat="43.17992" lon="16.6784">
        <ele>7.2</ele>
      </trkpt>
      <trkpt lat="43.17988" lon="16.67851">
        <ele>6.8</ele>
      </trkpt>
      <trkpt lat="43.17987" lon="16.67856">
        <ele>6.8</ele>
      </trkpt>
      <trkpt lat="43.17985" lon="16.67864">
        <ele>6.6</ele>
      </trkpt>
      <trkpt lat="43.17985" lon="16.67874">
        <ele>6.6</ele>
      </trkpt>
      <trkpt lat="43.17985" lon="16.67879">
        <ele>6.6</ele>
      </trkpt>
      <trkpt lat="43.17986" lon="16.67883">
        <ele>6.7</ele>
      </trkpt>
      <trkpt lat="43.17987" lon="16.67888">
        <ele>6.8</ele>
      </trkpt>
      <trkpt lat="43.17991" lon="16.67896">
        <ele>7.1</ele>
      </trkpt>
      <trkpt lat="43.17992" lon="16.67898">
        <ele>7.2</ele>
      </trkpt>
      <trkpt lat="43.17993" lon="16.67903">
        <ele>7.3</ele>
      </trkpt>
      <trkpt lat="43.17996" lon="16.679089">
        <ele>7.6</ele>
      </trkpt>
      <trkpt lat="43.17997" lon="16.679099">
        <ele>7.7</ele>
      </trkpt>
      <trkpt lat="43.18" lon="16.67916">
        <ele>8.0</ele>
      </trkpt>
      <trkpt lat="43.18003" lon="16.67922">
        <ele>8.6</ele>
      </trkpt>
      <trkpt lat="43.18004" lon="16.67923">
        <ele>8.8</ele>
      </trkpt>
      <trkpt lat="43.18009" lon="16.679279">
        <ele>9.8</ele>
      </trkpt>
      <trkpt lat="43.18012" lon="16.67932">
        <ele>10.4</ele>
      </trkpt>
      <trkpt lat="43.18016" lon="16.67939">
        <ele>11.3</ele>
      </trkpt>
      <trkpt lat="43.18016" lon="16.6794">
        <ele>11.3</ele>
      </trkpt>
      <trkpt lat="43.18018" lon="16.679459">
        <ele>11.8</ele>
      </trkpt>
      <trkpt lat="43.18018" lon="16.6795">
        <ele>11.9</ele>
      </trkpt>
      <trkpt lat="43.18018" lon="16.67958">
        <ele>12.1</ele>
      </trkpt>
      <trkpt lat="43.18016" lon="16.679659">
        <ele>12.0</ele>
      </trkpt>
      <trkpt lat="43.18014" lon="16.679739">
        <ele>11.8</ele>
      </trkpt>
      <trkpt lat="43.18009" lon="16.67988">
        <ele>11.3</ele>
      </trkpt>
      <trkpt lat="43.18004" lon="16.679929">
        <ele>10.6</ele>
      </trkpt>
      <trkpt lat="43.17951" lon="16.68036">
        <ele>8.5</ele>
      </trkpt>
      <trkpt lat="43.17943" lon="16.68045">
        <ele>8.0</ele>
      </trkpt>
      <trkpt lat="43.1793" lon="16.68062">
        <ele>6.8</ele>
      </trkpt>
      <trkpt lat="43.17916" lon="16.680779">
        <ele>4.9</ele>
      </trkpt>
      <trkpt lat="43.17912" lon="16.68084">
        <ele>4.8</ele>
      </trkpt>
      <trkpt lat="43.17895" lon="16.68117">
        <ele>6.1</ele>
      </trkpt>
      <trkpt lat="43.17887" lon="16.68141">
        <ele>6.8</ele>
      </trkpt>
      <trkpt lat="43.17851" lon="16.68233">
        <ele>8.0</ele>
      </trkpt>
      <trkpt lat="43.17849" lon="16.68245">
        <ele>8.6</ele>
      </trkpt>
      <trkpt lat="43.1785" lon="16.68252">
        <ele>9.2</ele>
      </trkpt>
      <trkpt lat="43.1785" lon="16.682659">
        <ele>9.5</ele>
      </trkpt>
      <trkpt lat="43.17849" lon="16.6828">
        <ele>9.5</ele>
      </trkpt>
      <trkpt lat="43.17844" lon="16.682929">
        <ele>8.7</ele>
      </trkpt>
      <trkpt lat="43.17834" lon="16.683119">
        <ele>6.9</ele>
      </trkpt>
      <trkpt lat="43.17827" lon="16.683309">
        <ele>6.4</ele>
      </trkpt>
      <trkpt lat="43.17822" lon="16.68347">
        <ele>6.5</ele>
      </trkpt>
      <trkpt lat="43.17816" lon="16.683689">
        <ele>6.6</ele>
      </trkpt>
      <trkpt lat="43.17815" lon="16.68376">
        <ele>6.7</ele>
      </trkpt>
      <trkpt lat="43.17811" lon="16.68405">
        <ele>7.0</ele>
      </trkpt>
      <trkpt lat="43.1781" lon="16.68427">
        <ele>7.8</ele>
      </trkpt>
      <trkpt lat="43.17808" lon="16.68442">
        <ele>8.5</ele>
      </trkpt>
      <trkpt lat="43.17808" lon="16.68447">
        <ele>8.7</ele>
      </trkpt>
      <trkpt lat="43.17803" lon="16.6846">
        <ele>9.0</ele>
      </trkpt>
      <trkpt lat="43.17792" lon="16.68478">
        <ele>9.1</ele>
      </trkpt>
      <trkpt lat="43.17789" lon="16.68483">
        <ele>9.1</ele>
      </trkpt>
      <trkpt lat="43.17784" lon="16.68489">
        <ele>9.1</ele>
      </trkpt>
      <trkpt lat="43.17772" lon="16.68506">
        <ele>8.9</ele>
      </trkpt>
      <trkpt lat="43.17761" lon="16.68524">
        <ele>7.8</ele>
      </trkpt>
      <trkpt lat="43.17752" lon="16.6855">
        <ele>6.6</ele>
      </trkpt>
      <trkpt lat="43.17751" lon="16.68564">
        <ele>6.4</ele>
      </trkpt>
      <trkpt lat="43.1775" lon="16.68582">
        <ele>6.0</ele>
      </trkpt>
      <trkpt lat="43.1775" lon="16.68588">
        <ele>6.1</ele>
      </trkpt>
      <trkpt lat="43.1775" lon="16.686">
        <ele>6.2</ele>
      </trkpt>
      <trkpt lat="43.17751" lon="16.68614">
        <ele>6.5</ele>
      </trkpt>
      <trkpt lat="43.17752" lon="16.68629">
        <ele>6.8</ele>
      </trkpt>
      <trkpt lat="43.17758" lon="16.68663">
        <ele>8.0</ele>
      </trkpt>
      <trkpt lat="43.17767" lon="16.687069">
        <ele>5.9</ele>
      </trkpt>
      <trkpt lat="43.17772" lon="16.6873">
        <ele>4.6</ele>
      </trkpt>
      <trkpt lat="43.17773" lon="16.68732">
        <ele>4.5</ele>
      </trkpt>
      <trkpt lat="43.17779" lon="16.68747">
        <ele>4.1</ele>
      </trkpt>
      <trkpt lat="43.17791" lon="16.68768">
        <ele>5.0</ele>
      </trkpt>
      <trkpt lat="43.17809" lon="16.68795">
        <ele>6.3</ele>
      </trkpt>
      <trkpt lat="43.17832" lon="16.688279">
        <ele>7.1</ele>
      </trkpt>
      <trkpt lat="43.17833" lon="16.68827">
        <ele>7.3</ele>
      </trkpt>
      <trkpt lat="43.17871" lon="16.68877">
        <ele>6.3</ele>
      </trkpt>
      <trkpt lat="43.1794" lon="16.68911">
        <ele>8.0</ele>
      </trkpt>
      <trkpt lat="43.17982" lon="16.68834">
        <ele>15.3</ele>
      </trkpt>
      <trkpt lat="43.17965" lon="16.68833">
        <ele>14.8</ele>
      </trkpt>
      <trkpt lat="43.17892" lon="16.687719">
        <ele>16.2</ele>
      </trkpt>
      <trkpt lat="43.17888" lon="16.68774">
        <ele>15.7</ele>
      </trkpt>
      <trkpt lat="43.17927" lon="16.68805">
        <ele>16.0</ele>
      </trkpt>
      <trkpt lat="43.17964" lon="16.68835">
        <ele>14.6</ele>
      </trkpt>
      <trkpt lat="43.17979" lon="16.688379">
        <ele>14.9</ele>
      </trkpt>
      <trkpt lat="43.17988" lon="16.68835">
        <ele>15.4</ele>
      </trkpt>
      <trkpt lat="43.18022" lon="16.68821">
        <ele>16.8</ele>
      </trkpt>
      <trkpt lat="43.18053" lon="16.68802">
        <ele>18.5</ele>
      </trkpt>
      <trkpt lat="43.18084" lon="16.68768">
        <ele>22.0</ele>
      </trkpt>
      <trkpt lat="43.18094" lon="16.68752">
        <ele>23.2</ele>
      </trkpt>
      <trkpt lat="43.18107" lon="16.687339">
        <ele>23.8</ele>
      </trkpt>
      <trkpt lat="43.18129" lon="16.68699">
        <ele>26.0</ele>
      </trkpt>
      <trkpt lat="43.18142" lon="16.686869">
        <ele>26.9</ele>
      </trkpt>
      <trkpt lat="43.18142" lon="16.686869">
        <ele>26.9</ele>
      </trkpt>
      <trkpt lat="43.18155" lon="16.68577">
        <ele>33.4</ele>
      </trkpt>
      <trkpt lat="43.18159" lon="16.68541">
        <ele>35.6</ele>
      </trkpt>
      <trkpt lat="43.18165" lon="16.68492">
        <ele>38.3</ele>
      </trkpt>
      <trkpt lat="43.18166" lon="16.6848">
        <ele>38.7</ele>
      </trkpt>
      <trkpt lat="43.18173" lon="16.684249">
        <ele>40.1</ele>
      </trkpt>
      <trkpt lat="43.18181" lon="16.68347">
        <ele>41.8</ele>
      </trkpt>
      <trkpt lat="43.18184" lon="16.683209">
        <ele>42.0</ele>
      </trkpt>
      <trkpt lat="43.18191" lon="16.682559">
        <ele>42.1</ele>
      </trkpt>
      <trkpt lat="43.18202" lon="16.68158">
        <ele>41.1</ele>
      </trkpt>
      <trkpt lat="43.18211" lon="16.680779">
        <ele>42.2</ele>
      </trkpt>
      <trkpt lat="43.18215" lon="16.68053">
        <ele>42.4</ele>
      </trkpt>
      <trkpt lat="43.18218" lon="16.68028">
        <ele>42.6</ele>
      </trkpt>
      <trkpt lat="43.18227" lon="16.679649">
        <ele>42.3</ele>
      </trkpt>
      <trkpt lat="43.18231" lon="16.67915">
        <ele>40.9</ele>
      </trkpt>
      <trkpt lat="43.18233" lon="16.678999">
        <ele>41.1</ele>
      </trkpt>
      <trkpt lat="43.18236" lon="16.67864">
        <ele>41.3</ele>
      </trkpt>
      <trkpt lat="43.18236" lon="16.67864">
        <ele>41.3</ele>
      </trkpt>
      <trkpt lat="43.18235" lon="16.678629">
        <ele>41.1</ele>
      </trkpt>
      <trkpt lat="43.18232" lon="16.678619">
        <ele>40.8</ele>
      </trkpt>
      <trkpt lat="43.1818" lon="16.67812">
        <ele>33.0</ele>
      </trkpt>
      <trkpt lat="43.18151" lon="16.67784">
        <ele>28.3</ele>
      </trkpt>
      <trkpt lat="43.18146" lon="16.6778">
        <ele>27.6</ele>
      </trkpt>
      <trkpt lat="43.18144" lon="16.67771">
        <ele>27.0</ele>
      </trkpt>
      <trkpt lat="43.18143" lon="16.67762">
        <ele>26.6</ele>
      </trkpt>
      <trkpt lat="43.18144" lon="16.677389">
        <ele>26.1</ele>
      </trkpt>
      <trkpt lat="43.18146" lon="16.67714">
        <ele>26.0</ele>
      </trkpt>
      <trkpt lat="43.18147" lon="16.67697">
        <ele>25.9</ele>
      </trkpt>
      <trkpt lat="43.18152" lon="16.67657">
        <ele>25.5</ele>
      </trkpt>
      <trkpt lat="43.18153" lon="16.67641">
        <ele>24.8</ele>
      </trkpt>
      <trkpt lat="43.18154" lon="16.67626">
        <ele>24.0</ele>
      </trkpt>
      <trkpt lat="43.18154" lon="16.67606">
        <ele>22.9</ele>
      </trkpt>
      <trkpt lat="43.18159" lon="16.675609">
        <ele>20.6</ele>
      </trkpt>
      <trkpt lat="43.18165" lon="16.67539">
        <ele>19.6</ele>
      </trkpt>
      <trkpt lat="43.18176" lon="16.67518">
        <ele>19.3</ele>
      </trkpt>
      <trkpt lat="43.18177" lon="16.67516">
        <ele>19.3</ele>
      </trkpt>
      <trkpt lat="43.18186" lon="16.67501">
        <ele>19.2</ele>
      </trkpt>
      <trkpt lat="43.18187" lon="16.67498">
        <ele>19.1</ele>
      </trkpt>
      <trkpt lat="43.18193" lon="16.6748">
        <ele>19.0</ele>
      </trkpt>
      <trkpt lat="43.18195" lon="16.674499">
        <ele>18.1</ele>
      </trkpt>
      <trkpt lat="43.18197" lon="16.67426">
        <ele>17.4</ele>
      </trkpt>
      <trkpt lat="43.18198" lon="16.674019">
        <ele>16.0</ele>
      </trkpt>
      <trkpt lat="43.18202" lon="16.67377">
        <ele>14.7</ele>
      </trkpt>
      <trkpt lat="43.18204" lon="16.67367">
        <ele>14.3</ele>
      </trkpt>
      <trkpt lat="43.18208" lon="16.67353">
        <ele>13.9</ele>
      </trkpt>
      <trkpt lat="43.18216" lon="16.6732">
        <ele>13.0</ele>
      </trkpt>
      <trkpt lat="43.18216" lon="16.67319">
        <ele>13.0</ele>
      </trkpt>
      <trkpt lat="43.18218" lon="16.67314">
        <ele>13.0</ele>
      </trkpt>
      <trkpt lat="43.18219" lon="16.673089">
        <ele>12.9</ele>
      </trkpt>
      <trkpt lat="43.18219" lon="16.67306">
        <ele>12.8</ele>
      </trkpt>
      <trkpt lat="43.18219" lon="16.67304">
        <ele>12.7</ele>
      </trkpt>
      <trkpt lat="43.18219" lon="16.67302">
        <ele>12.6</ele>
      </trkpt>
      <trkpt lat="43.18219" lon="16.67301">
        <ele>12.5</ele>
      </trkpt>
      <trkpt lat="43.18218" lon="16.67301">
        <ele>12.4</ele>
      </trkpt>
      <trkpt lat="43.18218" lon="16.672999">
        <ele>12.3</ele>
      </trkpt>
      <trkpt lat="43.18218" lon="16.672989">
        <ele>12.3</ele>
      </trkpt>
      <trkpt lat="43.18217" lon="16.672989">
        <ele>12.1</ele>
      </trkpt>
      <trkpt lat="43.18216" lon="16.672989">
        <ele>12.0</ele>
      </trkpt>
      <trkpt lat="43.18215" lon="16.672999">
        <ele>11.9</ele>
      </trkpt>
      <trkpt lat="43.18212" lon="16.67306">
        <ele>11.7</ele>
      </trkpt>
      <trkpt lat="43.1821" lon="16.6731">
        <ele>11.6</ele>
      </trkpt>
      <trkpt lat="43.18209" lon="16.67313">
        <ele>11.6</ele>
      </trkpt>
      <trkpt lat="43.18208" lon="16.67315">
        <ele>11.6</ele>
      </trkpt>
      <trkpt lat="43.18207" lon="16.67316">
        <ele>11.5</ele>
      </trkpt>
      <trkpt lat="43.18206" lon="16.673169">
        <ele>11.4</ele>
      </trkpt>
      <trkpt lat="43.18205" lon="16.673179">
        <ele>11.3</ele>
      </trkpt>
      <trkpt lat="43.18202" lon="16.67319">
        <ele>10.9</ele>
      </trkpt>
      <trkpt lat="43.18201" lon="16.67319">
        <ele>10.7</ele>
      </trkpt>
      <trkpt lat="43.182" lon="16.67319">
        <ele>10.5</ele>
      </trkpt>
      <trkpt lat="43.182" lon="16.673179">
        <ele>10.5</ele>
      </trkpt>
      <trkpt lat="43.18199" lon="16.673179">
        <ele>10.4</ele>
      </trkpt>
      <trkpt lat="43.18199" lon="16.673179">
        <ele>10.4</ele>
      </trkpt>
      <trkpt lat="43.18199" lon="16.67316">
        <ele>10.3</ele>
      </trkpt>
      <trkpt lat="43.182" lon="16.67312">
        <ele>10.2</ele>
      </trkpt>
      <trkpt lat="43.182" lon="16.673079">
        <ele>10.0</ele>
      </trkpt>
      <trkpt lat="43.18202" lon="16.67303">
        <ele>10.1</ele>
      </trkpt>
      <trkpt lat="43.18204" lon="16.67297">
        <ele>10.1</ele>
      </trkpt>
      <trkpt lat="43.18205" lon="16.67295">
        <ele>10.2</ele>
      </trkpt>
      <trkpt lat="43.18205" lon="16.67293">
        <ele>10.1</ele>
      </trkpt>
      <trkpt lat="43.18205" lon="16.67291">
        <ele>10.0</ele>
      </trkpt>
      <trkpt lat="43.18204" lon="16.672889">
        <ele>9.8</ele>
      </trkpt>
      <trkpt lat="43.18203" lon="16.67286">
        <ele>9.5</ele>
      </trkpt>
      <trkpt lat="43.18202" lon="16.67284">
        <ele>9.2</ele>
      </trkpt>
      <trkpt lat="43.18201" lon="16.67282">
        <ele>9.0</ele>
      </trkpt>
      <trkpt lat="43.18198" lon="16.67276">
        <ele>8.3</ele>
      </trkpt>
      <trkpt lat="43.18197" lon="16.67273">
        <ele>8.0</ele>
      </trkpt>
      <trkpt lat="43.18194" lon="16.67265">
        <ele>7.3</ele>
      </trkpt>
      <trkpt lat="43.18193" lon="16.67249">
        <ele>6.5</ele>
      </trkpt>
      <trkpt lat="43.18192" lon="16.672339">
        <ele>6.1</ele>
      </trkpt>
      <trkpt lat="43.18192" lon="16.67228">
        <ele>6.0</ele>
      </trkpt>
      <trkpt lat="43.181919" lon="16.672276">
        <ele>6.0</ele>
      </trkpt>
      <trkpt lat="43.18191" lon="16.67184">
        <ele>5.3</ele>
      </trkpt>
      <trkpt lat="43.18191" lon="16.67162">
        <ele>4.9</ele>
      </trkpt>
      <trkpt lat="43.18194" lon="16.671399">
        <ele>4.3</ele>
      </trkpt>
      <trkpt lat="43.182" lon="16.67106">
        <ele>3.5</ele>
      </trkpt>
      <trkpt lat="43.1821" lon="16.670639">
        <ele>3.5</ele>
      </trkpt>
      <trkpt lat="43.1821" lon="16.670639">
        <ele>3.5</ele>
      </trkpt>
      <trkpt lat="43.18207" lon="16.67062">
        <ele>3.5</ele>
      </trkpt>
      <trkpt lat="43.18198" lon="16.670559">
        <ele>3.5</ele>
      </trkpt>
      <trkpt lat="43.18189" lon="16.67047">
        <ele>3.5</ele>
      </trkpt>
      <trkpt lat="43.18179" lon="16.67032">
        <ele>3.5</ele>
      </trkpt>
      <trkpt lat="43.181789" lon="16.670321">
        <ele>3.5</ele>
      </trkpt>
      <trkpt lat="43.18172" lon="16.67022">
        <ele>3.5</ele>
      </trkpt>
      <trkpt lat="43.18172" lon="16.67022">
        <ele>3.5</ele>
      </trkpt>
      <trkpt lat="43.18163" lon="16.67035">
        <ele>3.5</ele>
      </trkpt>
      <trkpt lat="43.18149" lon="16.67052">
        <ele>3.5</ele>
      </trkpt>
      <trkpt lat="43.18146" lon="16.67058">
        <ele>3.6</ele>
      </trkpt>
      <trkpt lat="43.18143" lon="16.670649">
        <ele>3.6</ele>
      </trkpt>
      <trkpt lat="43.18137" lon="16.670829">
        <ele>3.5</ele>
      </trkpt>
      <trkpt lat="43.18136" lon="16.670919">
        <ele>3.7</ele>
      </trkpt>
      <trkpt lat="43.18135" lon="16.67096">
        <ele>3.9</ele>
      </trkpt>
      <trkpt lat="43.18135" lon="16.67099">
        <ele>4.0</ele>
      </trkpt>
      <trkpt lat="43.18136" lon="16.67108">
        <ele>4.1</ele>
      </trkpt>
      <trkpt lat="43.18138" lon="16.67119">
        <ele>4.1</ele>
      </trkpt>
      <trkpt lat="43.18144" lon="16.671399">
        <ele>4.1</ele>
      </trkpt>
      <trkpt lat="43.18148" lon="16.67165">
        <ele>4.3</ele>
      </trkpt>
      <trkpt lat="43.18148" lon="16.67174">
        <ele>4.3</ele>
      </trkpt>
      <trkpt lat="43.18148" lon="16.672049">
        <ele>3.9</ele>
      </trkpt>
      <trkpt lat="43.18144" lon="16.67232">
        <ele>3.8</ele>
      </trkpt>
      <trkpt lat="43.1814" lon="16.672419">
        <ele>3.8</ele>
      </trkpt>
      <trkpt lat="43.18131" lon="16.67258">
        <ele>3.9</ele>
      </trkpt>
      <trkpt lat="43.18093" lon="16.672999">
        <ele>3.4</ele>
      </trkpt>
      <trkpt lat="43.1807" lon="16.673279">
        <ele>2.2</ele>
      </trkpt>
      <trkpt lat="43.18042" lon="16.67354">
        <ele>2.1</ele>
      </trkpt>
      <trkpt lat="43.18033" lon="16.67358">
        <ele>2.0</ele>
      </trkpt>
      <trkpt lat="43.18013" lon="16.67357">
        <ele>1.7</ele>
      </trkpt>
      <trkpt lat="43.18006" lon="16.673549">
        <ele>1.6</ele>
      </trkpt>
      <trkpt lat="43.18006" lon="16.673549">
        <ele>1.6</ele>
      </trkpt>
      <trkpt lat="43.17997" lon="16.673649">
        <ele>1.3</ele>
      </trkpt>
      <trkpt lat="43.17986" lon="16.67377">
        <ele>1.2</ele>
      </trkpt>
      <trkpt lat="43.17976" lon="16.67394">
        <ele>0.9</ele>
      </trkpt>
      <trkpt lat="43.1796" lon="16.67407">
        <ele>0.8</ele>
      </trkpt>
      <trkpt lat="43.17935" lon="16.6741">
        <ele>1.0</ele>
      </trkpt>
      <trkpt lat="43.1792" lon="16.674109">
        <ele>1.2</ele>
      </trkpt>
      <trkpt lat="43.17913" lon="16.67416">
        <ele>1.5</ele>
      </trkpt>
      <trkpt lat="43.17911" lon="16.67418">
        <ele>1.7</ele>
      </trkpt>
      <trkpt lat="43.17901" lon="16.67434">
        <ele>3.1</ele>
      </trkpt>
      <trkpt lat="43.179" lon="16.67435">
        <ele>3.3</ele>
      </trkpt>
      <trkpt lat="43.17892" lon="16.67452">
        <ele>4.5</ele>
      </trkpt>
      <trkpt lat="43.17883" lon="16.67473">
        <ele>6.0</ele>
      </trkpt>
      <trkpt lat="43.17875" lon="16.67493">
        <ele>7.4</ele>
      </trkpt>
      <trkpt lat="43.17872" lon="16.67501">
        <ele>7.9</ele>
      </trkpt>
      <trkpt lat="43.17872" lon="16.67508">
        <ele>8.1</ele>
      </trkpt>
      <trkpt lat="43.17875" lon="16.67555">
        <ele>8.5</ele>
      </trkpt>
      <trkpt lat="43.178754" lon="16.675707">
        <ele>8.7</ele>
      </trkpt>
      <trkpt lat="43.17876" lon="16.67596">
        <ele>9.5</ele>
      </trkpt>
      <trkpt lat="43.17877" lon="16.67607">
        <ele>9.9</ele>
      </trkpt>
      <trkpt lat="43.17884" lon="16.67638">
        <ele>10.3</ele>
      </trkpt>
      <trkpt lat="43.1789" lon="16.676559">
        <ele>10.2</ele>
      </trkpt>
      <trkpt lat="43.17893" lon="16.676649">
        <ele>10.2</ele>
      </trkpt>
      <trkpt lat="43.17895" lon="16.67669">
        <ele>9.8</ele>
      </trkpt>
      <trkpt lat="43.17902" lon="16.67679">
        <ele>7.9</ele>
      </trkpt>
      <trkpt lat="43.17905" lon="16.676839">
        <ele>7.1</ele>
      </trkpt>
      <trkpt lat="43.17906" lon="16.67685">
        <ele>6.8</ele>
      </trkpt>
      <trkpt lat="43.17908" lon="16.676929">
        <ele>5.9</ele>
      </trkpt>
      <trkpt lat="43.17909" lon="16.677">
        <ele>5.2</ele>
      </trkpt>
      <trkpt lat="43.17909" lon="16.67707">
        <ele>4.8</ele>
      </trkpt>
      <trkpt lat="43.17908" lon="16.67719">
        <ele>4.2</ele>
      </trkpt>
      <trkpt lat="43.17905" lon="16.677299">
        <ele>4.3</ele>
      </trkpt>
      <trkpt lat="43.17899" lon="16.677399">
        <ele>5.2</ele>
      </trkpt>
      <trkpt lat="43.17883" lon="16.67762">
        <ele>8.8</ele>
      </trkpt>
      <trkpt lat="43.17875" lon="16.67775">
        <ele>10.7</ele>
      </trkpt>
      <trkpt lat="43.17869" lon="16.67794">
        <ele>12.0</ele>
      </trkpt>
      <trkpt lat="43.17867" lon="16.67819">
        <ele>12.1</ele>
      </trkpt>
      <trkpt lat="43.17864" lon="16.678349">
        <ele>12.4</ele>
      </trkpt>
      <trkpt lat="43.17862" lon="16.6784">
        <ele>12.1</ele>
      </trkpt>
      <trkpt lat="43.17857" lon="16.67858">
        <ele>10.1</ele>
      </trkpt>
      <trkpt lat="43.17857" lon="16.67859">
        <ele>9.9</ele>
      </trkpt>
      <trkpt lat="43.17852" lon="16.678799">
        <ele>6.8</ele>
      </trkpt>
      <trkpt lat="43.17852" lon="16.678809">
        <ele>6.6</ele>
      </trkpt>
      <trkpt lat="43.17845" lon="16.67904">
        <ele>2.6</ele>
      </trkpt>
      <trkpt lat="43.17844" lon="16.67907">
        <ele>2.0</ele>
      </trkpt>
      <trkpt lat="43.17837" lon="16.67921">
        <ele>0.0</ele>
      </trkpt>
      <trkpt lat="43.17835" lon="16.67925">
        <ele>0.0</ele>
      </trkpt>
      <trkpt lat="43.17826" lon="16.6794">
        <ele>1.8</ele>
      </trkpt>
      <trkpt lat="43.17809" lon="16.67958">
        <ele>5.1</ele>
      </trkpt>
      <trkpt lat="43.17792" lon="16.679739">
        <ele>7.3</ele>
      </trkpt>
      <trkpt lat="43.17778" lon="16.679839">
        <ele>8.5</ele>
      </trkpt>
      <trkpt lat="43.17775" lon="16.67987">
        <ele>8.6</ele>
      </trkpt>
      <trkpt lat="43.17757" lon="16.67999">
        <ele>9.3</ele>
      </trkpt>
      <trkpt lat="43.17746" lon="16.68006">
        <ele>9.6</ele>
      </trkpt>
      <trkpt lat="43.17744" lon="16.68007">
        <ele>9.7</ele>
      </trkpt>
      <trkpt lat="43.17738" lon="16.68015">
        <ele>9.3</ele>
      </trkpt>
      <trkpt lat="43.17735" lon="16.68024">
        <ele>8.6</ele>
      </trkpt>
      <trkpt lat="43.17734" lon="16.68028">
        <ele>8.3</ele>
      </trkpt>
      <trkpt lat="43.17731" lon="16.680409">
        <ele>7.2</ele>
      </trkpt>
      <trkpt lat="43.17728" lon="16.68058">
        <ele>5.8</ele>
      </trkpt>
      <trkpt lat="43.17727" lon="16.68072">
        <ele>4.5</ele>
      </trkpt>
      <trkpt lat="43.17727" lon="16.68073">
        <ele>4.4</ele>
      </trkpt>
      <trkpt lat="43.17723" lon="16.68084">
        <ele>3.9</ele>
      </trkpt>
      <trkpt lat="43.1772" lon="16.680869">
        <ele>4.3</ele>
      </trkpt>
      <trkpt lat="43.17716" lon="16.6809">
        <ele>4.8</ele>
      </trkpt>
      <trkpt lat="43.17714" lon="16.68091">
        <ele>5.0</ele>
      </trkpt>
      <trkpt lat="43.1771" lon="16.6809">
        <ele>5.6</ele>
      </trkpt>
      <trkpt lat="43.17703" lon="16.6809">
        <ele>6.6</ele>
      </trkpt>
      <trkpt lat="43.17696" lon="16.68091">
        <ele>7.5</ele>
      </trkpt>
      <trkpt lat="43.17687" lon="16.68091">
        <ele>8.8</ele>
      </trkpt>
      <trkpt lat="43.1768" lon="16.68092">
        <ele>9.7</ele>
      </trkpt>
      <trkpt lat="43.17678" lon="16.68093">
        <ele>10.0</ele>
      </trkpt>
      <trkpt lat="43.17675" lon="16.68093">
        <ele>10.4</ele>
      </trkpt>
      <trkpt lat="43.17674" lon="16.68094">
        <ele>10.5</ele>
      </trkpt>
      <trkpt lat="43.17673" lon="16.680959">
        <ele>10.5</ele>
      </trkpt>
      <trkpt lat="43.17672" lon="16.68098">
        <ele>10.6</ele>
      </trkpt>
      <trkpt lat="43.17671" lon="16.68101">
        <ele>10.6</ele>
      </trkpt>
      <trkpt lat="43.17671" lon="16.68103">
        <ele>10.5</ele>
      </trkpt>
      <trkpt lat="43.17669" lon="16.68111">
        <ele>10.4</ele>
      </trkpt>
      <trkpt lat="43.17666" lon="16.681239">
        <ele>10.1</ele>
      </trkpt>
      <trkpt lat="43.17664" lon="16.68133">
        <ele>9.9</ele>
      </trkpt>
      <trkpt lat="43.1766" lon="16.68141">
        <ele>9.9</ele>
      </trkpt>
      <trkpt lat="43.17655" lon="16.68147">
        <ele>10.0</ele>
      </trkpt>
      <trkpt lat="43.17652" lon="16.6815">
        <ele>10.1</ele>
      </trkpt>
      <trkpt lat="43.17637" lon="16.68164">
        <ele>10.7</ele>
      </trkpt>
      <trkpt lat="43.17629" lon="16.68169">
        <ele>11.0</ele>
      </trkpt>
      <trkpt lat="43.17622" lon="16.68176">
        <ele>10.9</ele>
      </trkpt>
      <trkpt lat="43.17614" lon="16.68193">
        <ele>10.1</ele>
      </trkpt>
      <trkpt lat="43.17613" lon="16.68198">
        <ele>9.7</ele>
      </trkpt>
      <trkpt lat="43.17611" lon="16.68208">
        <ele>9.0</ele>
      </trkpt>
      <trkpt lat="43.1761" lon="16.68222">
        <ele>7.9</ele>
      </trkpt>
      <trkpt lat="43.17609" lon="16.68224">
        <ele>7.8</ele>
      </trkpt>
      <trkpt lat="43.17606" lon="16.68232">
        <ele>7.4</ele>
      </trkpt>
      <trkpt lat="43.17601" lon="16.68242">
        <ele>7.0</ele>
      </trkpt>
      <trkpt lat="43.176" lon="16.68243">
        <ele>7.0</ele>
      </trkpt>
      <trkpt lat="43.17592" lon="16.68252">
        <ele>7.0</ele>
      </trkpt>
      <trkpt lat="43.17579" lon="16.68263">
        <ele>7.1</ele>
      </trkpt>
      <trkpt lat="43.17569" lon="16.682659">
        <ele>7.5</ele>
      </trkpt>
      <trkpt lat="43.17562" lon="16.68268">
        <ele>7.9</ele>
      </trkpt>
      <trkpt lat="43.17523" lon="16.682749">
        <ele>10.2</ele>
      </trkpt>
      <trkpt lat="43.17509" lon="16.68279">
        <ele>10.9</ele>
      </trkpt>
      <trkpt lat="43.17501" lon="16.68282">
        <ele>11.2</ele>
      </trkpt>
      <trkpt lat="43.17495" lon="16.68286">
        <ele>11.5</ele>
      </trkpt>
      <trkpt lat="43.17491" lon="16.68289">
        <ele>11.7</ele>
      </trkpt>
      <trkpt lat="43.17488" lon="16.682929">
        <ele>11.7</ele>
      </trkpt>
      <trkpt lat="43.17485" lon="16.68298">
        <ele>11.6</ele>
      </trkpt>
      <trkpt lat="43.17482" lon="16.683039">
        <ele>11.4</ele>
      </trkpt>
      <trkpt lat="43.17479" lon="16.68314">
        <ele>10.9</ele>
      </trkpt>
      <trkpt lat="43.17472" lon="16.68333">
        <ele>10.1</ele>
      </trkpt>
      <trkpt lat="43.17458" lon="16.68377">
        <ele>7.3</ele>
      </trkpt>
      <trkpt lat="43.17447" lon="16.68394">
        <ele>6.7</ele>
      </trkpt>
      <trkpt lat="43.17441" lon="16.68399">
        <ele>6.7</ele>
      </trkpt>
      <trkpt lat="43.17433" lon="16.68408">
        <ele>6.5</ele>
      </trkpt>
      <trkpt lat="43.17427" lon="16.68414">
        <ele>6.4</ele>
      </trkpt>
      <trkpt lat="43.17423" lon="16.68418">
        <ele>6.4</ele>
      </trkpt>
      <trkpt lat="43.17417" lon="16.68423">
        <ele>6.4</ele>
      </trkpt>
      <trkpt lat="43.17407" lon="16.68429">
        <ele>6.4</ele>
      </trkpt>
      <trkpt lat="43.174" lon="16.68431">
        <ele>6.5</ele>
      </trkpt>
      <trkpt lat="43.1739" lon="16.684339">
        <ele>6.8</ele>
      </trkpt>
      <trkpt lat="43.17383" lon="16.684339">
        <ele>7.1</ele>
      </trkpt>
      <trkpt lat="43.17377" lon="16.684339">
        <ele>7.4</ele>
      </trkpt>
      <trkpt lat="43.17369" lon="16.68432">
        <ele>7.8</ele>
      </trkpt>
      <trkpt lat="43.17359" lon="16.68427">
        <ele>8.6</ele>
      </trkpt>
      <trkpt lat="43.17358" lon="16.684259">
        <ele>8.6</ele>
      </trkpt>
      <trkpt lat="43.17344" lon="16.684149">
        <ele>9.8</ele>
      </trkpt>
      <trkpt lat="43.17247" lon="16.68335">
        <ele>14.1</ele>
      </trkpt>
      <trkpt lat="43.17243" lon="16.68334">
        <ele>14.2</ele>
      </trkpt>
      <trkpt lat="43.17241" lon="16.68334">
        <ele>14.3</ele>
      </trkpt>
      <trkpt lat="43.17239" lon="16.68334">
        <ele>14.4</ele>
      </trkpt>
      <trkpt lat="43.17237" lon="16.68335">
        <ele>14.4</ele>
      </trkpt>
      <trkpt lat="43.17235" lon="16.68337">
        <ele>14.5</ele>
      </trkpt>
      <trkpt lat="43.17235" lon="16.68337">
        <ele>14.5</ele>
      </trkpt>
      <trkpt lat="43.17234" lon="16.68339">
        <ele>14.5</ele>
      </trkpt>
      <trkpt lat="43.17232" lon="16.68342">
        <ele>14.6</ele>
      </trkpt>
      <trkpt lat="43.17231" lon="16.68344">
        <ele>14.6</ele>
      </trkpt>
      <trkpt lat="43.17229" lon="16.68347">
        <ele>14.8</ele>
      </trkpt>
      <trkpt lat="43.17228" lon="16.683509">
        <ele>14.8</ele>
      </trkpt>
      <trkpt lat="43.17226" lon="16.68355">
        <ele>15.0</ele>
      </trkpt>
      <trkpt lat="43.17225" lon="16.683599">
        <ele>15.1</ele>
      </trkpt>
      <trkpt lat="43.17225" lon="16.68367">
        <ele>15.1</ele>
      </trkpt>
      <trkpt lat="43.17225" lon="16.68376">
        <ele>15.2</ele>
      </trkpt>
      <trkpt lat="43.17229" lon="16.68386">
        <ele>14.8</ele>
      </trkpt>
      <trkpt lat="43.17234" lon="16.683959">
        <ele>14.1</ele>
      </trkpt>
      <trkpt lat="43.1724" lon="16.68412">
        <ele>12.9</ele>
      </trkpt>
      <trkpt lat="43.17258" lon="16.684529">
        <ele>10.0</ele>
      </trkpt>
      <trkpt lat="43.17265" lon="16.68474">
        <ele>9.3</ele>
      </trkpt>
      <trkpt lat="43.17268" lon="16.684909">
        <ele>8.8</ele>
      </trkpt>
      <trkpt lat="43.17268" lon="16.68503">
        <ele>8.6</ele>
      </trkpt>
      <trkpt lat="43.17266" lon="16.68517">
        <ele>8.7</ele>
      </trkpt>
      <trkpt lat="43.1726" lon="16.685289">
        <ele>9.1</ele>
      </trkpt>
      <trkpt lat="43.17256" lon="16.685379">
        <ele>9.5</ele>
      </trkpt>
      <trkpt lat="43.17255" lon="16.68546">
        <ele>9.7</ele>
      </trkpt>
      <trkpt lat="43.17257" lon="16.685649">
        <ele>9.8</ele>
      </trkpt>
      <trkpt lat="43.17272" lon="16.68587">
        <ele>8.2</ele>
      </trkpt>
      <trkpt lat="43.17296" lon="16.68608">
        <ele>5.2</ele>
      </trkpt>
      <trkpt lat="43.17312" lon="16.686319">
        <ele>3.1</ele>
      </trkpt>
      <trkpt lat="43.17319" lon="16.68658">
        <ele>2.2</ele>
      </trkpt>
      <trkpt lat="43.17321" lon="16.686789">
        <ele>1.9</ele>
      </trkpt>
      <trkpt lat="43.17321" lon="16.686879">
        <ele>1.8</ele>
      </trkpt>
      <trkpt lat="43.1732" lon="16.686969">
        <ele>1.9</ele>
      </trkpt>
      <trkpt lat="43.17317" lon="16.68703">
        <ele>2.3</ele>
      </trkpt>
      <trkpt lat="43.17314" lon="16.687069">
        <ele>2.7</ele>
      </trkpt>
      <trkpt lat="43.1731" lon="16.68712">
        <ele>3.2</ele>
      </trkpt>
      <trkpt lat="43.17292" lon="16.68728">
        <ele>5.4</ele>
      </trkpt>
      <trkpt lat="43.17285" lon="16.68738">
        <ele>6.0</ele>
      </trkpt>
      <trkpt lat="43.17283" lon="16.68742">
        <ele>6.2</ele>
      </trkpt>
      <trkpt lat="43.17271" lon="16.6877">
        <ele>7.5</ele>
      </trkpt>
      <trkpt lat="43.17252" lon="16.68788">
        <ele>9.8</ele>
      </trkpt>
      <trkpt lat="43.17236" lon="16.68797">
        <ele>12.2</ele>
      </trkpt>
      <trkpt lat="43.17233" lon="16.68798">
        <ele>12.7</ele>
      </trkpt>
      <trkpt lat="43.17231" lon="16.687999">
        <ele>13.0</ele>
      </trkpt>
      <trkpt lat="43.17229" lon="16.688009">
        <ele>13.3</ele>
      </trkpt>
      <trkpt lat="43.17228" lon="16.68802">
        <ele>13.5</ele>
      </trkpt>
      <trkpt lat="43.17227" lon="16.68804">
        <ele>13.7</ele>
      </trkpt>
      <trkpt lat="43.17227" lon="16.68805">
        <ele>13.7</ele>
      </trkpt>
      <trkpt lat="43.17226" lon="16.68806">
        <ele>13.8</ele>
      </trkpt>
      <trkpt lat="43.17226" lon="16.68808">
        <ele>13.9</ele>
      </trkpt>
      <trkpt lat="43.17225" lon="16.688089">
        <ele>14.0</ele>
      </trkpt>
      <trkpt lat="43.17225" lon="16.68811">
        <ele>14.0</ele>
      </trkpt>
      <trkpt lat="43.17225" lon="16.68813">
        <ele>14.1</ele>
      </trkpt>
      <trkpt lat="43.17225" lon="16.68816">
        <ele>14.1</ele>
      </trkpt>
      <trkpt lat="43.17225" lon="16.68818">
        <ele>14.1</ele>
      </trkpt>
      <trkpt lat="43.17226" lon="16.68821">
        <ele>13.9</ele>
      </trkpt>
      <trkpt lat="43.17227" lon="16.68826">
        <ele>13.8</ele>
      </trkpt>
      <trkpt lat="43.17229" lon="16.68832">
        <ele>13.5</ele>
      </trkpt>
      <trkpt lat="43.17241" lon="16.688479">
        <ele>11.5</ele>
      </trkpt>
      <trkpt lat="43.17243" lon="16.68852">
        <ele>11.2</ele>
      </trkpt>
      <trkpt lat="43.17248" lon="16.68861">
        <ele>10.3</ele>
      </trkpt>
      <trkpt lat="43.17254" lon="16.68871">
        <ele>9.5</ele>
      </trkpt>
      <trkpt lat="43.17258" lon="16.688839">
        <ele>9.0</ele>
      </trkpt>
      <trkpt lat="43.17257" lon="16.688949">
        <ele>9.2</ele>
      </trkpt>
      <trkpt lat="43.17257" lon="16.68896">
        <ele>9.2</ele>
      </trkpt>
      <trkpt lat="43.17254" lon="16.68911">
        <ele>9.5</ele>
      </trkpt>
      <trkpt lat="43.17245" lon="16.68936">
        <ele>9.7</ele>
      </trkpt>
      <trkpt lat="43.17226" lon="16.6898">
        <ele>9.9</ele>
      </trkpt>
      <trkpt lat="43.17217" lon="16.68994">
        <ele>10.2</ele>
      </trkpt>
      <trkpt lat="43.17211" lon="16.68999">
        <ele>10.7</ele>
      </trkpt>
      <trkpt lat="43.17205" lon="16.69002">
        <ele>11.3</ele>
      </trkpt>
      <trkpt lat="43.17195" lon="16.690069">
        <ele>12.4</ele>
      </trkpt>
      <trkpt lat="43.17185" lon="16.69013">
        <ele>13.5</ele>
      </trkpt>
      <trkpt lat="43.17167" lon="16.69023">
        <ele>15.3</ele>
      </trkpt>
      <trkpt lat="43.17165" lon="16.69024">
        <ele>15.6</ele>
      </trkpt>
      <trkpt lat="43.17163" lon="16.690259">
        <ele>15.8</ele>
      </trkpt>
      <trkpt lat="43.17162" lon="16.69028">
        <ele>15.8</ele>
      </trkpt>
      <trkpt lat="43.17161" lon="16.69031">
        <ele>15.8</ele>
      </trkpt>
      <trkpt lat="43.1716" lon="16.690349">
        <ele>15.7</ele>
      </trkpt>
      <trkpt lat="43.1716" lon="16.69038">
        <ele>15.5</ele>
      </trkpt>
      <trkpt lat="43.1716" lon="16.69041">
        <ele>15.3</ele>
      </trkpt>
      <trkpt lat="43.17159" lon="16.690439">
        <ele>15.3</ele>
      </trkpt>
      <trkpt lat="43.1716" lon="16.69059">
        <ele>14.0</ele>
      </trkpt>
      <trkpt lat="43.17161" lon="16.69076">
        <ele>12.6</ele>
      </trkpt>
      <trkpt lat="43.17161" lon="16.69096">
        <ele>11.2</ele>
      </trkpt>
      <trkpt lat="43.17157" lon="16.69113">
        <ele>10.8</ele>
      </trkpt>
      <trkpt lat="43.17152" lon="16.69123">
        <ele>11.0</ele>
      </trkpt>
      <trkpt lat="43.17142" lon="16.69143">
        <ele>11.6</ele>
      </trkpt>
      <trkpt lat="43.17132" lon="16.6916">
        <ele>12.5</ele>
      </trkpt>
      <trkpt lat="43.17131" lon="16.69162">
        <ele>12.6</ele>
      </trkpt>
      <trkpt lat="43.17119" lon="16.69181">
        <ele>13.6</ele>
      </trkpt>
      <trkpt lat="43.17108" lon="16.692">
        <ele>14.1</ele>
      </trkpt>
      <trkpt lat="43.17102" lon="16.6921">
        <ele>14.4</ele>
      </trkpt>
      <trkpt lat="43.17063" lon="16.69277">
        <ele>15.1</ele>
      </trkpt>
      <trkpt lat="43.17056" lon="16.6929">
        <ele>15.2</ele>
      </trkpt>
      <trkpt lat="43.17038" lon="16.6932">
        <ele>16.4</ele>
      </trkpt>
      <trkpt lat="43.17036" lon="16.69323">
        <ele>16.6</ele>
      </trkpt>
      <trkpt lat="43.17031" lon="16.69337">
        <ele>16.6</ele>
      </trkpt>
      <trkpt lat="43.1703" lon="16.69341">
        <ele>16.5</ele>
      </trkpt>
      <trkpt lat="43.17024" lon="16.69361">
        <ele>16.2</ele>
      </trkpt>
      <trkpt lat="43.1702" lon="16.69376">
        <ele>15.7</ele>
      </trkpt>
      <trkpt lat="43.17017" lon="16.69388">
        <ele>15.3</ele>
      </trkpt>
      <trkpt lat="43.17012" lon="16.69403">
        <ele>14.9</ele>
      </trkpt>
      <trkpt lat="43.17005" lon="16.69422">
        <ele>14.7</ele>
      </trkpt>
      <trkpt lat="43.17002" lon="16.69427">
        <ele>14.9</ele>
      </trkpt>
      <trkpt lat="43.16998" lon="16.69435">
        <ele>14.9</ele>
      </trkpt>
      <trkpt lat="43.16992" lon="16.694469">
        <ele>14.5</ele>
      </trkpt>
      <trkpt lat="43.16991" lon="16.694479">
        <ele>14.5</ele>
      </trkpt>
      <trkpt lat="43.16986" lon="16.69453">
        <ele>14.5</ele>
      </trkpt>
      <trkpt lat="43.16978" lon="16.69462">
        <ele>14.4</ele>
      </trkpt>
      <trkpt lat="43.16966" lon="16.69472">
        <ele>14.5</ele>
      </trkpt>
      <trkpt lat="43.1695" lon="16.6948">
        <ele>14.9</ele>
      </trkpt>
      <trkpt lat="43.16945" lon="16.69481">
        <ele>15.1</ele>
      </trkpt>
      <trkpt lat="43.16938" lon="16.69483">
        <ele>15.4</ele>
      </trkpt>
      <trkpt lat="43.16936" lon="16.69483">
        <ele>15.5</ele>
      </trkpt>
      <trkpt lat="43.16927" lon="16.69482">
        <ele>16.2</ele>
      </trkpt>
      <trkpt lat="43.1692" lon="16.6948">
        <ele>16.9</ele>
      </trkpt>
      <trkpt lat="43.16919" lon="16.6948">
        <ele>17.0</ele>
      </trkpt>
      <trkpt lat="43.16908" lon="16.69472">
        <ele>18.0</ele>
      </trkpt>
      <trkpt lat="43.16902" lon="16.694669">
        <ele>18.5</ele>
      </trkpt>
      <trkpt lat="43.16903" lon="16.69464">
        <ele>18.8</ele>
      </trkpt>
      <trkpt lat="43.16889" lon="16.69456">
        <ele>19.8</ele>
      </trkpt>
      <trkpt lat="43.16838" lon="16.6945">
        <ele>20.8</ele>
      </trkpt>
      <trkpt lat="43.16791" lon="16.69455">
        <ele>23.1</ele>
      </trkpt>
      <trkpt lat="43.16785" lon="16.694569">
        <ele>23.4</ele>
      </trkpt>
      <trkpt lat="43.16781" lon="16.69461">
        <ele>23.3</ele>
      </trkpt>
      <trkpt lat="43.1678" lon="16.69468">
        <ele>22.8</ele>
      </trkpt>
      <trkpt lat="43.16788" lon="16.69502">
        <ele>18.8</ele>
      </trkpt>
      <trkpt lat="43.16791" lon="16.695229">
        <ele>16.0</ele>
      </trkpt>
      <trkpt lat="43.16784" lon="16.69576">
        <ele>11.4</ele>
      </trkpt>
      <trkpt lat="43.16779" lon="16.695879">
        <ele>11.4</ele>
      </trkpt>
      <trkpt lat="43.16755" lon="16.69641">
        <ele>10.4</ele>
      </trkpt>
      <trkpt lat="43.16748" lon="16.69661">
        <ele>9.0</ele>
      </trkpt>
      <trkpt lat="43.16744" lon="16.69675">
        <ele>8.2</ele>
      </trkpt>
      <trkpt lat="43.1674" lon="16.69709">
        <ele>5.2</ele>
      </trkpt>
      <trkpt lat="43.16737" lon="16.69718">
        <ele>4.6</ele>
      </trkpt>
      <trkpt lat="43.16731" lon="16.69725">
        <ele>4.5</ele>
      </trkpt>
      <trkpt lat="43.16727" lon="16.69731">
        <ele>4.3</ele>
      </trkpt>
      <trkpt lat="43.16709" lon="16.697399">
        <ele>4.9</ele>
      </trkpt>
      <trkpt lat="43.16698" lon="16.69742">
        <ele>5.6</ele>
      </trkpt>
      <trkpt lat="43.16661" lon="16.69743">
        <ele>8.6</ele>
      </trkpt>
      <trkpt lat="43.16632" lon="16.69753">
        <ele>8.4</ele>
      </trkpt>
      <trkpt lat="43.16614" lon="16.69754">
        <ele>9.1</ele>
      </trkpt>
      <trkpt lat="43.16599" lon="16.69746">
        <ele>11.0</ele>
      </trkpt>
      <trkpt lat="43.16552" lon="16.69703">
        <ele>16.0</ele>
      </trkpt>
      <trkpt lat="43.1652" lon="16.69686">
        <ele>15.9</ele>
      </trkpt>
      <trkpt lat="43.16481" lon="16.69679">
        <ele>11.8</ele>
      </trkpt>
      <trkpt lat="43.16451" lon="16.69662">
        <ele>8.5</ele>
      </trkpt>
      <trkpt lat="43.16413" lon="16.69631">
        <ele>7.8</ele>
      </trkpt>
      <trkpt lat="43.16407" lon="16.69631">
        <ele>7.2</ele>
      </trkpt>
      <trkpt lat="43.16361" lon="16.69581">
        <ele>7.2</ele>
      </trkpt>
      <trkpt lat="43.16356" lon="16.69575">
        <ele>6.8</ele>
      </trkpt>
      <trkpt lat="43.16357" lon="16.695689">
        <ele>7.7</ele>
      </trkpt>
      <trkpt lat="43.1634" lon="16.69527">
        <ele>7.6</ele>
      </trkpt>
      <trkpt lat="43.16331" lon="16.69519">
        <ele>6.2</ele>
      </trkpt>
      <trkpt lat="43.16327" lon="16.69511">
        <ele>6.5</ele>
      </trkpt>
      <trkpt lat="43.16316" lon="16.69473">
        <ele>7.1</ele>
      </trkpt>
      <trkpt lat="43.16309" lon="16.6947">
        <ele>6.6</ele>
      </trkpt>
      <trkpt lat="43.16306" lon="16.69405">
        <ele>7.8</ele>
      </trkpt>
      <trkpt lat="43.16297" lon="16.693919">
        <ele>6.8</ele>
      </trkpt>
      <trkpt lat="43.16294" lon="16.69381">
        <ele>6.3</ele>
      </trkpt>
      <trkpt lat="43.16306" lon="16.6929">
        <ele>4.8</ele>
      </trkpt>
      <trkpt lat="43.16304" lon="16.692889">
        <ele>4.7</ele>
      </trkpt>
      <trkpt lat="43.16264" lon="16.692799">
        <ele>4.2</ele>
      </trkpt>
      <trkpt lat="43.16255" lon="16.692779">
        <ele>4.1</ele>
      </trkpt>
      <trkpt lat="43.16189" lon="16.692599">
        <ele>3.5</ele>
      </trkpt>
      <trkpt lat="43.16193" lon="16.69191">
        <ele>2.8</ele>
      </trkpt>
      <trkpt lat="43.16196" lon="16.691199">
        <ele>2.3</ele>
      </trkpt>
      <trkpt lat="43.16201" lon="16.69038">
        <ele>1.9</ele>
      </trkpt>
      <trkpt lat="43.16206" lon="16.68956">
        <ele>1.6</ele>
      </trkpt>
      <trkpt lat="43.1621" lon="16.68845">
        <ele>1.9</ele>
      </trkpt>
      <trkpt lat="43.16207" lon="16.68833">
        <ele>2.0</ele>
      </trkpt>
      <trkpt lat="43.16184" lon="16.68775">
        <ele>3.3</ele>
      </trkpt>
      <trkpt lat="43.16151" lon="16.68693">
        <ele>5.6</ele>
      </trkpt>
      <trkpt lat="43.16141" lon="16.68673">
        <ele>6.4</ele>
      </trkpt>
      <trkpt lat="43.16127" lon="16.68663">
        <ele>7.4</ele>
      </trkpt>
      <trkpt lat="43.16088" lon="16.68656">
        <ele>9.7</ele>
      </trkpt>
      <trkpt lat="43.16068" lon="16.68654">
        <ele>10.6</ele>
      </trkpt>
      <trkpt lat="43.16055" lon="16.68648">
        <ele>11.0</ele>
      </trkpt>
      <trkpt lat="43.16013" lon="16.68617">
        <ele>12.5</ele>
      </trkpt>
      <trkpt lat="43.15944" lon="16.68591">
        <ele>15.0</ele>
      </trkpt>
      <trkpt lat="43.15875" lon="16.685649">
        <ele>17.1</ele>
      </trkpt>
      <trkpt lat="43.15847" lon="16.68552">
        <ele>18.5</ele>
      </trkpt>
      <trkpt lat="43.15827" lon="16.68534">
        <ele>20.0</ele>
      </trkpt>
      <trkpt lat="43.15786" lon="16.68478">
        <ele>23.2</ele>
      </trkpt>
      <trkpt lat="43.1576" lon="16.684439">
        <ele>25.4</ele>
      </trkpt>
      <trkpt lat="43.15752" lon="16.68419">
        <ele>26.8</ele>
      </trkpt>
      <trkpt lat="43.15748" lon="16.68403">
        <ele>28.2</ele>
      </trkpt>
      <trkpt lat="43.15739" lon="16.68348">
        <ele>32.6</ele>
      </trkpt>
      <trkpt lat="43.1574" lon="16.68325">
        <ele>34.7</ele>
      </trkpt>
      <trkpt lat="43.15738" lon="16.68311">
        <ele>36.1</ele>
      </trkpt>
      <trkpt lat="43.15727" lon="16.68272">
        <ele>39.2</ele>
      </trkpt>
      <trkpt lat="43.15714" lon="16.68233">
        <ele>40.7</ele>
      </trkpt>
      <trkpt lat="43.15702" lon="16.68198">
        <ele>41.3</ele>
      </trkpt>
      <trkpt lat="43.15689" lon="16.68165">
        <ele>41.4</ele>
      </trkpt>
      <trkpt lat="43.1567" lon="16.68133">
        <ele>42.8</ele>
      </trkpt>
      <trkpt lat="43.15631" lon="16.68074">
        <ele>46.4</ele>
      </trkpt>
      <trkpt lat="43.15618" lon="16.68043">
        <ele>47.8</ele>
      </trkpt>
      <trkpt lat="43.15603" lon="16.680129">
        <ele>48.6</ele>
      </trkpt>
      <trkpt lat="43.15574" lon="16.67978">
        <ele>49.3</ele>
      </trkpt>
      <trkpt lat="43.15539" lon="16.67889">
        <ele>54.5</ele>
      </trkpt>
      <trkpt lat="43.15528" lon="16.67869">
        <ele>54.8</ele>
      </trkpt>
      <trkpt lat="43.15512" lon="16.678249">
        <ele>55.6</ele>
      </trkpt>
      <trkpt lat="43.15497" lon="16.67781">
        <ele>57.4</ele>
      </trkpt>
      <trkpt lat="43.15483" lon="16.67719">
        <ele>61.8</ele>
      </trkpt>
      <trkpt lat="43.15469" lon="16.67657">
        <ele>66.0</ele>
      </trkpt>
      <trkpt lat="43.15438" lon="16.67578">
        <ele>69.4</ele>
      </trkpt>
      <trkpt lat="43.15432" lon="16.67551">
        <ele>70.0</ele>
      </trkpt>
      <trkpt lat="43.15418" lon="16.67437">
        <ele>74.8</ele>
      </trkpt>
      <trkpt lat="43.15409" lon="16.67397">
        <ele>77.1</ele>
      </trkpt>
      <trkpt lat="43.15395" lon="16.67342">
        <ele>79.6</ele>
      </trkpt>
      <trkpt lat="43.15388" lon="16.673169">
        <ele>81.0</ele>
      </trkpt>
      <trkpt lat="43.15375" lon="16.67295">
        <ele>81.6</ele>
      </trkpt>
      <trkpt lat="43.15362" lon="16.67268">
        <ele>82.8</ele>
      </trkpt>
      <trkpt lat="43.15344" lon="16.672429">
        <ele>83.3</ele>
      </trkpt>
      <trkpt lat="43.1529" lon="16.671779">
        <ele>85.9</ele>
      </trkpt>
      <trkpt lat="43.15261" lon="16.67125">
        <ele>87.5</ele>
      </trkpt>
      <trkpt lat="43.15256" lon="16.671109">
        <ele>88.4</ele>
      </trkpt>
      <trkpt lat="43.15248" lon="16.670739">
        <ele>91.4</ele>
      </trkpt>
      <trkpt lat="43.15244" lon="16.67066">
        <ele>91.6</ele>
      </trkpt>
      <trkpt lat="43.15229" lon="16.670539">
        <ele>91.2</ele>
      </trkpt>
      <trkpt lat="43.15224" lon="16.670459">
        <ele>91.2</ele>
      </trkpt>
      <trkpt lat="43.15222" lon="16.67034">
        <ele>91.7</ele>
      </trkpt>
      <trkpt lat="43.15221" lon="16.67012">
        <ele>92.9</ele>
      </trkpt>
      <trkpt lat="43.15224" lon="16.66965">
        <ele>96.4</ele>
      </trkpt>
      <trkpt lat="43.15221" lon="16.66954">
        <ele>97.1</ele>
      </trkpt>
      <trkpt lat="43.15213" lon="16.66941">
        <ele>97.7</ele>
      </trkpt>
      <trkpt lat="43.15145" lon="16.66865">
        <ele>100.6</ele>
      </trkpt>
      <trkpt lat="43.15133" lon="16.66847">
        <ele>101.6</ele>
      </trkpt>
      <trkpt lat="43.15125" lon="16.66805">
        <ele>104.4</ele>
      </trkpt>
      <trkpt lat="43.15126" lon="16.66775">
        <ele>106.4</ele>
      </trkpt>
      <trkpt lat="43.15123" lon="16.66766">
        <ele>106.9</ele>
      </trkpt>
      <trkpt lat="43.15109" lon="16.667359">
        <ele>108.7</ele>
      </trkpt>
      <trkpt lat="43.15104" lon="16.66721">
        <ele>109.8</ele>
      </trkpt>
      <trkpt lat="43.15101" lon="16.66715">
        <ele>110.3</ele>
      </trkpt>
      <trkpt lat="43.15096" lon="16.667079">
        <ele>110.8</ele>
      </trkpt>
      <trkpt lat="43.15095" lon="16.666979">
        <ele>111.6</ele>
      </trkpt>
      <trkpt lat="43.15083" lon="16.66676">
        <ele>113.3</ele>
      </trkpt>
      <trkpt lat="43.15081" lon="16.66669">
        <ele>114.1</ele>
      </trkpt>
      <trkpt lat="43.15081" lon="16.666609">
        <ele>114.7</ele>
      </trkpt>
      <trkpt lat="43.15083" lon="16.66656">
        <ele>114.8</ele>
      </trkpt>
      <trkpt lat="43.1509" lon="16.666509">
        <ele>115.2</ele>
      </trkpt>
      <trkpt lat="43.15098" lon="16.66655">
        <ele>115.0</ele>
      </trkpt>
      <trkpt lat="43.15106" lon="16.66674">
        <ele>113.7</ele>
      </trkpt>
      <trkpt lat="43.15119" lon="16.66687">
        <ele>112.8</ele>
      </trkpt>
      <trkpt lat="43.15149" lon="16.66703">
        <ele>112.1</ele>
      </trkpt>
      <trkpt lat="43.15163" lon="16.66702">
        <ele>112.4</ele>
      </trkpt>
      <trkpt lat="43.15173" lon="16.666979">
        <ele>112.4</ele>
      </trkpt>
      <trkpt lat="43.15183" lon="16.66687">
        <ele>112.7</ele>
      </trkpt>
      <trkpt lat="43.1519" lon="16.66662">
        <ele>113.8</ele>
      </trkpt>
      <trkpt lat="43.15192" lon="16.666419">
        <ele>114.8</ele>
      </trkpt>
      <trkpt lat="43.15193" lon="16.66547">
        <ele>120.0</ele>
      </trkpt>
      <trkpt lat="43.15202" lon="16.66481">
        <ele>122.9</ele>
      </trkpt>
      <trkpt lat="43.15203" lon="16.66439">
        <ele>124.8</ele>
      </trkpt>
      <trkpt lat="43.15195" lon="16.66328">
        <ele>129.8</ele>
      </trkpt>
      <trkpt lat="43.15196" lon="16.6631">
        <ele>130.3</ele>
      </trkpt>
      <trkpt lat="43.15207" lon="16.66237">
        <ele>131.6</ele>
      </trkpt>
      <trkpt lat="43.15189" lon="16.661539">
        <ele>135.7</ele>
      </trkpt>
      <trkpt lat="43.15164" lon="16.66092">
        <ele>137.5</ele>
      </trkpt>
      <trkpt lat="43.15141" lon="16.6604">
        <ele>140.3</ele>
      </trkpt>
      <trkpt lat="43.15134" lon="16.660329">
        <ele>141.2</ele>
      </trkpt>
      <trkpt lat="43.15103" lon="16.66009">
        <ele>144.8</ele>
      </trkpt>
      <trkpt lat="43.15071" lon="16.65991">
        <ele>148.8</ele>
      </trkpt>
      <trkpt lat="43.15064" lon="16.65984">
        <ele>149.8</ele>
      </trkpt>
      <trkpt lat="43.15061" lon="16.65974">
        <ele>150.4</ele>
      </trkpt>
      <trkpt lat="43.15061" lon="16.6596">
        <ele>150.7</ele>
      </trkpt>
      <trkpt lat="43.15067" lon="16.65942">
        <ele>150.6</ele>
      </trkpt>
      <trkpt lat="43.15072" lon="16.65937">
        <ele>150.3</ele>
      </trkpt>
      <trkpt lat="43.15078" lon="16.65935">
        <ele>149.8</ele>
      </trkpt>
      <trkpt lat="43.15104" lon="16.65936">
        <ele>146.4</ele>
      </trkpt>
      <trkpt lat="43.15111" lon="16.65933">
        <ele>145.5</ele>
      </trkpt>
      <trkpt lat="43.15115" lon="16.65927">
        <ele>145.1</ele>
      </trkpt>
      <trkpt lat="43.1512" lon="16.659109">
        <ele>145.3</ele>
      </trkpt>
      <trkpt lat="43.15119" lon="16.65889">
        <ele>147.7</ele>
      </trkpt>
      <trkpt lat="43.15114" lon="16.65877">
        <ele>149.4</ele>
      </trkpt>
      <trkpt lat="43.15098" lon="16.65843">
        <ele>153.6</ele>
      </trkpt>
      <trkpt lat="43.15091" lon="16.6582">
        <ele>155.0</ele>
      </trkpt>
      <trkpt lat="43.15083" lon="16.65753">
        <ele>156.0</ele>
      </trkpt>
      <trkpt lat="43.1508" lon="16.65747">
        <ele>156.3</ele>
      </trkpt>
      <trkpt lat="43.15073" lon="16.65737">
        <ele>157.0</ele>
      </trkpt>
      <trkpt lat="43.15021" lon="16.65701">
        <ele>160.9</ele>
      </trkpt>
      <trkpt lat="43.15015" lon="16.656949">
        <ele>161.3</ele>
      </trkpt>
      <trkpt lat="43.15011" lon="16.65686">
        <ele>161.5</ele>
      </trkpt>
      <trkpt lat="43.1501" lon="16.656759">
        <ele>161.5</ele>
      </trkpt>
      <trkpt lat="43.15015" lon="16.65624">
        <ele>164.2</ele>
      </trkpt>
      <trkpt lat="43.15017" lon="16.65606">
        <ele>165.3</ele>
      </trkpt>
      <trkpt lat="43.15014" lon="16.65577">
        <ele>167.8</ele>
      </trkpt>
      <trkpt lat="43.15014" lon="16.65566">
        <ele>168.8</ele>
      </trkpt>
      <trkpt lat="43.15017" lon="16.6556">
        <ele>169.2</ele>
      </trkpt>
      <trkpt lat="43.15021" lon="16.655539">
        <ele>169.6</ele>
      </trkpt>
      <trkpt lat="43.15026" lon="16.6555">
        <ele>169.6</ele>
      </trkpt>
      <trkpt lat="43.1506" lon="16.65537">
        <ele>168.8</ele>
      </trkpt>
      <trkpt lat="43.15069" lon="16.65531">
        <ele>168.9</ele>
      </trkpt>
      <trkpt lat="43.15079" lon="16.655169">
        <ele>169.6</ele>
      </trkpt>
      <trkpt lat="43.15092" lon="16.65472">
        <ele>172.5</ele>
      </trkpt>
      <trkpt lat="43.15094" lon="16.65463">
        <ele>173.0</ele>
      </trkpt>
      <trkpt lat="43.15093" lon="16.65457">
        <ele>173.1</ele>
      </trkpt>
      <trkpt lat="43.1509" lon="16.65452">
        <ele>173.1</ele>
      </trkpt>
      <trkpt lat="43.15081" lon="16.65444">
        <ele>173.1</ele>
      </trkpt>
      <trkpt lat="43.15061" lon="16.65435">
        <ele>174.3</ele>
      </trkpt>
      <trkpt lat="43.15053" lon="16.65424">
        <ele>174.9</ele>
      </trkpt>
      <trkpt lat="43.15047" lon="16.65407">
        <ele>173.9</ele>
      </trkpt>
      <trkpt lat="43.15039" lon="16.65396">
        <ele>172.4</ele>
      </trkpt>
      <trkpt lat="43.15026" lon="16.65389">
        <ele>171.4</ele>
      </trkpt>
      <trkpt lat="43.14998" lon="16.653839">
        <ele>170.5</ele>
      </trkpt>
      <trkpt lat="43.14989" lon="16.653839">
        <ele>171.5</ele>
      </trkpt>
      <trkpt lat="43.14971" lon="16.65387">
        <ele>173.9</ele>
      </trkpt>
      <trkpt lat="43.14961" lon="16.65382">
        <ele>174.0</ele>
      </trkpt>
      <trkpt lat="43.14937" lon="16.65361">
        <ele>173.0</ele>
      </trkpt>
      <trkpt lat="43.14929" lon="16.65351">
        <ele>172.3</ele>
      </trkpt>
      <trkpt lat="43.14922" lon="16.65335">
        <ele>170.6</ele>
      </trkpt>
      <trkpt lat="43.14909" lon="16.65284">
        <ele>167.1</ele>
      </trkpt>
      <trkpt lat="43.14896" lon="16.65256">
        <ele>168.4</ele>
      </trkpt>
      <trkpt lat="43.14893" lon="16.65245">
        <ele>169.2</ele>
      </trkpt>
      <trkpt lat="43.14893" lon="16.65236">
        <ele>170.0</ele>
      </trkpt>
      <trkpt lat="43.14898" lon="16.652249">
        <ele>169.1</ele>
      </trkpt>
      <trkpt lat="43.14906" lon="16.652159">
        <ele>167.1</ele>
      </trkpt>
      <trkpt lat="43.14937" lon="16.65192">
        <ele>160.4</ele>
      </trkpt>
      <trkpt lat="43.14945" lon="16.65181">
        <ele>159.0</ele>
      </trkpt>
      <trkpt lat="43.14948" lon="16.6517">
        <ele>158.8</ele>
      </trkpt>
      <trkpt lat="43.14946" lon="16.65127">
        <ele>158.2</ele>
      </trkpt>
      <trkpt lat="43.14946" lon="16.651029">
        <ele>157.3</ele>
      </trkpt>
      <trkpt lat="43.14955" lon="16.65072">
        <ele>154.4</ele>
      </trkpt>
      <trkpt lat="43.14967" lon="16.65044">
        <ele>151.5</ele>
      </trkpt>
      <trkpt lat="43.14973" lon="16.650179">
        <ele>150.1</ele>
      </trkpt>
      <trkpt lat="43.14973" lon="16.65006">
        <ele>150.0</ele>
      </trkpt>
      <trkpt lat="43.14968" lon="16.64983">
        <ele>150.7</ele>
      </trkpt>
      <trkpt lat="43.14969" lon="16.64973">
        <ele>150.6</ele>
      </trkpt>
      <trkpt lat="43.14971" lon="16.64967">
        <ele>150.3</ele>
      </trkpt>
      <trkpt lat="43.14975" lon="16.64964">
        <ele>149.7</ele>
      </trkpt>
      <trkpt lat="43.14981" lon="16.649619">
        <ele>148.8</ele>
      </trkpt>
      <trkpt lat="43.14993" lon="16.649629">
        <ele>147.0</ele>
      </trkpt>
      <trkpt lat="43.14998" lon="16.6497">
        <ele>146.3</ele>
      </trkpt>
      <trkpt lat="43.15014" lon="16.65036">
        <ele>143.8</ele>
      </trkpt>
      <trkpt lat="43.1503" lon="16.651019">
        <ele>141.6</ele>
      </trkpt>
      <trkpt lat="43.15034" lon="16.65137">
        <ele>140.9</ele>
      </trkpt>
      <trkpt lat="43.15035" lon="16.6517">
        <ele>140.8</ele>
      </trkpt>
      <trkpt lat="43.15039" lon="16.65193">
        <ele>141.9</ele>
      </trkpt>
      <trkpt lat="43.15044" lon="16.65201">
        <ele>142.1</ele>
      </trkpt>
      <trkpt lat="43.15052" lon="16.65208">
        <ele>142.3</ele>
      </trkpt>
      <trkpt lat="43.15069" lon="16.65214">
        <ele>142.2</ele>
      </trkpt>
      <trkpt lat="43.15084" lon="16.65212">
        <ele>141.5</ele>
      </trkpt>
      <trkpt lat="43.15093" lon="16.65209">
        <ele>141.6</ele>
      </trkpt>
      <trkpt lat="43.15105" lon="16.65202">
        <ele>141.3</ele>
      </trkpt>
      <trkpt lat="43.15116" lon="16.65192">
        <ele>140.3</ele>
      </trkpt>
      <trkpt lat="43.15123" lon="16.65181">
        <ele>138.8</ele>
      </trkpt>
      <trkpt lat="43.15127" lon="16.65173">
        <ele>137.6</ele>
      </trkpt>
      <trkpt lat="43.15141" lon="16.65117">
        <ele>133.0</ele>
      </trkpt>
      <trkpt lat="43.15151" lon="16.65081">
        <ele>129.4</ele>
      </trkpt>
      <trkpt lat="43.15158" lon="16.65069">
        <ele>128.3</ele>
      </trkpt>
      <trkpt lat="43.15165" lon="16.65063">
        <ele>127.4</ele>
      </trkpt>
      <trkpt lat="43.15172" lon="16.6506">
        <ele>126.7</ele>
      </trkpt>
      <trkpt lat="43.15237" lon="16.65055">
        <ele>120.5</ele>
      </trkpt>
      <trkpt lat="43.15297" lon="16.65058">
        <ele>115.4</ele>
      </trkpt>
      <trkpt lat="43.15309" lon="16.65048">
        <ele>114.2</ele>
      </trkpt>
      <trkpt lat="43.15326" lon="16.65011">
        <ele>111.9</ele>
      </trkpt>
      <trkpt lat="43.15354" lon="16.64975">
        <ele>109.4</ele>
      </trkpt>
      <trkpt lat="43.15385" lon="16.64942">
        <ele>106.8</ele>
      </trkpt>
      <trkpt lat="43.15407" lon="16.64927">
        <ele>104.9</ele>
      </trkpt>
      <trkpt lat="43.15431" lon="16.649149">
        <ele>103.0</ele>
      </trkpt>
      <trkpt lat="43.1547" lon="16.64898">
        <ele>101.0</ele>
      </trkpt>
      <trkpt lat="43.15506" lon="16.648599">
        <ele>101.6</ele>
      </trkpt>
      <trkpt lat="43.15516" lon="16.64845">
        <ele>102.0</ele>
      </trkpt>
      <trkpt lat="43.15528" lon="16.64838">
        <ele>101.6</ele>
      </trkpt>
      <trkpt lat="43.15547" lon="16.64838">
        <ele>100.3</ele>
      </trkpt>
      <trkpt lat="43.15568" lon="16.64846">
        <ele>98.2</ele>
      </trkpt>
      <trkpt lat="43.15587" lon="16.64846">
        <ele>96.6</ele>
      </trkpt>
      <trkpt lat="43.15604" lon="16.64842">
        <ele>94.6</ele>
      </trkpt>
      <trkpt lat="43.15623" lon="16.64834">
        <ele>92.3</ele>
      </trkpt>
      <trkpt lat="43.15637" lon="16.64823">
        <ele>91.1</ele>
      </trkpt>
      <trkpt lat="43.15668" lon="16.64759">
        <ele>89.4</ele>
      </trkpt>
      <trkpt lat="43.15699" lon="16.64695">
        <ele>88.6</ele>
      </trkpt>
      <trkpt lat="43.15734" lon="16.646149">
        <ele>87.1</ele>
      </trkpt>
      <trkpt lat="43.15742" lon="16.646049">
        <ele>86.4</ele>
      </trkpt>
      <trkpt lat="43.15759" lon="16.64591">
        <ele>87.5</ele>
      </trkpt>
      <trkpt lat="43.15775" lon="16.645779">
        <ele>88.5</ele>
      </trkpt>
      <trkpt lat="43.15784" lon="16.64571">
        <ele>89.1</ele>
      </trkpt>
      <trkpt lat="43.158" lon="16.6457">
        <ele>90.0</ele>
      </trkpt>
      <trkpt lat="43.15808" lon="16.645769">
        <ele>90.0</ele>
      </trkpt>
      <trkpt lat="43.15846" lon="16.646529">
        <ele>87.5</ele>
      </trkpt>
      <trkpt lat="43.15864" lon="16.646799">
        <ele>86.6</ele>
      </trkpt>
      <trkpt lat="43.15872" lon="16.64687">
        <ele>86.5</ele>
      </trkpt>
      <trkpt lat="43.1588" lon="16.646909">
        <ele>86.6</ele>
      </trkpt>
      <trkpt lat="43.15912" lon="16.646999">
        <ele>87.4</ele>
      </trkpt>
      <trkpt lat="43.1592" lon="16.64704">
        <ele>87.8</ele>
      </trkpt>
      <trkpt lat="43.15926" lon="16.64712">
        <ele>88.0</ele>
      </trkpt>
      <trkpt lat="43.15928" lon="16.647179">
        <ele>87.9</ele>
      </trkpt>
      <trkpt lat="43.15927" lon="16.64745">
        <ele>86.0</ele>
      </trkpt>
      <trkpt lat="43.15928" lon="16.64776">
        <ele>85.7</ele>
      </trkpt>
      <trkpt lat="43.15944" lon="16.6481">
        <ele>88.0</ele>
      </trkpt>
      <trkpt lat="43.15968" lon="16.64872">
        <ele>89.4</ele>
      </trkpt>
      <trkpt lat="43.15979" lon="16.64919">
        <ele>88.3</ele>
      </trkpt>
      <trkpt lat="43.15982" lon="16.649249">
        <ele>88.2</ele>
      </trkpt>
      <trkpt lat="43.16002" lon="16.65006">
        <ele>83.9</ele>
      </trkpt>
      <trkpt lat="43.16022" lon="16.65077">
        <ele>80.8</ele>
      </trkpt>
      <trkpt lat="43.16043" lon="16.6513">
        <ele>81.0</ele>
      </trkpt>
      <trkpt lat="43.16048" lon="16.65155">
        <ele>80.5</ele>
      </trkpt>
      <trkpt lat="43.1605" lon="16.651959">
        <ele>78.9</ele>
      </trkpt>
      <trkpt lat="43.16054" lon="16.652159">
        <ele>78.5</ele>
      </trkpt>
      <trkpt lat="43.16086" lon="16.65312">
        <ele>73.3</ele>
      </trkpt>
      <trkpt lat="43.1609" lon="16.65334">
        <ele>71.4</ele>
      </trkpt>
      <trkpt lat="43.16096" lon="16.65344">
        <ele>71.2</ele>
      </trkpt>
      <trkpt lat="43.16125" lon="16.65364">
        <ele>71.1</ele>
      </trkpt>
      <trkpt lat="43.16162" lon="16.653649">
        <ele>72.3</ele>
      </trkpt>
      <trkpt lat="43.16177" lon="16.6536">
        <ele>73.1</ele>
      </trkpt>
      <trkpt lat="43.1621" lon="16.65344">
        <ele>74.8</ele>
      </trkpt>
      <trkpt lat="43.16254" lon="16.653179">
        <ele>75.7</ele>
      </trkpt>
      <trkpt lat="43.1626" lon="16.65304">
        <ele>76.1</ele>
      </trkpt>
      <trkpt lat="43.16262" lon="16.65284">
        <ele>77.0</ele>
      </trkpt>
      <trkpt lat="43.16247" lon="16.65211">
        <ele>78.4</ele>
      </trkpt>
      <trkpt lat="43.16241" lon="16.65172">
        <ele>77.2</ele>
      </trkpt>
      <trkpt lat="43.1624" lon="16.651509">
        <ele>77.6</ele>
      </trkpt>
      <trkpt lat="43.16242" lon="16.651319">
        <ele>78.1</ele>
      </trkpt>
      <trkpt lat="43.16274" lon="16.65032">
        <ele>80.6</ele>
      </trkpt>
      <trkpt lat="43.16305" lon="16.64931">
        <ele>83.4</ele>
      </trkpt>
      <trkpt lat="43.16326" lon="16.64876">
        <ele>82.7</ele>
      </trkpt>
      <trkpt lat="43.16369" lon="16.64789">
        <ele>83.5</ele>
      </trkpt>
      <trkpt lat="43.16412" lon="16.64703">
        <ele>81.6</ele>
      </trkpt>
      <trkpt lat="43.16416" lon="16.64686">
        <ele>81.1</ele>
      </trkpt>
      <trkpt lat="43.16418" lon="16.64666">
        <ele>80.8</ele>
      </trkpt>
      <trkpt lat="43.16413" lon="16.64613">
        <ele>83.7</ele>
      </trkpt>
      <trkpt lat="43.16422" lon="16.64576">
        <ele>83.4</ele>
      </trkpt>
      <trkpt lat="43.16438" lon="16.64532">
        <ele>83.0</ele>
      </trkpt>
      <trkpt lat="43.16456" lon="16.64488">
        <ele>82.6</ele>
      </trkpt>
      <trkpt lat="43.16463" lon="16.64451">
        <ele>83.2</ele>
      </trkpt>
      <trkpt lat="43.16466" lon="16.64443">
        <ele>83.4</ele>
      </trkpt>
      <trkpt lat="43.1647" lon="16.6444">
        <ele>83.3</ele>
      </trkpt>
      <trkpt lat="43.1648" lon="16.6444">
        <ele>82.9</ele>
      </trkpt>
      <trkpt lat="43.16554" lon="16.6449">
        <ele>80.9</ele>
      </trkpt>
      <trkpt lat="43.16587" lon="16.64506">
        <ele>81.6</ele>
      </trkpt>
      <trkpt lat="43.16636" lon="16.64513">
        <ele>83.1</ele>
      </trkpt>
      <trkpt lat="43.16669" lon="16.64497">
        <ele>84.7</ele>
      </trkpt>
      <trkpt lat="43.16722" lon="16.64562">
        <ele>76.5</ele>
      </trkpt>
      <trkpt lat="43.1672" lon="16.645859">
        <ele>75.7</ele>
      </trkpt>
      <trkpt lat="43.16717" lon="16.64603">
        <ele>74.9</ele>
      </trkpt>
      <trkpt lat="43.16713" lon="16.646149">
        <ele>74.4</ele>
      </trkpt>
      <trkpt lat="43.167" lon="16.64639">
        <ele>73.3</ele>
      </trkpt>
      <trkpt lat="43.16701" lon="16.64656">
        <ele>71.9</ele>
      </trkpt>
      <trkpt lat="43.16708" lon="16.646629">
        <ele>71.3</ele>
      </trkpt>
      <trkpt lat="43.16767" lon="16.64677">
        <ele>69.3</ele>
      </trkpt>
      <trkpt lat="43.16827" lon="16.64692">
        <ele>64.8</ele>
      </trkpt>
      <trkpt lat="43.16873" lon="16.64705">
        <ele>58.9</ele>
      </trkpt>
      <trkpt lat="43.16919" lon="16.647179">
        <ele>53.0</ele>
      </trkpt>
      <trkpt lat="43.16949" lon="16.64724">
        <ele>51.5</ele>
      </trkpt>
      <trkpt lat="43.17028" lon="16.64748">
        <ele>46.4</ele>
      </trkpt>
      <trkpt lat="43.17106" lon="16.64772">
        <ele>41.0</ele>
      </trkpt>
      <trkpt lat="43.17185" lon="16.64796">
        <ele>37.3</ele>
      </trkpt>
      <trkpt lat="43.17262" lon="16.6482">
        <ele>36.0</ele>
      </trkpt>
      <trkpt lat="43.17275" lon="16.64735">
        <ele>37.1</ele>
      </trkpt>
      <trkpt lat="43.17288" lon="16.64649">
        <ele>38.9</ele>
      </trkpt>
      <trkpt lat="43.17309" lon="16.645409">
        <ele>41.4</ele>
      </trkpt>
      <trkpt lat="43.17329" lon="16.64432">
        <ele>40.5</ele>
      </trkpt>
      <trkpt lat="43.17341" lon="16.64363">
        <ele>38.9</ele>
      </trkpt>
      <trkpt lat="43.17353" lon="16.64294">
        <ele>37.8</ele>
      </trkpt>
      <trkpt lat="43.17368" lon="16.641929">
        <ele>38.0</ele>
      </trkpt>
      <trkpt lat="43.17384" lon="16.64093">
        <ele>37.2</ele>
      </trkpt>
      <trkpt lat="43.174" lon="16.63993">
        <ele>38.7</ele>
      </trkpt>
      <trkpt lat="43.17412" lon="16.63906">
        <ele>39.5</ele>
      </trkpt>
      <trkpt lat="43.17425" lon="16.63819">
        <ele>40.5</ele>
      </trkpt>
      <trkpt lat="43.17437" lon="16.637329">
        <ele>41.2</ele>
      </trkpt>
      <trkpt lat="43.17456" lon="16.63646">
        <ele>43.1</ele>
      </trkpt>
      <trkpt lat="43.1747" lon="16.63576">
        <ele>43.8</ele>
      </trkpt>
      <trkpt lat="43.17483" lon="16.63505">
        <ele>43.0</ele>
      </trkpt>
      <trkpt lat="43.17496" lon="16.634239">
        <ele>42.2</ele>
      </trkpt>
      <trkpt lat="43.1751" lon="16.63343">
        <ele>44.2</ele>
      </trkpt>
      <trkpt lat="43.17523" lon="16.632629">
        <ele>46.0</ele>
      </trkpt>
      <trkpt lat="43.17539" lon="16.63157">
        <ele>45.7</ele>
      </trkpt>
      <trkpt lat="43.17555" lon="16.63051">
        <ele>45.8</ele>
      </trkpt>
      <trkpt lat="43.17571" lon="16.62946">
        <ele>46.9</ele>
      </trkpt>
      <trkpt lat="43.17587" lon="16.6284">
        <ele>47.8</ele>
      </trkpt>
      <trkpt lat="43.17603" lon="16.62734">
        <ele>46.7</ele>
      </trkpt>
      <trkpt lat="43.17619" lon="16.62629">
        <ele>48.2</ele>
      </trkpt>
      <trkpt lat="43.17634" lon="16.62535">
        <ele>48.4</ele>
      </trkpt>
      <trkpt lat="43.1765" lon="16.62441">
        <ele>47.1</ele>
      </trkpt>
      <trkpt lat="43.17665" lon="16.62347">
        <ele>46.1</ele>
      </trkpt>
      <trkpt lat="43.17681" lon="16.622409">
        <ele>46.0</ele>
      </trkpt>
      <trkpt lat="43.17697" lon="16.62135">
        <ele>44.3</ele>
      </trkpt>
      <trkpt lat="43.17712" lon="16.62029">
        <ele>44.1</ele>
      </trkpt>
      <trkpt lat="43.17728" lon="16.61923">
        <ele>43.5</ele>
      </trkpt>
      <trkpt lat="43.17744" lon="16.61817">
        <ele>43.9</ele>
      </trkpt>
      <trkpt lat="43.1776" lon="16.61711">
        <ele>40.6</ele>
      </trkpt>
      <trkpt lat="43.17776" lon="16.61605">
        <ele>38.4</ele>
      </trkpt>
      <trkpt lat="43.17784" lon="16.61545">
        <ele>37.1</ele>
      </trkpt>
      <trkpt lat="43.17785" lon="16.61526">
        <ele>36.8</ele>
      </trkpt>
      <trkpt lat="43.17787" lon="16.61482">
        <ele>35.7</ele>
      </trkpt>
      <trkpt lat="43.1778" lon="16.61429">
        <ele>34.3</ele>
      </trkpt>
      <trkpt lat="43.17761" lon="16.613499">
        <ele>33.9</ele>
      </trkpt>
      <trkpt lat="43.17731" lon="16.61248">
        <ele>33.4</ele>
      </trkpt>
      <trkpt lat="43.17701" lon="16.61145">
        <ele>34.7</ele>
      </trkpt>
      <trkpt lat="43.17677" lon="16.610579">
        <ele>34.2</ele>
      </trkpt>
      <trkpt lat="43.17653" lon="16.60972">
        <ele>35.2</ele>
      </trkpt>
      <trkpt lat="43.17629" lon="16.60886">
        <ele>34.9</ele>
      </trkpt>
      <trkpt lat="43.17605" lon="16.60799">
        <ele>35.9</ele>
      </trkpt>
      <trkpt lat="43.17601" lon="16.60763">
        <ele>34.7</ele>
      </trkpt>
      <trkpt lat="43.176" lon="16.607309">
        <ele>33.5</ele>
      </trkpt>
      <trkpt lat="43.17602" lon="16.60697">
        <ele>32.2</ele>
      </trkpt>
      <trkpt lat="43.17609" lon="16.606459">
        <ele>31.4</ele>
      </trkpt>
      <trkpt lat="43.17617" lon="16.60611">
        <ele>31.8</ele>
      </trkpt>
      <trkpt lat="43.17633" lon="16.60558">
        <ele>32.3</ele>
      </trkpt>
      <trkpt lat="43.17656" lon="16.60469">
        <ele>33.1</ele>
      </trkpt>
      <trkpt lat="43.1768" lon="16.60379">
        <ele>34.2</ele>
      </trkpt>
      <trkpt lat="43.17695" lon="16.60334">
        <ele>33.6</ele>
      </trkpt>
      <trkpt lat="43.17707" lon="16.60306">
        <ele>33.4</ele>
      </trkpt>
      <trkpt lat="43.17746" lon="16.602239">
        <ele>32.4</ele>
      </trkpt>
      <trkpt lat="43.1777" lon="16.60152">
        <ele>33.3</ele>
      </trkpt>
      <trkpt lat="43.17787" lon="16.60076">
        <ele>32.3</ele>
      </trkpt>
      <trkpt lat="43.17805" lon="16.60001">
        <ele>32.4</ele>
      </trkpt>
      <trkpt lat="43.17826" lon="16.599039">
        <ele>29.0</ele>
      </trkpt>
      <trkpt lat="43.17847" lon="16.59807">
        <ele>31.7</ele>
      </trkpt>
      <trkpt lat="43.17867" lon="16.5971">
        <ele>31.8</ele>
      </trkpt>
      <trkpt lat="43.17888" lon="16.596129">
        <ele>32.8</ele>
      </trkpt>
      <trkpt lat="43.17909" lon="16.595099">
        <ele>32.9</ele>
      </trkpt>
      <trkpt lat="43.17917" lon="16.5945">
        <ele>32.6</ele>
      </trkpt>
      <trkpt lat="43.17919" lon="16.593599">
        <ele>32.1</ele>
      </trkpt>
      <trkpt lat="43.17921" lon="16.5927">
        <ele>30.1</ele>
      </trkpt>
      <trkpt lat="43.17921" lon="16.59179">
        <ele>31.5</ele>
      </trkpt>
      <trkpt lat="43.17922" lon="16.590879">
        <ele>37.3</ele>
      </trkpt>
      <trkpt lat="43.17923" lon="16.58971">
        <ele>43.4</ele>
      </trkpt>
      <trkpt lat="43.17927" lon="16.58933">
        <ele>44.1</ele>
      </trkpt>
      <trkpt lat="43.17932" lon="16.58902">
        <ele>43.8</ele>
      </trkpt>
      <trkpt lat="43.17938" lon="16.58879">
        <ele>42.7</ele>
      </trkpt>
      <trkpt lat="43.17951" lon="16.58847">
        <ele>40.6</ele>
      </trkpt>
      <trkpt lat="43.1799" lon="16.5877">
        <ele>38.1</ele>
      </trkpt>
      <trkpt lat="43.18003" lon="16.58739">
        <ele>37.1</ele>
      </trkpt>
      <trkpt lat="43.18009" lon="16.58714">
        <ele>37.5</ele>
      </trkpt>
      <trkpt lat="43.18011" lon="16.58692">
        <ele>38.3</ele>
      </trkpt>
      <trkpt lat="43.18007" lon="16.58624">
        <ele>37.1</ele>
      </trkpt>
      <trkpt lat="43.18004" lon="16.58556">
        <ele>33.0</ele>
      </trkpt>
      <trkpt lat="43.18001" lon="16.58474">
        <ele>29.0</ele>
      </trkpt>
      <trkpt lat="43.17979" lon="16.58471">
        <ele>31.2</ele>
      </trkpt>
      <trkpt lat="43.17962" lon="16.58465">
        <ele>32.9</ele>
      </trkpt>
      <trkpt lat="43.17957" lon="16.58444">
        <ele>33.3</ele>
      </trkpt>
      <trkpt lat="43.17961" lon="16.58396">
        <ele>32.8</ele>
      </trkpt>
      <trkpt lat="43.1796" lon="16.58342">
        <ele>33.6</ele>
      </trkpt>
      <trkpt lat="43.17955" lon="16.58276">
        <ele>33.9</ele>
      </trkpt>
      <trkpt lat="43.17951" lon="16.5821">
        <ele>32.3</ele>
      </trkpt>
      <trkpt lat="43.17945" lon="16.58181">
        <ele>32.0</ele>
      </trkpt>
      <trkpt lat="43.17901" lon="16.580739">
        <ele>32.4</ele>
      </trkpt>
      <trkpt lat="43.17864" lon="16.57996">
        <ele>34.2</ele>
      </trkpt>
      <trkpt lat="43.17827" lon="16.57917">
        <ele>37.2</ele>
      </trkpt>
      <trkpt lat="43.17817" lon="16.57869">
        <ele>37.1</ele>
      </trkpt>
      <trkpt lat="43.17797" lon="16.57835">
        <ele>38.8</ele>
      </trkpt>
      <trkpt lat="43.17746" lon="16.57794">
        <ele>39.9</ele>
      </trkpt>
      <trkpt lat="43.17694" lon="16.57753">
        <ele>45.6</ele>
      </trkpt>
      <trkpt lat="43.17641" lon="16.57697">
        <ele>49.6</ele>
      </trkpt>
      <trkpt lat="43.17605" lon="16.57673">
        <ele>54.0</ele>
      </trkpt>
      <trkpt lat="43.17573" lon="16.576429">
        <ele>58.3</ele>
      </trkpt>
      <trkpt lat="43.17548" lon="16.57579">
        <ele>54.5</ele>
      </trkpt>
      <trkpt lat="43.17537" lon="16.575669">
        <ele>56.1</ele>
      </trkpt>
      <trkpt lat="43.17518" lon="16.575589">
        <ele>58.2</ele>
      </trkpt>
      <trkpt lat="43.17484" lon="16.575479">
        <ele>59.2</ele>
      </trkpt>
      <trkpt lat="43.17442" lon="16.57543">
        <ele>59.8</ele>
      </trkpt>
      <trkpt lat="43.17422" lon="16.57547">
        <ele>61.3</ele>
      </trkpt>
      <trkpt lat="43.17378" lon="16.57563">
        <ele>66.3</ele>
      </trkpt>
      <trkpt lat="43.17333" lon="16.57578">
        <ele>69.6</ele>
      </trkpt>
      <trkpt lat="43.17278" lon="16.57593">
        <ele>74.9</ele>
      </trkpt>
      <trkpt lat="43.17263" lon="16.57591">
        <ele>74.7</ele>
      </trkpt>
      <trkpt lat="43.17239" lon="16.57569">
        <ele>74.9</ele>
      </trkpt>
      <trkpt lat="43.17222" lon="16.575489">
        <ele>76.7</ele>
      </trkpt>
      <trkpt lat="43.17206" lon="16.57532">
        <ele>77.3</ele>
      </trkpt>
      <trkpt lat="43.17186" lon="16.57519">
        <ele>77.9</ele>
      </trkpt>
      <trkpt lat="43.17163" lon="16.57508">
        <ele>78.1</ele>
      </trkpt>
      <trkpt lat="43.1712" lon="16.574929">
        <ele>80.8</ele>
      </trkpt>
      <trkpt lat="43.17108" lon="16.57475">
        <ele>84.0</ele>
      </trkpt>
      <trkpt lat="43.17109" lon="16.5745">
        <ele>87.0</ele>
      </trkpt>
      <trkpt lat="43.17133" lon="16.5742">
        <ele>89.0</ele>
      </trkpt>
      <trkpt lat="43.17145" lon="16.5741">
        <ele>90.6</ele>
      </trkpt>
      <trkpt lat="43.17167" lon="16.57404">
        <ele>91.0</ele>
      </trkpt>
      <trkpt lat="43.17185" lon="16.57406">
        <ele>91.5</ele>
      </trkpt>
      <trkpt lat="43.17228" lon="16.57406">
        <ele>94.1</ele>
      </trkpt>
      <trkpt lat="43.17253" lon="16.574">
        <ele>97.1</ele>
      </trkpt>
      <trkpt lat="43.17277" lon="16.573879">
        <ele>98.2</ele>
      </trkpt>
      <trkpt lat="43.17303" lon="16.57377">
        <ele>98.0</ele>
      </trkpt>
      <trkpt lat="43.17322" lon="16.573519">
        <ele>101.1</ele>
      </trkpt>
      <trkpt lat="43.17344" lon="16.57309">
        <ele>103.3</ele>
      </trkpt>
      <trkpt lat="43.17349" lon="16.5729">
        <ele>104.5</ele>
      </trkpt>
      <trkpt lat="43.17357" lon="16.57222">
        <ele>110.0</ele>
      </trkpt>
      <trkpt lat="43.17361" lon="16.57147">
        <ele>113.1</ele>
      </trkpt>
      <trkpt lat="43.17356" lon="16.57125">
        <ele>113.3</ele>
      </trkpt>
      <trkpt lat="43.17346" lon="16.57112">
        <ele>114.6</ele>
      </trkpt>
      <trkpt lat="43.1728" lon="16.570609">
        <ele>126.9</ele>
      </trkpt>
      <trkpt lat="43.17253" lon="16.57037">
        <ele>130.9</ele>
      </trkpt>
      <trkpt lat="43.17244" lon="16.57015">
        <ele>130.3</ele>
      </trkpt>
      <trkpt lat="43.17239" lon="16.56992">
        <ele>130.0</ele>
      </trkpt>
      <trkpt lat="43.17236" lon="16.56945">
        <ele>132.2</ele>
      </trkpt>
      <trkpt lat="43.17227" lon="16.56904">
        <ele>134.4</ele>
      </trkpt>
      <trkpt lat="43.17221" lon="16.56865">
        <ele>133.0</ele>
      </trkpt>
      <trkpt lat="43.1721" lon="16.56838">
        <ele>133.5</ele>
      </trkpt>
      <trkpt lat="43.17201" lon="16.56822">
        <ele>132.9</ele>
      </trkpt>
      <trkpt lat="43.17187" lon="16.568159">
        <ele>134.4</ele>
      </trkpt>
      <trkpt lat="43.17131" lon="16.56814">
        <ele>139.9</ele>
      </trkpt>
      <trkpt lat="43.17117" lon="16.568169">
        <ele>141.4</ele>
      </trkpt>
      <trkpt lat="43.17084" lon="16.568359">
        <ele>147.4</ele>
      </trkpt>
      <trkpt lat="43.17059" lon="16.56848">
        <ele>153.5</ele>
      </trkpt>
      <trkpt lat="43.17033" lon="16.56847">
        <ele>157.7</ele>
      </trkpt>
      <trkpt lat="43.17011" lon="16.56837">
        <ele>159.7</ele>
      </trkpt>
      <trkpt lat="43.16989" lon="16.56812">
        <ele>161.2</ele>
      </trkpt>
      <trkpt lat="43.16963" lon="16.567229">
        <ele>161.5</ele>
      </trkpt>
      <trkpt lat="43.16952" lon="16.56693">
        <ele>163.9</ele>
      </trkpt>
      <trkpt lat="43.16933" lon="16.56665">
        <ele>168.1</ele>
      </trkpt>
      <trkpt lat="43.16914" lon="16.566469">
        <ele>170.8</ele>
      </trkpt>
      <trkpt lat="43.16874" lon="16.56624">
        <ele>173.2</ele>
      </trkpt>
      <trkpt lat="43.16854" lon="16.56622">
        <ele>175.6</ele>
      </trkpt>
      <trkpt lat="43.1678" lon="16.56626">
        <ele>185.9</ele>
      </trkpt>
      <trkpt lat="43.16763" lon="16.56617">
        <ele>186.7</ele>
      </trkpt>
      <trkpt lat="43.1671" lon="16.5657">
        <ele>189.9</ele>
      </trkpt>
      <trkpt lat="43.16683" lon="16.56552">
        <ele>192.0</ele>
      </trkpt>
      <trkpt lat="43.1662" lon="16.5653">
        <ele>195.5</ele>
      </trkpt>
      <trkpt lat="43.16588" lon="16.56519">
        <ele>196.7</ele>
      </trkpt>
      <trkpt lat="43.16572" lon="16.56518">
        <ele>199.6</ele>
      </trkpt>
      <trkpt lat="43.16562" lon="16.56527">
        <ele>203.0</ele>
      </trkpt>
      <trkpt lat="43.16557" lon="16.5654">
        <ele>205.5</ele>
      </trkpt>
      <trkpt lat="43.16551" lon="16.565539">
        <ele>208.1</ele>
      </trkpt>
      <trkpt lat="43.16544" lon="16.565819">
        <ele>211.7</ele>
      </trkpt>
      <trkpt lat="43.16539" lon="16.56594">
        <ele>213.0</ele>
      </trkpt>
      <trkpt lat="43.16533" lon="16.56596">
        <ele>213.7</ele>
      </trkpt>
      <trkpt lat="43.1653" lon="16.56594">
        <ele>213.8</ele>
      </trkpt>
      <trkpt lat="43.16523" lon="16.565829">
        <ele>213.8</ele>
      </trkpt>
      <trkpt lat="43.16515" lon="16.56557">
        <ele>213.8</ele>
      </trkpt>
      <trkpt lat="43.16498" lon="16.564979">
        <ele>217.0</ele>
      </trkpt>
      <trkpt lat="43.16497" lon="16.56481">
        <ele>217.8</ele>
      </trkpt>
      <trkpt lat="43.165" lon="16.56466">
        <ele>216.8</ele>
      </trkpt>
      <trkpt lat="43.16519" lon="16.56408">
        <ele>211.2</ele>
      </trkpt>
      <trkpt lat="43.16539" lon="16.56351">
        <ele>208.4</ele>
      </trkpt>
      <trkpt lat="43.16542" lon="16.5633">
        <ele>209.0</ele>
      </trkpt>
      <trkpt lat="43.16549" lon="16.56251">
        <ele>210.8</ele>
      </trkpt>
      <trkpt lat="43.16555" lon="16.56172">
        <ele>212.0</ele>
      </trkpt>
      <trkpt lat="43.16557" lon="16.561039">
        <ele>213.2</ele>
      </trkpt>
      <trkpt lat="43.16558" lon="16.56035">
        <ele>213.3</ele>
      </trkpt>
      <trkpt lat="43.16555" lon="16.55988">
        <ele>213.3</ele>
      </trkpt>
      <trkpt lat="43.16543" lon="16.55872">
        <ele>205.5</ele>
      </trkpt>
      <trkpt lat="43.16535" lon="16.55839">
        <ele>202.7</ele>
      </trkpt>
      <trkpt lat="43.16527" lon="16.558219">
        <ele>200.4</ele>
      </trkpt>
      <trkpt lat="43.1652" lon="16.55815">
        <ele>199.8</ele>
      </trkpt>
      <trkpt lat="43.16511" lon="16.55811">
        <ele>200.4</ele>
      </trkpt>
      <trkpt lat="43.16501" lon="16.558129">
        <ele>202.9</ele>
      </trkpt>
      <trkpt lat="43.16489" lon="16.55843">
        <ele>209.6</ele>
      </trkpt>
      <trkpt lat="43.16481" lon="16.55857">
        <ele>211.6</ele>
      </trkpt>
      <trkpt lat="43.16469" lon="16.55871">
        <ele>213.4</ele>
      </trkpt>
      <trkpt lat="43.16431" lon="16.55909">
        <ele>219.7</ele>
      </trkpt>
      <trkpt lat="43.16394" lon="16.55948">
        <ele>227.3</ele>
      </trkpt>
      <trkpt lat="43.16346" lon="16.55976">
        <ele>229.8</ele>
      </trkpt>
      <trkpt lat="43.16311" lon="16.56008">
        <ele>237.8</ele>
      </trkpt>
      <trkpt lat="43.16306" lon="16.56011">
        <ele>238.6</ele>
      </trkpt>
      <trkpt lat="43.16296" lon="16.560089">
        <ele>237.5</ele>
      </trkpt>
      <trkpt lat="43.1625" lon="16.55994">
        <ele>231.6</ele>
      </trkpt>
      <trkpt lat="43.16205" lon="16.55978">
        <ele>243.6</ele>
      </trkpt>
      <trkpt lat="43.162" lon="16.55968">
        <ele>245.2</ele>
      </trkpt>
      <trkpt lat="43.16201" lon="16.55959">
        <ele>245.1</ele>
      </trkpt>
      <trkpt lat="43.16212" lon="16.55921">
        <ele>241.6</ele>
      </trkpt>
      <trkpt lat="43.1622" lon="16.55901">
        <ele>242.7</ele>
      </trkpt>
      <trkpt lat="43.16278" lon="16.558209">
        <ele>240.1</ele>
      </trkpt>
      <trkpt lat="43.16297" lon="16.55787">
        <ele>240.7</ele>
      </trkpt>
      <trkpt lat="43.16318" lon="16.557289">
        <ele>242.2</ele>
      </trkpt>
      <trkpt lat="43.16334" lon="16.55674">
        <ele>243.2</ele>
      </trkpt>
      <trkpt lat="43.16354" lon="16.55619">
        <ele>249.3</ele>
      </trkpt>
      <trkpt lat="43.16374" lon="16.55563">
        <ele>257.0</ele>
      </trkpt>
      <trkpt lat="43.16394" lon="16.555319">
        <ele>257.3</ele>
      </trkpt>
      <trkpt lat="43.16431" lon="16.55481">
        <ele>256.4</ele>
      </trkpt>
      <trkpt lat="43.16438" lon="16.55468">
        <ele>258.5</ele>
      </trkpt>
      <trkpt lat="43.16479" lon="16.553799">
        <ele>273.0</ele>
      </trkpt>
      <trkpt lat="43.16489" lon="16.553709">
        <ele>272.1</ele>
      </trkpt>
      <trkpt lat="43.16505" lon="16.553629">
        <ele>269.7</ele>
      </trkpt>
      <trkpt lat="43.16519" lon="16.5536">
        <ele>268.3</ele>
      </trkpt>
      <trkpt lat="43.16546" lon="16.553619">
        <ele>262.8</ele>
      </trkpt>
      <trkpt lat="43.16559" lon="16.5536">
        <ele>261.1</ele>
      </trkpt>
      <trkpt lat="43.16583" lon="16.553439">
        <ele>261.1</ele>
      </trkpt>
      <trkpt lat="43.1659" lon="16.55338">
        <ele>261.2</ele>
      </trkpt>
      <trkpt lat="43.16636" lon="16.55266">
        <ele>268.1</ele>
      </trkpt>
      <trkpt lat="43.16652" lon="16.552399">
        <ele>268.5</ele>
      </trkpt>
      <trkpt lat="43.16665" lon="16.55209">
        <ele>269.0</ele>
      </trkpt>
      <trkpt lat="43.16688" lon="16.55139">
        <ele>271.2</ele>
      </trkpt>
      <trkpt lat="43.16707" lon="16.55039">
        <ele>279.3</ele>
      </trkpt>
      <trkpt lat="43.16719" lon="16.549309">
        <ele>287.7</ele>
      </trkpt>
      <trkpt lat="43.16735" lon="16.54867">
        <ele>292.4</ele>
      </trkpt>
      <trkpt lat="43.16753" lon="16.548089">
        <ele>295.3</ele>
      </trkpt>
      <trkpt lat="43.16771" lon="16.547519">
        <ele>299.2</ele>
      </trkpt>
      <trkpt lat="43.16776" lon="16.54736">
        <ele>301.0</ele>
      </trkpt>
      <trkpt lat="43.16813" lon="16.546759">
        <ele>299.5</ele>
      </trkpt>
      <trkpt lat="43.16826" lon="16.54644">
        <ele>300.5</ele>
      </trkpt>
      <trkpt lat="43.16838" lon="16.546109">
        <ele>302.2</ele>
      </trkpt>
      <trkpt lat="43.16851" lon="16.54589">
        <ele>302.2</ele>
      </trkpt>
      <trkpt lat="43.16866" lon="16.54568">
        <ele>301.2</ele>
      </trkpt>
      <trkpt lat="43.16876" lon="16.545459">
        <ele>301.6</ele>
      </trkpt>
      <trkpt lat="43.16895" lon="16.54476">
        <ele>302.3</ele>
      </trkpt>
      <trkpt lat="43.16895" lon="16.54464">
        <ele>302.3</ele>
      </trkpt>
      <trkpt lat="43.16875" lon="16.544039">
        <ele>311.0</ele>
      </trkpt>
      <trkpt lat="43.16855" lon="16.54345">
        <ele>316.3</ele>
      </trkpt>
      <trkpt lat="43.16833" lon="16.542449">
        <ele>321.2</ele>
      </trkpt>
      <trkpt lat="43.1683" lon="16.5422">
        <ele>323.0</ele>
      </trkpt>
      <trkpt lat="43.1683" lon="16.54201">
        <ele>322.7</ele>
      </trkpt>
      <trkpt lat="43.16839" lon="16.54107">
        <ele>319.8</ele>
      </trkpt>
      <trkpt lat="43.16833" lon="16.54075">
        <ele>323.5</ele>
      </trkpt>
      <trkpt lat="43.16821" lon="16.54034">
        <ele>326.4</ele>
      </trkpt>
      <trkpt lat="43.16791" lon="16.53969">
        <ele>334.3</ele>
      </trkpt>
      <trkpt lat="43.16765" lon="16.53902">
        <ele>337.4</ele>
      </trkpt>
      <trkpt lat="43.16739" lon="16.53835">
        <ele>337.6</ele>
      </trkpt>
      <trkpt lat="43.16734" lon="16.53796">
        <ele>336.1</ele>
      </trkpt>
      <trkpt lat="43.16742" lon="16.537009">
        <ele>338.5</ele>
      </trkpt>
      <trkpt lat="43.16768" lon="16.53629">
        <ele>340.4</ele>
      </trkpt>
      <trkpt lat="43.16776" lon="16.53601">
        <ele>340.9</ele>
      </trkpt>
      <trkpt lat="43.1678" lon="16.53553">
        <ele>344.8</ele>
      </trkpt>
      <trkpt lat="43.16797" lon="16.53482">
        <ele>351.8</ele>
      </trkpt>
      <trkpt lat="43.16805" lon="16.53461">
        <ele>355.6</ele>
      </trkpt>
      <trkpt lat="43.16815" lon="16.53445">
        <ele>359.3</ele>
      </trkpt>
      <trkpt lat="43.16827" lon="16.53431">
        <ele>363.4</ele>
      </trkpt>
      <trkpt lat="43.16836" lon="16.53423">
        <ele>366.1</ele>
      </trkpt>
      <trkpt lat="43.16855" lon="16.53415">
        <ele>367.6</ele>
      </trkpt>
      <trkpt lat="43.1692" lon="16.53414">
        <ele>365.1</ele>
      </trkpt>
      <trkpt lat="43.1693" lon="16.53406">
        <ele>365.4</ele>
      </trkpt>
      <trkpt lat="43.16935" lon="16.53398">
        <ele>366.5</ele>
      </trkpt>
      <trkpt lat="43.16938" lon="16.53385">
        <ele>369.1</ele>
      </trkpt>
      <trkpt lat="43.16945" lon="16.5335">
        <ele>375.9</ele>
      </trkpt>
      <trkpt lat="43.16951" lon="16.53341">
        <ele>376.6</ele>
      </trkpt>
      <trkpt lat="43.16988" lon="16.533159">
        <ele>370.9</ele>
      </trkpt>
      <trkpt lat="43.16997" lon="16.53302">
        <ele>370.1</ele>
      </trkpt>
      <trkpt lat="43.16999" lon="16.53293">
        <ele>370.6</ele>
      </trkpt>
      <trkpt lat="43.16998" lon="16.53275">
        <ele>372.8</ele>
      </trkpt>
      <trkpt lat="43.16992" lon="16.53216">
        <ele>378.4</ele>
      </trkpt>
      <trkpt lat="43.16992" lon="16.5319">
        <ele>379.5</ele>
      </trkpt>
      <trkpt lat="43.16995" lon="16.531669">
        <ele>379.9</ele>
      </trkpt>
      <trkpt lat="43.17023" lon="16.530899">
        <ele>378.4</ele>
      </trkpt>
      <trkpt lat="43.17051" lon="16.53013">
        <ele>376.7</ele>
      </trkpt>
      <trkpt lat="43.17069" lon="16.52929">
        <ele>372.3</ele>
      </trkpt>
      <trkpt lat="43.17087" lon="16.52845">
        <ele>366.6</ele>
      </trkpt>
      <trkpt lat="43.17103" lon="16.52806">
        <ele>365.3</ele>
      </trkpt>
      <trkpt lat="43.17139" lon="16.52732">
        <ele>363.4</ele>
      </trkpt>
      <trkpt lat="43.17162" lon="16.526789">
        <ele>360.8</ele>
      </trkpt>
      <trkpt lat="43.17174" lon="16.52654">
        <ele>359.6</ele>
      </trkpt>
      <trkpt lat="43.17199" lon="16.52589">
        <ele>355.6</ele>
      </trkpt>
      <trkpt lat="43.17224" lon="16.52523">
        <ele>353.6</ele>
      </trkpt>
      <trkpt lat="43.17234" lon="16.524899">
        <ele>352.4</ele>
      </trkpt>
      <trkpt lat="43.17225" lon="16.52502">
        <ele>350.9</ele>
      </trkpt>
      <trkpt lat="43.17199" lon="16.52549">
        <ele>349.4</ele>
      </trkpt>
      <trkpt lat="43.17164" lon="16.526029">
        <ele>348.3</ele>
      </trkpt>
      <trkpt lat="43.17112" lon="16.5267">
        <ele>350.6</ele>
      </trkpt>
      <trkpt lat="43.17104" lon="16.526779">
        <ele>350.1</ele>
      </trkpt>
      <trkpt lat="43.17099" lon="16.52675">
        <ele>348.8</ele>
      </trkpt>
      <trkpt lat="43.17098" lon="16.526679">
        <ele>347.8</ele>
      </trkpt>
      <trkpt lat="43.17118" lon="16.526409">
        <ele>348.1</ele>
      </trkpt>
      <trkpt lat="43.17147" lon="16.525849">
        <ele>343.6</ele>
      </trkpt>
      <trkpt lat="43.17175" lon="16.525289">
        <ele>338.6</ele>
      </trkpt>
      <trkpt lat="43.17188" lon="16.52476">
        <ele>334.9</ele>
      </trkpt>
      <trkpt lat="43.17198" lon="16.52417">
        <ele>330.3</ele>
      </trkpt>
      <trkpt lat="43.17208" lon="16.52317">
        <ele>322.3</ele>
      </trkpt>
      <trkpt lat="43.17218" lon="16.52217">
        <ele>315.4</ele>
      </trkpt>
      <trkpt lat="43.1723" lon="16.521809">
        <ele>315.1</ele>
      </trkpt>
      <trkpt lat="43.17239" lon="16.52159">
        <ele>316.1</ele>
      </trkpt>
      <trkpt lat="43.1725" lon="16.52129">
        <ele>318.6</ele>
      </trkpt>
      <trkpt lat="43.17248" lon="16.521159">
        <ele>317.6</ele>
      </trkpt>
      <trkpt lat="43.17221" lon="16.52062">
        <ele>309.0</ele>
      </trkpt>
      <trkpt lat="43.17193" lon="16.52009">
        <ele>302.9</ele>
      </trkpt>
      <trkpt lat="43.17158" lon="16.51916">
        <ele>301.2</ele>
      </trkpt>
      <trkpt lat="43.1715" lon="16.51906">
        <ele>299.6</ele>
      </trkpt>
      <trkpt lat="43.17114" lon="16.51864">
        <ele>294.2</ele>
      </trkpt>
      <trkpt lat="43.17077" lon="16.51822">
        <ele>289.6</ele>
      </trkpt>
      <trkpt lat="43.17071" lon="16.51819">
        <ele>287.5</ele>
      </trkpt>
      <trkpt lat="43.17067" lon="16.51822">
        <ele>285.7</ele>
      </trkpt>
      <trkpt lat="43.17065" lon="16.51828">
        <ele>284.4</ele>
      </trkpt>
      <trkpt lat="43.17068" lon="16.51836">
        <ele>284.7</ele>
      </trkpt>
      <trkpt lat="43.17115" lon="16.51905">
        <ele>288.4</ele>
      </trkpt>
      <trkpt lat="43.1712" lon="16.51916">
        <ele>288.4</ele>
      </trkpt>
      <trkpt lat="43.17124" lon="16.5193">
        <ele>288.4</ele>
      </trkpt>
      <trkpt lat="43.17133" lon="16.52009">
        <ele>284.7</ele>
      </trkpt>
      <trkpt lat="43.17142" lon="16.520869">
        <ele>287.1</ele>
      </trkpt>
      <trkpt lat="43.17143" lon="16.521059">
        <ele>287.9</ele>
      </trkpt>
      <trkpt lat="43.1714" lon="16.5212">
        <ele>288.0</ele>
      </trkpt>
      <trkpt lat="43.17126" lon="16.52158">
        <ele>288.1</ele>
      </trkpt>
      <trkpt lat="43.17119" lon="16.52155">
        <ele>287.2</ele>
      </trkpt>
      <trkpt lat="43.17124" lon="16.5212">
        <ele>285.6</ele>
      </trkpt>
      <trkpt lat="43.17111" lon="16.52055">
        <ele>279.5</ele>
      </trkpt>
      <trkpt lat="43.17098" lon="16.5199">
        <ele>273.9</ele>
      </trkpt>
      <trkpt lat="43.17097" lon="16.519739">
        <ele>275.1</ele>
      </trkpt>
      <trkpt lat="43.1709" lon="16.519549">
        <ele>274.6</ele>
      </trkpt>
      <trkpt lat="43.1708" lon="16.51941">
        <ele>272.9</ele>
      </trkpt>
      <trkpt lat="43.17053" lon="16.5192">
        <ele>266.8</ele>
      </trkpt>
      <trkpt lat="43.1702" lon="16.518889">
        <ele>260.2</ele>
      </trkpt>
      <trkpt lat="43.16987" lon="16.51863">
        <ele>254.2</ele>
      </trkpt>
      <trkpt lat="43.16973" lon="16.51828">
        <ele>253.2</ele>
      </trkpt>
      <trkpt lat="43.16963" lon="16.51784">
        <ele>250.2</ele>
      </trkpt>
      <trkpt lat="43.16956" lon="16.51735">
        <ele>246.3</ele>
      </trkpt>
      <trkpt lat="43.16964" lon="16.51666">
        <ele>244.9</ele>
      </trkpt>
      <trkpt lat="43.1696" lon="16.51612">
        <ele>240.7</ele>
      </trkpt>
      <trkpt lat="43.16944" lon="16.51558">
        <ele>232.2</ele>
      </trkpt>
      <trkpt lat="43.16929" lon="16.515339">
        <ele>225.3</ele>
      </trkpt>
      <trkpt lat="43.16922" lon="16.51512">
        <ele>221.7</ele>
      </trkpt>
      <trkpt lat="43.16925" lon="16.51474">
        <ele>223.1</ele>
      </trkpt>
      <trkpt lat="43.16897" lon="16.514119">
        <ele>215.5</ele>
      </trkpt>
      <trkpt lat="43.16883" lon="16.51368">
        <ele>207.3</ele>
      </trkpt>
      <trkpt lat="43.16884" lon="16.51338">
        <ele>204.2</ele>
      </trkpt>
      <trkpt lat="43.16894" lon="16.51306">
        <ele>202.4</ele>
      </trkpt>
      <trkpt lat="43.16913" lon="16.51285">
        <ele>202.5</ele>
      </trkpt>
      <trkpt lat="43.1695" lon="16.51278">
        <ele>206.4</ele>
      </trkpt>
      <trkpt lat="43.16976" lon="16.512609">
        <ele>206.6</ele>
      </trkpt>
      <trkpt lat="43.17002" lon="16.51248">
        <ele>207.8</ele>
      </trkpt>
      <trkpt lat="43.17004" lon="16.51236">
        <ele>210.9</ele>
      </trkpt>
      <trkpt lat="43.16994" lon="16.512239">
        <ele>212.3</ele>
      </trkpt>
      <trkpt lat="43.16955" lon="16.51231">
        <ele>206.3</ele>
      </trkpt>
      <trkpt lat="43.16931" lon="16.512319">
        <ele>203.5</ele>
      </trkpt>
      <trkpt lat="43.16906" lon="16.51226">
        <ele>201.9</ele>
      </trkpt>
      <trkpt lat="43.16886" lon="16.51236">
        <ele>197.6</ele>
      </trkpt>
      <trkpt lat="43.16868" lon="16.51254">
        <ele>193.7</ele>
      </trkpt>
      <trkpt lat="43.16858" lon="16.51255">
        <ele>192.8</ele>
      </trkpt>
      <trkpt lat="43.16816" lon="16.51237">
        <ele>191.0</ele>
      </trkpt>
      <trkpt lat="43.16795" lon="16.5122">
        <ele>190.3</ele>
      </trkpt>
      <trkpt lat="43.16778" lon="16.511859">
        <ele>186.6</ele>
      </trkpt>
      <trkpt lat="43.16765" lon="16.511769">
        <ele>183.1</ele>
      </trkpt>
      <trkpt lat="43.16748" lon="16.51174">
        <ele>179.3</ele>
      </trkpt>
      <trkpt lat="43.16742" lon="16.511569">
        <ele>178.2</ele>
      </trkpt>
      <trkpt lat="43.1674" lon="16.51115">
        <ele>176.4</ele>
      </trkpt>
      <trkpt lat="43.1674" lon="16.510349">
        <ele>176.0</ele>
      </trkpt>
      <trkpt lat="43.16734" lon="16.510069">
        <ele>176.0</ele>
      </trkpt>
      <trkpt lat="43.16724" lon="16.50996">
        <ele>175.5</ele>
      </trkpt>
      <trkpt lat="43.16684" lon="16.50996">
        <ele>170.2</ele>
      </trkpt>
      <trkpt lat="43.1667" lon="16.50985">
        <ele>168.2</ele>
      </trkpt>
      <trkpt lat="43.16654" lon="16.50956">
        <ele>169.6</ele>
      </trkpt>
      <trkpt lat="43.16652" lon="16.50953">
        <ele>169.8</ele>
      </trkpt>
      <trkpt lat="43.16645" lon="16.50925">
        <ele>169.6</ele>
      </trkpt>
      <trkpt lat="43.16643" lon="16.50874">
        <ele>167.2</ele>
      </trkpt>
      <trkpt lat="43.16654" lon="16.50831">
        <ele>162.6</ele>
      </trkpt>
      <trkpt lat="43.16698" lon="16.50759">
        <ele>163.2</ele>
      </trkpt>
      <trkpt lat="43.16721" lon="16.50692">
        <ele>160.5</ele>
      </trkpt>
      <trkpt lat="43.16726" lon="16.506409">
        <ele>155.1</ele>
      </trkpt>
      <trkpt lat="43.16736" lon="16.50583">
        <ele>149.2</ele>
      </trkpt>
      <trkpt lat="43.16739" lon="16.50549">
        <ele>148.1</ele>
      </trkpt>
      <trkpt lat="43.1673" lon="16.50527">
        <ele>149.6</ele>
      </trkpt>
      <trkpt lat="43.16724" lon="16.505009">
        <ele>151.2</ele>
      </trkpt>
      <trkpt lat="43.16718" lon="16.50466">
        <ele>152.1</ele>
      </trkpt>
      <trkpt lat="43.16721" lon="16.504359">
        <ele>150.0</ele>
      </trkpt>
      <trkpt lat="43.16725" lon="16.50411">
        <ele>146.8</ele>
      </trkpt>
      <trkpt lat="43.16741" lon="16.50355">
        <ele>132.0</ele>
      </trkpt>
      <trkpt lat="43.16755" lon="16.50349">
        <ele>124.7</ele>
      </trkpt>
      <trkpt lat="43.16781" lon="16.50318">
        <ele>123.3</ele>
      </trkpt>
      <trkpt lat="43.16791" lon="16.502939">
        <ele>125.1</ele>
      </trkpt>
      <trkpt lat="43.16802" lon="16.50282">
        <ele>125.1</ele>
      </trkpt>
      <trkpt lat="43.16805" lon="16.50272">
        <ele>125.6</ele>
      </trkpt>
      <trkpt lat="43.16806" lon="16.50255">
        <ele>126.8</ele>
      </trkpt>
      <trkpt lat="43.16804" lon="16.502279">
        <ele>130.4</ele>
      </trkpt>
      <trkpt lat="43.16786" lon="16.50149">
        <ele>138.8</ele>
      </trkpt>
      <trkpt lat="43.16787" lon="16.501059">
        <ele>137.8</ele>
      </trkpt>
      <trkpt lat="43.16778" lon="16.50066">
        <ele>134.6</ele>
      </trkpt>
      <trkpt lat="43.1677" lon="16.500509">
        <ele>131.6</ele>
      </trkpt>
      <trkpt lat="43.16747" lon="16.500399">
        <ele>121.5</ele>
      </trkpt>
      <trkpt lat="43.16712" lon="16.50006">
        <ele>121.9</ele>
      </trkpt>
      <trkpt lat="43.16708" lon="16.49986">
        <ele>119.9</ele>
      </trkpt>
      <trkpt lat="43.16706" lon="16.49946">
        <ele>116.6</ele>
      </trkpt>
      <trkpt lat="43.16716" lon="16.49896">
        <ele>114.0</ele>
      </trkpt>
      <trkpt lat="43.16722" lon="16.498729">
        <ele>113.2</ele>
      </trkpt>
      <trkpt lat="43.16718" lon="16.49861">
        <ele>111.8</ele>
      </trkpt>
      <trkpt lat="43.1672" lon="16.498449">
        <ele>110.9</ele>
      </trkpt>
      <trkpt lat="43.1672" lon="16.49831">
        <ele>110.0</ele>
      </trkpt>
      <trkpt lat="43.16689" lon="16.497679">
        <ele>103.1</ele>
      </trkpt>
      <trkpt lat="43.1668" lon="16.49743">
        <ele>99.4</ele>
      </trkpt>
      <trkpt lat="43.16664" lon="16.49705">
        <ele>91.5</ele>
      </trkpt>
      <trkpt lat="43.16665" lon="16.496849">
        <ele>88.2</ele>
      </trkpt>
      <trkpt lat="43.16656" lon="16.496179">
        <ele>83.6</ele>
      </trkpt>
      <trkpt lat="43.16646" lon="16.49558">
        <ele>81.9</ele>
      </trkpt>
      <trkpt lat="43.16637" lon="16.49523">
        <ele>81.2</ele>
      </trkpt>
      <trkpt lat="43.16627" lon="16.49494">
        <ele>78.7</ele>
      </trkpt>
      <trkpt lat="43.16614" lon="16.49474">
        <ele>76.3</ele>
      </trkpt>
      <trkpt lat="43.16592" lon="16.49458">
        <ele>68.5</ele>
      </trkpt>
      <trkpt lat="43.16567" lon="16.494219">
        <ele>67.2</ele>
      </trkpt>
      <trkpt lat="43.16551" lon="16.4938">
        <ele>68.0</ele>
      </trkpt>
      <trkpt lat="43.16543" lon="16.49348">
        <ele>67.6</ele>
      </trkpt>
      <trkpt lat="43.16543" lon="16.49305">
        <ele>65.1</ele>
      </trkpt>
      <trkpt lat="43.16548" lon="16.49275">
        <ele>62.6</ele>
      </trkpt>
      <trkpt lat="43.16559" lon="16.49257">
        <ele>59.9</ele>
      </trkpt>
      <trkpt lat="43.16575" lon="16.49238">
        <ele>56.7</ele>
      </trkpt>
      <trkpt lat="43.16578" lon="16.492149">
        <ele>55.4</ele>
      </trkpt>
      <trkpt lat="43.16576" lon="16.49184">
        <ele>54.4</ele>
      </trkpt>
      <trkpt lat="43.16563" lon="16.491399">
        <ele>53.0</ele>
      </trkpt>
      <trkpt lat="43.16576" lon="16.49109">
        <ele>49.1</ele>
      </trkpt>
      <trkpt lat="43.1659" lon="16.49063">
        <ele>47.3</ele>
      </trkpt>
      <trkpt lat="43.16611" lon="16.49012">
        <ele>52.9</ele>
      </trkpt>
      <trkpt lat="43.16613" lon="16.48998">
        <ele>52.9</ele>
      </trkpt>
      <trkpt lat="43.16607" lon="16.48974">
        <ele>50.1</ele>
      </trkpt>
      <trkpt lat="43.16609" lon="16.48947">
        <ele>51.2</ele>
      </trkpt>
      <trkpt lat="43.16607" lon="16.48927">
        <ele>50.2</ele>
      </trkpt>
      <trkpt lat="43.16607" lon="16.48918">
        <ele>50.2</ele>
      </trkpt>
      <trkpt lat="43.16601" lon="16.489">
        <ele>49.0</ele>
      </trkpt>
      <trkpt lat="43.16566" lon="16.48843">
        <ele>41.6</ele>
      </trkpt>
      <trkpt lat="43.16528" lon="16.48787">
        <ele>38.0</ele>
      </trkpt>
      <trkpt lat="43.1649" lon="16.48731">
        <ele>39.5</ele>
      </trkpt>
      <trkpt lat="43.16425" lon="16.486529">
        <ele>44.3</ele>
      </trkpt>
      <trkpt lat="43.16408" lon="16.486249">
        <ele>43.7</ele>
      </trkpt>
      <trkpt lat="43.16401" lon="16.48607">
        <ele>44.3</ele>
      </trkpt>
      <trkpt lat="43.16397" lon="16.48589">
        <ele>45.6</ele>
      </trkpt>
      <trkpt lat="43.16396" lon="16.48561">
        <ele>44.2</ele>
      </trkpt>
      <trkpt lat="43.16401" lon="16.48542">
        <ele>43.8</ele>
      </trkpt>
      <trkpt lat="43.16408" lon="16.48524">
        <ele>43.7</ele>
      </trkpt>
      <trkpt lat="43.16414" lon="16.48515">
        <ele>44.1</ele>
      </trkpt>
      <trkpt lat="43.16431" lon="16.48498">
        <ele>46.3</ele>
      </trkpt>
      <trkpt lat="43.16483" lon="16.48469">
        <ele>50.1</ele>
      </trkpt>
      <trkpt lat="43.16543" lon="16.48443">
        <ele>58.6</ele>
      </trkpt>
      <trkpt lat="43.16562" lon="16.48424">
        <ele>57.3</ele>
      </trkpt>
      <trkpt lat="43.16573" lon="16.48407">
        <ele>55.7</ele>
      </trkpt>
      <trkpt lat="43.16598" lon="16.48349">
        <ele>48.6</ele>
      </trkpt>
      <trkpt lat="43.16609" lon="16.48328">
        <ele>46.8</ele>
      </trkpt>
      <trkpt lat="43.16623" lon="16.48313">
        <ele>48.6</ele>
      </trkpt>
      <trkpt lat="43.16629" lon="16.4831">
        <ele>49.6</ele>
      </trkpt>
      <trkpt lat="43.1666" lon="16.48301">
        <ele>54.3</ele>
      </trkpt>
      <trkpt lat="43.16671" lon="16.48291">
        <ele>54.7</ele>
      </trkpt>
      <trkpt lat="43.16677" lon="16.48275">
        <ele>53.1</ele>
      </trkpt>
      <trkpt lat="43.16677" lon="16.482579">
        <ele>50.1</ele>
      </trkpt>
      <trkpt lat="43.16672" lon="16.482399">
        <ele>50.8</ele>
      </trkpt>
      <trkpt lat="43.16656" lon="16.482109">
        <ele>57.5</ele>
      </trkpt>
      <trkpt lat="43.16644" lon="16.48197">
        <ele>60.2</ele>
      </trkpt>
      <trkpt lat="43.1663" lon="16.48187">
        <ele>61.4</ele>
      </trkpt>
      <trkpt lat="43.16616" lon="16.48181">
        <ele>61.3</ele>
      </trkpt>
      <trkpt lat="43.16598" lon="16.48179">
        <ele>59.6</ele>
      </trkpt>
      <trkpt lat="43.16538" lon="16.4819">
        <ele>58.4</ele>
      </trkpt>
      <trkpt lat="43.16523" lon="16.4819">
        <ele>59.6</ele>
      </trkpt>
      <trkpt lat="43.16511" lon="16.48186">
        <ele>61.2</ele>
      </trkpt>
      <trkpt lat="43.165" lon="16.4818">
        <ele>62.9</ele>
      </trkpt>
      <trkpt lat="43.1649" lon="16.4817">
        <ele>61.8</ele>
      </trkpt>
      <trkpt lat="43.16481" lon="16.48157">
        <ele>61.3</ele>
      </trkpt>
      <trkpt lat="43.16472" lon="16.48133">
        <ele>62.2</ele>
      </trkpt>
      <trkpt lat="43.1647" lon="16.48116">
        <ele>64.0</ele>
      </trkpt>
      <trkpt lat="43.1647" lon="16.48055">
        <ele>71.6</ele>
      </trkpt>
      <trkpt lat="43.16475" lon="16.47971">
        <ele>78.8</ele>
      </trkpt>
      <trkpt lat="43.16486" lon="16.47919">
        <ele>82.5</ele>
      </trkpt>
      <trkpt lat="43.16508" lon="16.478539">
        <ele>84.3</ele>
      </trkpt>
      <trkpt lat="43.16536" lon="16.47781">
        <ele>87.6</ele>
      </trkpt>
      <trkpt lat="43.16541" lon="16.47762">
        <ele>87.9</ele>
      </trkpt>
      <trkpt lat="43.16559" lon="16.47726">
        <ele>90.3</ele>
      </trkpt>
      <trkpt lat="43.16585" lon="16.47675">
        <ele>94.6</ele>
      </trkpt>
      <trkpt lat="43.16597" lon="16.476569">
        <ele>95.3</ele>
      </trkpt>
      <trkpt lat="43.16613" lon="16.47633">
        <ele>95.3</ele>
      </trkpt>
      <trkpt lat="43.16668" lon="16.475639">
        <ele>98.1</ele>
      </trkpt>
      <trkpt lat="43.167" lon="16.47512">
        <ele>100.8</ele>
      </trkpt>
      <trkpt lat="43.16732" lon="16.47459">
        <ele>103.6</ele>
      </trkpt>
      <trkpt lat="43.16747" lon="16.47421">
        <ele>103.8</ele>
      </trkpt>
      <trkpt lat="43.16761" lon="16.47384">
        <ele>105.2</ele>
      </trkpt>
      <trkpt lat="43.16781" lon="16.47322">
        <ele>107.5</ele>
      </trkpt>
      <trkpt lat="43.16802" lon="16.47259">
        <ele>110.0</ele>
      </trkpt>
      <trkpt lat="43.16832" lon="16.47156">
        <ele>108.1</ele>
      </trkpt>
      <trkpt lat="43.16839" lon="16.471219">
        <ele>106.4</ele>
      </trkpt>
      <trkpt lat="43.16846" lon="16.470199">
        <ele>100.1</ele>
      </trkpt>
      <trkpt lat="43.16854" lon="16.46918">
        <ele>97.8</ele>
      </trkpt>
      <trkpt lat="43.16862" lon="16.46816">
        <ele>94.2</ele>
      </trkpt>
      <trkpt lat="43.16874" lon="16.46733">
        <ele>91.6</ele>
      </trkpt>
      <trkpt lat="43.1689" lon="16.46646">
        <ele>89.0</ele>
      </trkpt>
      <trkpt lat="43.16907" lon="16.46581">
        <ele>89.2</ele>
      </trkpt>
      <trkpt lat="43.16923" lon="16.46528">
        <ele>89.0</ele>
      </trkpt>
      <trkpt lat="43.16949" lon="16.4647">
        <ele>90.0</ele>
      </trkpt>
      <trkpt lat="43.16975" lon="16.46412">
        <ele>89.8</ele>
      </trkpt>
      <trkpt lat="43.16996" lon="16.46356">
        <ele>90.4</ele>
      </trkpt>
      <trkpt lat="43.17006" lon="16.463159">
        <ele>90.1</ele>
      </trkpt>
      <trkpt lat="43.17008" lon="16.462789">
        <ele>89.3</ele>
      </trkpt>
      <trkpt lat="43.17008" lon="16.462319">
        <ele>90.4</ele>
      </trkpt>
      <trkpt lat="43.17002" lon="16.462019">
        <ele>92.6</ele>
      </trkpt>
      <trkpt lat="43.16978" lon="16.4616">
        <ele>93.5</ele>
      </trkpt>
      <trkpt lat="43.16952" lon="16.46097">
        <ele>97.1</ele>
      </trkpt>
      <trkpt lat="43.16925" lon="16.460439">
        <ele>97.8</ele>
      </trkpt>
      <trkpt lat="43.16903" lon="16.45993">
        <ele>99.9</ele>
      </trkpt>
      <trkpt lat="43.16892" lon="16.45974">
        <ele>99.4</ele>
      </trkpt>
      <trkpt lat="43.16873" lon="16.4592">
        <ele>98.7</ele>
      </trkpt>
      <trkpt lat="43.16857" lon="16.45867">
        <ele>97.9</ele>
      </trkpt>
      <trkpt lat="43.16845" lon="16.457999">
        <ele>97.0</ele>
      </trkpt>
      <trkpt lat="43.16846" lon="16.45747">
        <ele>96.6</ele>
      </trkpt>
      <trkpt lat="43.1686" lon="16.45645">
        <ele>91.4</ele>
      </trkpt>
      <trkpt lat="43.16874" lon="16.45542">
        <ele>85.8</ele>
      </trkpt>
      <trkpt lat="43.16889" lon="16.4544">
        <ele>82.1</ele>
      </trkpt>
      <trkpt lat="43.16903" lon="16.45338">
        <ele>82.1</ele>
      </trkpt>
      <trkpt lat="43.16922" lon="16.45241">
        <ele>77.6</ele>
      </trkpt>
      <trkpt lat="43.16941" lon="16.45145">
        <ele>69.8</ele>
      </trkpt>
      <trkpt lat="43.1696" lon="16.450489">
        <ele>60.8</ele>
      </trkpt>
      <trkpt lat="43.16962" lon="16.4505">
        <ele>60.4</ele>
      </trkpt>
      <trkpt lat="43.16969" lon="16.45019">
        <ele>57.5</ele>
      </trkpt>
      <trkpt lat="43.16983" lon="16.44958">
        <ele>52.9</ele>
      </trkpt>
      <trkpt lat="43.16983" lon="16.44958">
        <ele>52.9</ele>
      </trkpt>
      <trkpt lat="43.16994" lon="16.44911">
        <ele>50.4</ele>
      </trkpt>
      <trkpt lat="43.17" lon="16.448879">
        <ele>48.6</ele>
      </trkpt>
      <trkpt lat="43.17005" lon="16.44865">
        <ele>46.4</ele>
      </trkpt>
      <trkpt lat="43.17014" lon="16.44819">
        <ele>42.5</ele>
      </trkpt>
      <trkpt lat="43.17019" lon="16.44788">
        <ele>39.9</ele>
      </trkpt>
      <trkpt lat="43.17027" lon="16.4476">
        <ele>37.0</ele>
      </trkpt>
      <trkpt lat="43.17037" lon="16.447399">
        <ele>34.4</ele>
      </trkpt>
      <trkpt lat="43.17041" lon="16.44733">
        <ele>33.6</ele>
      </trkpt>
      <trkpt lat="43.17045" lon="16.447209">
        <ele>33.0</ele>
      </trkpt>
      <trkpt lat="43.17047" lon="16.44714">
        <ele>32.7</ele>
      </trkpt>
      <trkpt lat="43.17048" lon="16.44707">
        <ele>32.7</ele>
      </trkpt>
      <trkpt lat="43.17048" lon="16.44694">
        <ele>32.8</ele>
      </trkpt>
      <trkpt lat="43.17049" lon="16.44684">
        <ele>32.8</ele>
      </trkpt>
      <trkpt lat="43.1705" lon="16.44677">
        <ele>32.9</ele>
      </trkpt>
      <trkpt lat="43.1705" lon="16.44676">
        <ele>32.9</ele>
      </trkpt>
      <trkpt lat="43.17053" lon="16.44668">
        <ele>32.8</ele>
      </trkpt>
      <trkpt lat="43.17054" lon="16.44665">
        <ele>32.7</ele>
      </trkpt>
      <trkpt lat="43.17057" lon="16.44662">
        <ele>32.5</ele>
      </trkpt>
      <trkpt lat="43.17061" lon="16.44657">
        <ele>32.3</ele>
      </trkpt>
      <trkpt lat="43.17061" lon="16.44657">
        <ele>32.3</ele>
      </trkpt>
      <trkpt lat="43.17063" lon="16.446639">
        <ele>32.2</ele>
      </trkpt>
      <trkpt lat="43.17064" lon="16.44668">
        <ele>32.1</ele>
      </trkpt>
      <trkpt lat="43.17065" lon="16.44671">
        <ele>31.9</ele>
      </trkpt>
      <trkpt lat="43.17068" lon="16.44679">
        <ele>31.4</ele>
      </trkpt>
      <trkpt lat="43.1707" lon="16.44688">
        <ele>30.8</ele>
      </trkpt>
      <trkpt lat="43.1707" lon="16.44695">
        <ele>30.4</ele>
      </trkpt>
      <trkpt lat="43.1707" lon="16.44699">
        <ele>30.2</ele>
      </trkpt>
      <trkpt lat="43.17071" lon="16.44708">
        <ele>29.6</ele>
      </trkpt>
      <trkpt lat="43.1707" lon="16.447209">
        <ele>29.1</ele>
      </trkpt>
      <trkpt lat="43.17071" lon="16.44723">
        <ele>28.9</ele>
      </trkpt>
      <trkpt lat="43.17072" lon="16.44742">
        <ele>27.7</ele>
      </trkpt>
      <trkpt lat="43.17074" lon="16.44763">
        <ele>27.5</ele>
      </trkpt>
      <trkpt lat="43.17075" lon="16.4477">
        <ele>27.7</ele>
      </trkpt>
      <trkpt lat="43.17075" lon="16.44773">
        <ele>27.8</ele>
      </trkpt>
      <trkpt lat="43.17076" lon="16.44784">
        <ele>28.1</ele>
      </trkpt>
      <trkpt lat="43.17077" lon="16.44791">
        <ele>28.3</ele>
      </trkpt>
      <trkpt lat="43.17079" lon="16.44799">
        <ele>28.2</ele>
      </trkpt>
      <trkpt lat="43.17083" lon="16.44812">
        <ele>28.0</ele>
      </trkpt>
      <trkpt lat="43.17086" lon="16.4482">
        <ele>28.1</ele>
      </trkpt>
      <trkpt lat="43.17089" lon="16.44825">
        <ele>28.1</ele>
      </trkpt>
      <trkpt lat="43.17092" lon="16.44829">
        <ele>28.0</ele>
      </trkpt>
      <trkpt lat="43.17096" lon="16.448329">
        <ele>27.8</ele>
      </trkpt>
      <trkpt lat="43.17097" lon="16.44835">
        <ele>27.7</ele>
      </trkpt>
      <trkpt lat="43.17102" lon="16.44839">
        <ele>27.3</ele>
      </trkpt>
      <trkpt lat="43.17108" lon="16.448429">
        <ele>26.9</ele>
      </trkpt>
      <trkpt lat="43.17114" lon="16.44845">
        <ele>26.4</ele>
      </trkpt>
      <trkpt lat="43.17114" lon="16.44846">
        <ele>26.4</ele>
      </trkpt>
      <trkpt lat="43.17121" lon="16.44846">
        <ele>25.9</ele>
      </trkpt>
      <trkpt lat="43.17129" lon="16.44848">
        <ele>25.3</ele>
      </trkpt>
      <trkpt lat="43.17137" lon="16.44849">
        <ele>24.7</ele>
      </trkpt>
      <trkpt lat="43.17144" lon="16.44849">
        <ele>24.1</ele>
      </trkpt>
      <trkpt lat="43.17149" lon="16.44848">
        <ele>23.7</ele>
      </trkpt>
      <trkpt lat="43.17154" lon="16.44846">
        <ele>23.1</ele>
      </trkpt>
      <trkpt lat="43.17164" lon="16.44841">
        <ele>21.9</ele>
      </trkpt>
      <trkpt lat="43.17174" lon="16.448319">
        <ele>21.5</ele>
      </trkpt>
      <trkpt lat="43.17181" lon="16.448239">
        <ele>21.7</ele>
      </trkpt>
      <trkpt lat="43.17185" lon="16.4482">
        <ele>21.8</ele>
      </trkpt>
      <trkpt lat="43.17192" lon="16.448129">
        <ele>21.9</ele>
      </trkpt>
      <trkpt lat="43.17198" lon="16.44806">
        <ele>22.0</ele>
      </trkpt>
      <trkpt lat="43.17205" lon="16.448">
        <ele>22.1</ele>
      </trkpt>
      <trkpt lat="43.17206" lon="16.44797">
        <ele>21.9</ele>
      </trkpt>
      <trkpt lat="43.17211" lon="16.44793">
        <ele>22.0</ele>
      </trkpt>
      <trkpt lat="43.17216" lon="16.447849">
        <ele>21.8</ele>
      </trkpt>
      <trkpt lat="43.17222" lon="16.44778">
        <ele>21.7</ele>
      </trkpt>
      <trkpt lat="43.17227" lon="16.4477">
        <ele>21.4</ele>
      </trkpt>
      <trkpt lat="43.17232" lon="16.44762">
        <ele>21.1</ele>
      </trkpt>
      <trkpt lat="43.17238" lon="16.44753">
        <ele>20.7</ele>
      </trkpt>
      <trkpt lat="43.17243" lon="16.44744">
        <ele>20.3</ele>
      </trkpt>
      <trkpt lat="43.17248" lon="16.44734">
        <ele>20.0</ele>
      </trkpt>
      <trkpt lat="43.17252" lon="16.44725">
        <ele>19.9</ele>
      </trkpt>
      <trkpt lat="43.17257" lon="16.44715">
        <ele>20.3</ele>
      </trkpt>
      <trkpt lat="43.17261" lon="16.44704">
        <ele>20.2</ele>
      </trkpt>
      <trkpt lat="43.17264" lon="16.44694">
        <ele>20.0</ele>
      </trkpt>
      <trkpt lat="43.17268" lon="16.446829">
        <ele>19.9</ele>
      </trkpt>
      <trkpt lat="43.17271" lon="16.446729">
        <ele>19.5</ele>
      </trkpt>
      <trkpt lat="43.17274" lon="16.44662">
        <ele>19.1</ele>
      </trkpt>
      <trkpt lat="43.17276" lon="16.44651">
        <ele>18.4</ele>
      </trkpt>
      <trkpt lat="43.17282" lon="16.44637">
        <ele>17.9</ele>
      </trkpt>
      <trkpt lat="43.17283" lon="16.44632">
        <ele>17.5</ele>
      </trkpt>
      <trkpt lat="43.17287" lon="16.44623">
        <ele>17.1</ele>
      </trkpt>
      <trkpt lat="43.17292" lon="16.44611">
        <ele>16.4</ele>
      </trkpt>
      <trkpt lat="43.17293" lon="16.44609">
        <ele>16.2</ele>
      </trkpt>
      <trkpt lat="43.173" lon="16.44595">
        <ele>15.3</ele>
      </trkpt>
      <trkpt lat="43.17306" lon="16.44582">
        <ele>14.3</ele>
      </trkpt>
      <trkpt lat="43.17312" lon="16.445699">
        <ele>13.8</ele>
      </trkpt>
      <trkpt lat="43.17313" lon="16.445689">
        <ele>13.7</ele>
      </trkpt>
      <trkpt lat="43.1732" lon="16.44556">
        <ele>13.1</ele>
      </trkpt>
      <trkpt lat="43.17327" lon="16.44543">
        <ele>12.4</ele>
      </trkpt>
      <trkpt lat="43.17329" lon="16.4454">
        <ele>12.2</ele>
      </trkpt>
      <trkpt lat="43.17334" lon="16.44531">
        <ele>11.7</ele>
      </trkpt>
      <trkpt lat="43.17342" lon="16.44519">
        <ele>11.3</ele>
      </trkpt>
      <trkpt lat="43.1735" lon="16.44507">
        <ele>10.6</ele>
      </trkpt>
      <trkpt lat="43.17353" lon="16.44503">
        <ele>10.3</ele>
      </trkpt>
      <trkpt lat="43.17366" lon="16.44487">
        <ele>11.4</ele>
      </trkpt>
      <trkpt lat="43.17366" lon="16.44487">
        <ele>11.4</ele>
      </trkpt>
      <trkpt lat="43.17364" lon="16.44481">
        <ele>11.6</ele>
      </trkpt>
      <trkpt lat="43.1736" lon="16.444759">
        <ele>11.7</ele>
      </trkpt>
      <trkpt lat="43.17355" lon="16.44473">
        <ele>11.6</ele>
      </trkpt>
      <trkpt lat="43.1735" lon="16.44472">
        <ele>11.3</ele>
      </trkpt>
      <trkpt lat="43.17345" lon="16.44469">
        <ele>11.2</ele>
      </trkpt>
      <trkpt lat="43.1734" lon="16.444669">
        <ele>11.0</ele>
      </trkpt>
      <trkpt lat="43.17324" lon="16.44464">
        <ele>10.4</ele>
      </trkpt>
      <trkpt lat="43.17309" lon="16.44461">
        <ele>10.0</ele>
      </trkpt>
      <trkpt lat="43.17298" lon="16.44459">
        <ele>9.7</ele>
      </trkpt>
      <trkpt lat="43.17297" lon="16.44459">
        <ele>9.7</ele>
      </trkpt>
      <trkpt lat="43.17282" lon="16.44456">
        <ele>9.2</ele>
      </trkpt>
      <trkpt lat="43.17278" lon="16.44456">
        <ele>9.0</ele>
      </trkpt>
      <trkpt lat="43.1726" lon="16.44456">
        <ele>8.4</ele>
      </trkpt>
      <trkpt lat="43.17256" lon="16.44444">
        <ele>8.3</ele>
      </trkpt>
      <trkpt lat="43.17254" lon="16.444282">
        <ele>8.2</ele>
      </trkpt>
      <trkpt lat="43.17254" lon="16.44428">
        <ele>8.2</ele>
      </trkpt>
      <trkpt lat="43.17253" lon="16.444189">
        <ele>8.2</ele>
      </trkpt>
      <trkpt lat="43.17252" lon="16.44413">
        <ele>8.2</ele>
      </trkpt>
      <trkpt lat="43.17251" lon="16.44409">
        <ele>8.3</ele>
      </trkpt>
      <trkpt lat="43.17251" lon="16.44408">
        <ele>8.3</ele>
      </trkpt>
      <trkpt lat="43.1725" lon="16.44404">
        <ele>8.3</ele>
      </trkpt>
      <trkpt lat="43.17248" lon="16.44398">
        <ele>8.8</ele>
      </trkpt>
      <trkpt lat="43.17245" lon="16.443919">
        <ele>9.4</ele>
      </trkpt>
      <trkpt lat="43.17244" lon="16.443829">
        <ele>9.8</ele>
      </trkpt>
      <trkpt lat="43.17243" lon="16.4437">
        <ele>10.2</ele>
      </trkpt>
      <trkpt lat="43.17243" lon="16.44357">
        <ele>10.5</ele>
      </trkpt>
      <trkpt lat="43.17243" lon="16.443449">
        <ele>10.7</ele>
      </trkpt>
      <trkpt lat="43.17242" lon="16.44332">
        <ele>11.2</ele>
      </trkpt>
      <trkpt lat="43.17242" lon="16.44332">
        <ele>11.2</ele>
      </trkpt>
      <trkpt lat="43.17239" lon="16.44324">
        <ele>11.7</ele>
      </trkpt>
      <trkpt lat="43.17239" lon="16.44319">
        <ele>11.8</ele>
      </trkpt>
      <trkpt lat="43.17238" lon="16.44301">
        <ele>12.2</ele>
      </trkpt>
      <trkpt lat="43.17237" lon="16.44268">
        <ele>12.8</ele>
      </trkpt>
      <trkpt lat="43.17236" lon="16.44248">
        <ele>13.1</ele>
      </trkpt>
      <trkpt lat="43.17237" lon="16.44226">
        <ele>12.5</ele>
      </trkpt>
      <trkpt lat="43.1724" lon="16.44202">
        <ele>11.8</ele>
      </trkpt>
      <trkpt lat="43.17234" lon="16.44162">
        <ele>10.9</ele>
      </trkpt>
      <trkpt lat="43.17234" lon="16.44162">
        <ele>10.9</ele>
      </trkpt>
      <trkpt lat="43.17232" lon="16.441579">
        <ele>10.6</ele>
      </trkpt>
      <trkpt lat="43.17229" lon="16.4415">
        <ele>10.1</ele>
      </trkpt>
      <trkpt lat="43.17227" lon="16.44143">
        <ele>9.6</ele>
      </trkpt>
      <trkpt lat="43.17227" lon="16.44137">
        <ele>9.2</ele>
      </trkpt>
      <trkpt lat="43.17227" lon="16.44137">
        <ele>9.2</ele>
      </trkpt>
    </trkseg>
  </trk>
</gpx>
