<?xml version="1.0" encoding="UTF-8"?>
<gpx xmlns:gpxdata="http://www.cluetrust.com/XML/GPXDATA/1/0" xmlns:xsi="http://www.w3.org/2001/XMLSchema-instance" xmlns="http://www.topografix.com/GPX/1/1" version="1.1" creator="http://ridewithgps.com/" xsi:schemaLocation="http://www.topografix.com/GPX/1/1 http://www.topografix.com/GPX/1/1/gpx.xsd http://www.cluetrust.com/XML/GPXDATA/1/0 http://www.cluetrust.com/Schemas/gpxdata10.xsd">
  <metadata>
    <name>Ston - Orebić (Cue</name>
    <link href="https://ridewithgps.com/routes/55817181">
      <text>Ston - Orebić (Cue</text>
    </link>
    <time>2026-06-25T01:47:46Z</time>
  </metadata>
  <trk>
    <name>Ston - Orebić (Cue</name>
    <trkseg>
      <trkpt lat="42.83772" lon="17.69722">
        <ele>1.3</ele>
      </trkpt>
      <trkpt lat="42.8376" lon="17.69723">
        <ele>1.1</ele>
      </trkpt>
      <trkpt lat="42.8375" lon="17.69723">
        <ele>1.0</ele>
      </trkpt>
      <trkpt lat="42.83729" lon="17.69723">
        <ele>0.6</ele>
      </trkpt>
      <trkpt lat="42.83685" lon="17.69718">
        <ele>-0.2</ele>
      </trkpt>
      <trkpt lat="42.83674" lon="17.69716">
        <ele>-0.4</ele>
      </trkpt>
      <trkpt lat="42.8364" lon="17.69707">
        <ele>-0.6</ele>
      </trkpt>
      <trkpt lat="42.83624" lon="17.697">
        <ele>-0.6</ele>
      </trkpt>
      <trkpt lat="42.83617" lon="17.69694">
        <ele>-0.5</ele>
      </trkpt>
      <trkpt lat="42.83614" lon="17.69688">
        <ele>-0.4</ele>
      </trkpt>
      <trkpt lat="42.83613" lon="17.69681">
        <ele>-0.3</ele>
      </trkpt>
      <trkpt lat="42.83614" lon="17.69673">
        <ele>-0.1</ele>
      </trkpt>
      <trkpt lat="42.83615" lon="17.69668">
        <ele>0.0</ele>
      </trkpt>
      <trkpt lat="42.8362" lon="17.69663">
        <ele>0.0</ele>
      </trkpt>
      <trkpt lat="42.83651" lon="17.69637">
        <ele>0.0</ele>
      </trkpt>
      <trkpt lat="42.83671" lon="17.69616">
        <ele>0.1</ele>
      </trkpt>
      <trkpt lat="42.83698" lon="17.69585">
        <ele>0.8</ele>
      </trkpt>
      <trkpt lat="42.83703" lon="17.69577">
        <ele>0.9</ele>
      </trkpt>
      <trkpt lat="42.83714" lon="17.69557">
        <ele>1.1</ele>
      </trkpt>
      <trkpt lat="42.83718" lon="17.69544">
        <ele>1.2</ele>
      </trkpt>
      <trkpt lat="42.83719" lon="17.69534">
        <ele>1.3</ele>
      </trkpt>
      <trkpt lat="42.83719" lon="17.69525">
        <ele>1.3</ele>
      </trkpt>
      <trkpt lat="42.83718" lon="17.69518">
        <ele>1.2</ele>
      </trkpt>
      <trkpt lat="42.837" lon="17.6949">
        <ele>0.7</ele>
      </trkpt>
      <trkpt lat="42.83653" lon="17.69406">
        <ele>-1.3</ele>
      </trkpt>
      <trkpt lat="42.83606" lon="17.69323">
        <ele>-2.0</ele>
      </trkpt>
      <trkpt lat="42.83559" lon="17.69239">
        <ele>-2.0</ele>
      </trkpt>
      <trkpt lat="42.83512" lon="17.69155">
        <ele>-1.9</ele>
      </trkpt>
      <trkpt lat="42.835" lon="17.69142">
        <ele>-1.7</ele>
      </trkpt>
      <trkpt lat="42.83442" lon="17.69089">
        <ele>-0.3</ele>
      </trkpt>
      <trkpt lat="42.83432" lon="17.69081">
        <ele>-0.2</ele>
      </trkpt>
      <trkpt lat="42.83385" lon="17.69043">
        <ele>-0.4</ele>
      </trkpt>
      <trkpt lat="42.83339" lon="17.69006">
        <ele>-1.7</ele>
      </trkpt>
      <trkpt lat="42.83324" lon="17.68991">
        <ele>-2.0</ele>
      </trkpt>
      <trkpt lat="42.83274" lon="17.68921">
        <ele>-1.3</ele>
      </trkpt>
      <trkpt lat="42.83226" lon="17.68878">
        <ele>-1.0</ele>
      </trkpt>
      <trkpt lat="42.8321" lon="17.68869">
        <ele>-1.0</ele>
      </trkpt>
      <trkpt lat="42.83194" lon="17.68862">
        <ele>-1.0</ele>
      </trkpt>
      <trkpt lat="42.83143" lon="17.6885">
        <ele>-0.8</ele>
      </trkpt>
      <trkpt lat="42.83103" lon="17.68833">
        <ele>-0.2</ele>
      </trkpt>
      <trkpt lat="42.83051" lon="17.68804">
        <ele>-0.9</ele>
      </trkpt>
      <trkpt lat="42.82998" lon="17.68774">
        <ele>-1.5</ele>
      </trkpt>
      <trkpt lat="42.82986" lon="17.68765">
        <ele>-0.6</ele>
      </trkpt>
      <trkpt lat="42.82978" lon="17.68756">
        <ele>0.1</ele>
      </trkpt>
      <trkpt lat="42.82973" lon="17.68747">
        <ele>0.9</ele>
      </trkpt>
      <trkpt lat="42.82969" lon="17.68738">
        <ele>2.0</ele>
      </trkpt>
      <trkpt lat="42.82966" lon="17.68729">
        <ele>3.1</ele>
      </trkpt>
      <trkpt lat="42.82964" lon="17.6872">
        <ele>4.3</ele>
      </trkpt>
      <trkpt lat="42.82963" lon="17.6871">
        <ele>5.4</ele>
      </trkpt>
      <trkpt lat="42.82963" lon="17.68702">
        <ele>6.3</ele>
      </trkpt>
      <trkpt lat="42.82963" lon="17.6869">
        <ele>7.5</ele>
      </trkpt>
      <trkpt lat="42.82965" lon="17.68678">
        <ele>8.4</ele>
      </trkpt>
      <trkpt lat="42.82971" lon="17.6866">
        <ele>9.4</ele>
      </trkpt>
      <trkpt lat="42.82977" lon="17.6865">
        <ele>9.8</ele>
      </trkpt>
      <trkpt lat="42.83023" lon="17.68582">
        <ele>9.0</ele>
      </trkpt>
      <trkpt lat="42.83041" lon="17.6855">
        <ele>8.2</ele>
      </trkpt>
      <trkpt lat="42.83047" lon="17.68536">
        <ele>8.0</ele>
      </trkpt>
      <trkpt lat="42.83055" lon="17.68508">
        <ele>8.0</ele>
      </trkpt>
      <trkpt lat="42.83056" lon="17.68498">
        <ele>8.2</ele>
      </trkpt>
      <trkpt lat="42.83056" lon="17.68485">
        <ele>8.2</ele>
      </trkpt>
      <trkpt lat="42.83055" lon="17.68471">
        <ele>8.4</ele>
      </trkpt>
      <trkpt lat="42.83052" lon="17.6846">
        <ele>9.0</ele>
      </trkpt>
      <trkpt lat="42.83046" lon="17.68447">
        <ele>10.0</ele>
      </trkpt>
      <trkpt lat="42.83036" lon="17.68432">
        <ele>11.2</ele>
      </trkpt>
      <trkpt lat="42.8302" lon="17.68415">
        <ele>12.5</ele>
      </trkpt>
      <trkpt lat="42.82984" lon="17.68373">
        <ele>12.9</ele>
      </trkpt>
      <trkpt lat="42.82947" lon="17.68331">
        <ele>9.4</ele>
      </trkpt>
      <trkpt lat="42.82903" lon="17.68291">
        <ele>10.1</ele>
      </trkpt>
      <trkpt lat="42.82886" lon="17.68276">
        <ele>10.6</ele>
      </trkpt>
      <trkpt lat="42.82864" lon="17.68255">
        <ele>11.5</ele>
      </trkpt>
      <trkpt lat="42.82849" lon="17.68244">
        <ele>12.7</ele>
      </trkpt>
      <trkpt lat="42.8283" lon="17.68239">
        <ele>14.4</ele>
      </trkpt>
      <trkpt lat="42.82822" lon="17.68239">
        <ele>15.7</ele>
      </trkpt>
      <trkpt lat="42.82804" lon="17.6824">
        <ele>18.4</ele>
      </trkpt>
      <trkpt lat="42.82796" lon="17.68242">
        <ele>19.2</ele>
      </trkpt>
      <trkpt lat="42.82731" lon="17.6827">
        <ele>23.6</ele>
      </trkpt>
      <trkpt lat="42.82719" lon="17.68274">
        <ele>24.1</ele>
      </trkpt>
      <trkpt lat="42.82707" lon="17.68275">
        <ele>25.0</ele>
      </trkpt>
      <trkpt lat="42.82682" lon="17.68273">
        <ele>27.2</ele>
      </trkpt>
      <trkpt lat="42.82641" lon="17.68267">
        <ele>29.7</ele>
      </trkpt>
      <trkpt lat="42.82624" lon="17.68263">
        <ele>30.6</ele>
      </trkpt>
      <trkpt lat="42.82614" lon="17.68258">
        <ele>31.4</ele>
      </trkpt>
      <trkpt lat="42.82602" lon="17.6825">
        <ele>32.8</ele>
      </trkpt>
      <trkpt lat="42.82586" lon="17.68234">
        <ele>36.7</ele>
      </trkpt>
      <trkpt lat="42.82564" lon="17.68214">
        <ele>41.1</ele>
      </trkpt>
      <trkpt lat="42.82556" lon="17.68208">
        <ele>42.2</ele>
      </trkpt>
      <trkpt lat="42.82547" lon="17.68206">
        <ele>42.5</ele>
      </trkpt>
      <trkpt lat="42.82512" lon="17.68214">
        <ele>40.7</ele>
      </trkpt>
      <trkpt lat="42.82499" lon="17.68215">
        <ele>40.5</ele>
      </trkpt>
      <trkpt lat="42.82485" lon="17.68208">
        <ele>41.4</ele>
      </trkpt>
      <trkpt lat="42.82452" lon="17.68176">
        <ele>45.1</ele>
      </trkpt>
      <trkpt lat="42.82431" lon="17.68155">
        <ele>47.1</ele>
      </trkpt>
      <trkpt lat="42.8241" lon="17.68136">
        <ele>48.8</ele>
      </trkpt>
      <trkpt lat="42.82381" lon="17.68106">
        <ele>51.5</ele>
      </trkpt>
      <trkpt lat="42.82355" lon="17.68078">
        <ele>53.6</ele>
      </trkpt>
      <trkpt lat="42.82346" lon="17.6807">
        <ele>53.8</ele>
      </trkpt>
      <trkpt lat="42.82337" lon="17.68063">
        <ele>53.9</ele>
      </trkpt>
      <trkpt lat="42.8232" lon="17.68053">
        <ele>53.9</ele>
      </trkpt>
      <trkpt lat="42.82305" lon="17.68035">
        <ele>54.7</ele>
      </trkpt>
      <trkpt lat="42.82298" lon="17.68023">
        <ele>55.4</ele>
      </trkpt>
      <trkpt lat="42.82295" lon="17.68015">
        <ele>55.9</ele>
      </trkpt>
      <trkpt lat="42.82292" lon="17.67995">
        <ele>57.5</ele>
      </trkpt>
      <trkpt lat="42.82289" lon="17.67984">
        <ele>58.4</ele>
      </trkpt>
      <trkpt lat="42.82281" lon="17.6796">
        <ele>60.2</ele>
      </trkpt>
      <trkpt lat="42.82274" lon="17.67949">
        <ele>60.8</ele>
      </trkpt>
      <trkpt lat="42.8224" lon="17.67893">
        <ele>65.4</ele>
      </trkpt>
      <trkpt lat="42.82224" lon="17.67867">
        <ele>68.6</ele>
      </trkpt>
      <trkpt lat="42.82211" lon="17.67849">
        <ele>70.2</ele>
      </trkpt>
      <trkpt lat="42.822" lon="17.67836">
        <ele>70.9</ele>
      </trkpt>
      <trkpt lat="42.82192" lon="17.6783">
        <ele>71.4</ele>
      </trkpt>
      <trkpt lat="42.82183" lon="17.67826">
        <ele>71.8</ele>
      </trkpt>
      <trkpt lat="42.82174" lon="17.67823">
        <ele>72.1</ele>
      </trkpt>
      <trkpt lat="42.82164" lon="17.67822">
        <ele>72.2</ele>
      </trkpt>
      <trkpt lat="42.82152" lon="17.67826">
        <ele>72.2</ele>
      </trkpt>
      <trkpt lat="42.82112" lon="17.67852">
        <ele>72.6</ele>
      </trkpt>
      <trkpt lat="42.821" lon="17.67858">
        <ele>72.7</ele>
      </trkpt>
      <trkpt lat="42.82089" lon="17.6786">
        <ele>72.9</ele>
      </trkpt>
      <trkpt lat="42.82074" lon="17.67858">
        <ele>72.5</ele>
      </trkpt>
      <trkpt lat="42.82063" lon="17.67855">
        <ele>71.9</ele>
      </trkpt>
      <trkpt lat="42.82053" lon="17.67849">
        <ele>71.6</ele>
      </trkpt>
      <trkpt lat="42.8204" lon="17.67841">
        <ele>71.4</ele>
      </trkpt>
      <trkpt lat="42.82031" lon="17.67834">
        <ele>71.4</ele>
      </trkpt>
      <trkpt lat="42.82016" lon="17.67815">
        <ele>72.1</ele>
      </trkpt>
      <trkpt lat="42.82006" lon="17.67798">
        <ele>72.8</ele>
      </trkpt>
      <trkpt lat="42.81998" lon="17.67778">
        <ele>73.9</ele>
      </trkpt>
      <trkpt lat="42.81992" lon="17.6776">
        <ele>74.9</ele>
      </trkpt>
      <trkpt lat="42.81989" lon="17.67744">
        <ele>75.8</ele>
      </trkpt>
      <trkpt lat="42.81987" lon="17.67726">
        <ele>77.1</ele>
      </trkpt>
      <trkpt lat="42.81988" lon="17.67703">
        <ele>79.0</ele>
      </trkpt>
      <trkpt lat="42.81992" lon="17.67676">
        <ele>81.8</ele>
      </trkpt>
      <trkpt lat="42.8201" lon="17.67598">
        <ele>85.8</ele>
      </trkpt>
      <trkpt lat="42.82033" lon="17.67511">
        <ele>86.9</ele>
      </trkpt>
      <trkpt lat="42.8206" lon="17.67422">
        <ele>85.7</ele>
      </trkpt>
      <trkpt lat="42.82075" lon="17.67378">
        <ele>86.1</ele>
      </trkpt>
      <trkpt lat="42.82083" lon="17.67358">
        <ele>86.4</ele>
      </trkpt>
      <trkpt lat="42.82093" lon="17.67341">
        <ele>86.0</ele>
      </trkpt>
      <trkpt lat="42.82104" lon="17.67327">
        <ele>86.1</ele>
      </trkpt>
      <trkpt lat="42.82119" lon="17.67309">
        <ele>86.5</ele>
      </trkpt>
      <trkpt lat="42.82156" lon="17.67282">
        <ele>87.6</ele>
      </trkpt>
      <trkpt lat="42.82186" lon="17.67274">
        <ele>87.7</ele>
      </trkpt>
      <trkpt lat="42.82216" lon="17.67268">
        <ele>87.0</ele>
      </trkpt>
      <trkpt lat="42.82248" lon="17.67261">
        <ele>85.8</ele>
      </trkpt>
      <trkpt lat="42.82261" lon="17.67257">
        <ele>86.2</ele>
      </trkpt>
      <trkpt lat="42.82281" lon="17.67245">
        <ele>85.6</ele>
      </trkpt>
      <trkpt lat="42.82321" lon="17.67201">
        <ele>78.9</ele>
      </trkpt>
      <trkpt lat="42.82323" lon="17.67199">
        <ele>78.6</ele>
      </trkpt>
      <trkpt lat="42.82336" lon="17.67191">
        <ele>77.9</ele>
      </trkpt>
      <trkpt lat="42.82363" lon="17.67181">
        <ele>79.8</ele>
      </trkpt>
      <trkpt lat="42.82378" lon="17.67178">
        <ele>81.5</ele>
      </trkpt>
      <trkpt lat="42.82392" lon="17.67174">
        <ele>82.8</ele>
      </trkpt>
      <trkpt lat="42.82404" lon="17.67165">
        <ele>82.7</ele>
      </trkpt>
      <trkpt lat="42.82416" lon="17.67147">
        <ele>83.0</ele>
      </trkpt>
      <trkpt lat="42.82425" lon="17.67123">
        <ele>84.2</ele>
      </trkpt>
      <trkpt lat="42.82428" lon="17.67113">
        <ele>84.3</ele>
      </trkpt>
      <trkpt lat="42.82428" lon="17.67095">
        <ele>82.4</ele>
      </trkpt>
      <trkpt lat="42.82426" lon="17.67062">
        <ele>78.5</ele>
      </trkpt>
      <trkpt lat="42.82428" lon="17.67022">
        <ele>75.4</ele>
      </trkpt>
      <trkpt lat="42.82437" lon="17.66992">
        <ele>75.3</ele>
      </trkpt>
      <trkpt lat="42.8246" lon="17.66947">
        <ele>77.0</ele>
      </trkpt>
      <trkpt lat="42.82485" lon="17.66909">
        <ele>77.6</ele>
      </trkpt>
      <trkpt lat="42.82503" lon="17.66877">
        <ele>77.0</ele>
      </trkpt>
      <trkpt lat="42.82509" lon="17.66862">
        <ele>76.5</ele>
      </trkpt>
      <trkpt lat="42.82515" lon="17.66845">
        <ele>75.6</ele>
      </trkpt>
      <trkpt lat="42.8252" lon="17.66818">
        <ele>74.7</ele>
      </trkpt>
      <trkpt lat="42.82523" lon="17.66784">
        <ele>74.3</ele>
      </trkpt>
      <trkpt lat="42.82532" lon="17.66722">
        <ele>74.7</ele>
      </trkpt>
      <trkpt lat="42.8254" lon="17.66661">
        <ele>75.3</ele>
      </trkpt>
      <trkpt lat="42.82547" lon="17.66625">
        <ele>77.0</ele>
      </trkpt>
      <trkpt lat="42.82561" lon="17.66559">
        <ele>78.8</ele>
      </trkpt>
      <trkpt lat="42.82579" lon="17.66483">
        <ele>79.7</ele>
      </trkpt>
      <trkpt lat="42.82593" lon="17.66419">
        <ele>82.4</ele>
      </trkpt>
      <trkpt lat="42.82612" lon="17.66341">
        <ele>90.9</ele>
      </trkpt>
      <trkpt lat="42.82625" lon="17.66267">
        <ele>98.7</ele>
      </trkpt>
      <trkpt lat="42.82635" lon="17.66197">
        <ele>104.0</ele>
      </trkpt>
      <trkpt lat="42.82643" lon="17.6617">
        <ele>105.8</ele>
      </trkpt>
      <trkpt lat="42.82652" lon="17.66143">
        <ele>104.5</ele>
      </trkpt>
      <trkpt lat="42.82676" lon="17.6608">
        <ele>100.4</ele>
      </trkpt>
      <trkpt lat="42.827" lon="17.66017">
        <ele>102.0</ele>
      </trkpt>
      <trkpt lat="42.82705" lon="17.66001">
        <ele>101.3</ele>
      </trkpt>
      <trkpt lat="42.82709" lon="17.65979">
        <ele>102.3</ele>
      </trkpt>
      <trkpt lat="42.82713" lon="17.65952">
        <ele>103.4</ele>
      </trkpt>
      <trkpt lat="42.82714" lon="17.6594">
        <ele>103.8</ele>
      </trkpt>
      <trkpt lat="42.82716" lon="17.65846">
        <ele>111.4</ele>
      </trkpt>
      <trkpt lat="42.82719" lon="17.6583">
        <ele>112.8</ele>
      </trkpt>
      <trkpt lat="42.82724" lon="17.65812">
        <ele>113.9</ele>
      </trkpt>
      <trkpt lat="42.82733" lon="17.65792">
        <ele>114.0</ele>
      </trkpt>
      <trkpt lat="42.82743" lon="17.65778">
        <ele>112.9</ele>
      </trkpt>
      <trkpt lat="42.82789" lon="17.65741">
        <ele>118.0</ele>
      </trkpt>
      <trkpt lat="42.82796" lon="17.65732">
        <ele>118.9</ele>
      </trkpt>
      <trkpt lat="42.82805" lon="17.65719">
        <ele>119.4</ele>
      </trkpt>
      <trkpt lat="42.8281" lon="17.65707">
        <ele>119.1</ele>
      </trkpt>
      <trkpt lat="42.82814" lon="17.6569">
        <ele>118.2</ele>
      </trkpt>
      <trkpt lat="42.82818" lon="17.65648">
        <ele>117.0</ele>
      </trkpt>
      <trkpt lat="42.82821" lon="17.65624">
        <ele>117.1</ele>
      </trkpt>
      <trkpt lat="42.82826" lon="17.65603">
        <ele>116.1</ele>
      </trkpt>
      <trkpt lat="42.82842" lon="17.65568">
        <ele>117.4</ele>
      </trkpt>
      <trkpt lat="42.82851" lon="17.65542">
        <ele>121.5</ele>
      </trkpt>
      <trkpt lat="42.82867" lon="17.65471">
        <ele>127.0</ele>
      </trkpt>
      <trkpt lat="42.82882" lon="17.654">
        <ele>127.6</ele>
      </trkpt>
      <trkpt lat="42.82899" lon="17.65343">
        <ele>126.6</ele>
      </trkpt>
      <trkpt lat="42.8291" lon="17.65299">
        <ele>124.9</ele>
      </trkpt>
      <trkpt lat="42.8293" lon="17.65235">
        <ele>127.2</ele>
      </trkpt>
      <trkpt lat="42.82935" lon="17.65221">
        <ele>128.7</ele>
      </trkpt>
      <trkpt lat="42.82952" lon="17.6519">
        <ele>130.8</ele>
      </trkpt>
      <trkpt lat="42.82991" lon="17.65127">
        <ele>128.8</ele>
      </trkpt>
      <trkpt lat="42.83006" lon="17.65093">
        <ele>128.7</ele>
      </trkpt>
      <trkpt lat="42.8304" lon="17.64997">
        <ele>134.5</ele>
      </trkpt>
      <trkpt lat="42.83074" lon="17.64902">
        <ele>138.2</ele>
      </trkpt>
      <trkpt lat="42.83093" lon="17.64846">
        <ele>138.2</ele>
      </trkpt>
      <trkpt lat="42.83112" lon="17.64789">
        <ele>140.4</ele>
      </trkpt>
      <trkpt lat="42.83145" lon="17.64694">
        <ele>146.0</ele>
      </trkpt>
      <trkpt lat="42.83178" lon="17.64599">
        <ele>150.2</ele>
      </trkpt>
      <trkpt lat="42.83212" lon="17.64503">
        <ele>156.3</ele>
      </trkpt>
      <trkpt lat="42.83246" lon="17.64415">
        <ele>155.1</ele>
      </trkpt>
      <trkpt lat="42.83281" lon="17.6434">
        <ele>162.2</ele>
      </trkpt>
      <trkpt lat="42.8331" lon="17.64284">
        <ele>164.6</ele>
      </trkpt>
      <trkpt lat="42.83339" lon="17.64227">
        <ele>161.8</ele>
      </trkpt>
      <trkpt lat="42.83385" lon="17.64141">
        <ele>163.2</ele>
      </trkpt>
      <trkpt lat="42.83387" lon="17.64135">
        <ele>163.2</ele>
      </trkpt>
      <trkpt lat="42.83395" lon="17.64112">
        <ele>162.9</ele>
      </trkpt>
      <trkpt lat="42.83396" lon="17.64107">
        <ele>162.7</ele>
      </trkpt>
      <trkpt lat="42.83402" lon="17.64079">
        <ele>161.9</ele>
      </trkpt>
      <trkpt lat="42.83402" lon="17.63998">
        <ele>166.2</ele>
      </trkpt>
      <trkpt lat="42.83408" lon="17.63961">
        <ele>167.7</ele>
      </trkpt>
      <trkpt lat="42.83422" lon="17.6393">
        <ele>168.3</ele>
      </trkpt>
      <trkpt lat="42.83438" lon="17.63912">
        <ele>171.3</ele>
      </trkpt>
      <trkpt lat="42.83456" lon="17.639">
        <ele>173.8</ele>
      </trkpt>
      <trkpt lat="42.83509" lon="17.63875">
        <ele>177.6</ele>
      </trkpt>
      <trkpt lat="42.83551" lon="17.63854">
        <ele>178.9</ele>
      </trkpt>
      <trkpt lat="42.83564" lon="17.63843">
        <ele>178.7</ele>
      </trkpt>
      <trkpt lat="42.83572" lon="17.63834">
        <ele>178.4</ele>
      </trkpt>
      <trkpt lat="42.83582" lon="17.63815">
        <ele>179.6</ele>
      </trkpt>
      <trkpt lat="42.83589" lon="17.63796">
        <ele>181.2</ele>
      </trkpt>
      <trkpt lat="42.83592" lon="17.63785">
        <ele>181.9</ele>
      </trkpt>
      <trkpt lat="42.83593" lon="17.63778">
        <ele>182.2</ele>
      </trkpt>
      <trkpt lat="42.83593" lon="17.63761">
        <ele>182.7</ele>
      </trkpt>
      <trkpt lat="42.83583" lon="17.63677">
        <ele>185.5</ele>
      </trkpt>
      <trkpt lat="42.8358" lon="17.63636">
        <ele>186.3</ele>
      </trkpt>
      <trkpt lat="42.8358" lon="17.63616">
        <ele>186.6</ele>
      </trkpt>
      <trkpt lat="42.83582" lon="17.63599">
        <ele>186.8</ele>
      </trkpt>
      <trkpt lat="42.83584" lon="17.63589">
        <ele>187.0</ele>
      </trkpt>
      <trkpt lat="42.83586" lon="17.63583">
        <ele>187.4</ele>
      </trkpt>
      <trkpt lat="42.83591" lon="17.63567">
        <ele>188.7</ele>
      </trkpt>
      <trkpt lat="42.83598" lon="17.6355">
        <ele>190.1</ele>
      </trkpt>
      <trkpt lat="42.83607" lon="17.63537">
        <ele>191.6</ele>
      </trkpt>
      <trkpt lat="42.83647" lon="17.63487">
        <ele>196.0</ele>
      </trkpt>
      <trkpt lat="42.83693" lon="17.63439">
        <ele>200.0</ele>
      </trkpt>
      <trkpt lat="42.83706" lon="17.63427">
        <ele>201.0</ele>
      </trkpt>
      <trkpt lat="42.83719" lon="17.6342">
        <ele>202.1</ele>
      </trkpt>
      <trkpt lat="42.83757" lon="17.63408">
        <ele>205.1</ele>
      </trkpt>
      <trkpt lat="42.83795" lon="17.63397">
        <ele>207.0</ele>
      </trkpt>
      <trkpt lat="42.8385" lon="17.6338">
        <ele>209.4</ele>
      </trkpt>
      <trkpt lat="42.83905" lon="17.63363">
        <ele>210.7</ele>
      </trkpt>
      <trkpt lat="42.83977" lon="17.6334">
        <ele>211.6</ele>
      </trkpt>
      <trkpt lat="42.83995" lon="17.63334">
        <ele>211.9</ele>
      </trkpt>
      <trkpt lat="42.8405" lon="17.6331">
        <ele>213.3</ele>
      </trkpt>
      <trkpt lat="42.84073" lon="17.63293">
        <ele>213.1</ele>
      </trkpt>
      <trkpt lat="42.84131" lon="17.63244">
        <ele>213.5</ele>
      </trkpt>
      <trkpt lat="42.84189" lon="17.63195">
        <ele>212.7</ele>
      </trkpt>
      <trkpt lat="42.84248" lon="17.63145">
        <ele>212.1</ele>
      </trkpt>
      <trkpt lat="42.84283" lon="17.63122">
        <ele>211.6</ele>
      </trkpt>
      <trkpt lat="42.8431" lon="17.63113">
        <ele>211.9</ele>
      </trkpt>
      <trkpt lat="42.84376" lon="17.63109">
        <ele>213.0</ele>
      </trkpt>
      <trkpt lat="42.84442" lon="17.63106">
        <ele>214.6</ele>
      </trkpt>
      <trkpt lat="42.84493" lon="17.63094">
        <ele>216.3</ele>
      </trkpt>
      <trkpt lat="42.84535" lon="17.63075">
        <ele>215.9</ele>
      </trkpt>
      <trkpt lat="42.84547" lon="17.63069">
        <ele>215.5</ele>
      </trkpt>
      <trkpt lat="42.8461" lon="17.63041">
        <ele>213.2</ele>
      </trkpt>
      <trkpt lat="42.8463" lon="17.63032">
        <ele>212.4</ele>
      </trkpt>
      <trkpt lat="42.84645" lon="17.63023">
        <ele>211.5</ele>
      </trkpt>
      <trkpt lat="42.84665" lon="17.63008">
        <ele>209.9</ele>
      </trkpt>
      <trkpt lat="42.84708" lon="17.62967">
        <ele>206.0</ele>
      </trkpt>
      <trkpt lat="42.84741" lon="17.6292">
        <ele>201.2</ele>
      </trkpt>
      <trkpt lat="42.84754" lon="17.62894">
        <ele>201.4</ele>
      </trkpt>
      <trkpt lat="42.84769" lon="17.62863">
        <ele>203.7</ele>
      </trkpt>
      <trkpt lat="42.8478" lon="17.62833">
        <ele>205.7</ele>
      </trkpt>
      <trkpt lat="42.84791" lon="17.62791">
        <ele>206.1</ele>
      </trkpt>
      <trkpt lat="42.84811" lon="17.6271">
        <ele>207.3</ele>
      </trkpt>
      <trkpt lat="42.8483" lon="17.62628">
        <ele>209.9</ele>
      </trkpt>
      <trkpt lat="42.84836" lon="17.62593">
        <ele>211.6</ele>
      </trkpt>
      <trkpt lat="42.84838" lon="17.62582">
        <ele>212.4</ele>
      </trkpt>
      <trkpt lat="42.84841" lon="17.62533">
        <ele>213.4</ele>
      </trkpt>
      <trkpt lat="42.84842" lon="17.62506">
        <ele>213.9</ele>
      </trkpt>
      <trkpt lat="42.84837" lon="17.62449">
        <ele>212.2</ele>
      </trkpt>
      <trkpt lat="42.84834" lon="17.62382">
        <ele>210.4</ele>
      </trkpt>
      <trkpt lat="42.84837" lon="17.62349">
        <ele>210.5</ele>
      </trkpt>
      <trkpt lat="42.84844" lon="17.62316">
        <ele>210.9</ele>
      </trkpt>
      <trkpt lat="42.84868" lon="17.62251">
        <ele>213.3</ele>
      </trkpt>
      <trkpt lat="42.84892" lon="17.62186">
        <ele>214.9</ele>
      </trkpt>
      <trkpt lat="42.84907" lon="17.6216">
        <ele>216.2</ele>
      </trkpt>
      <trkpt lat="42.84925" lon="17.62144">
        <ele>219.2</ele>
      </trkpt>
      <trkpt lat="42.84989" lon="17.62108">
        <ele>228.5</ele>
      </trkpt>
      <trkpt lat="42.85013" lon="17.62089">
        <ele>231.1</ele>
      </trkpt>
      <trkpt lat="42.85029" lon="17.62064">
        <ele>233.2</ele>
      </trkpt>
      <trkpt lat="42.85038" lon="17.6204">
        <ele>234.0</ele>
      </trkpt>
      <trkpt lat="42.85048" lon="17.61995">
        <ele>233.9</ele>
      </trkpt>
      <trkpt lat="42.85058" lon="17.61954">
        <ele>234.6</ele>
      </trkpt>
      <trkpt lat="42.85088" lon="17.61882">
        <ele>239.0</ele>
      </trkpt>
      <trkpt lat="42.85115" lon="17.61826">
        <ele>241.8</ele>
      </trkpt>
      <trkpt lat="42.85139" lon="17.61788">
        <ele>243.2</ele>
      </trkpt>
      <trkpt lat="42.85167" lon="17.61753">
        <ele>242.4</ele>
      </trkpt>
      <trkpt lat="42.85211" lon="17.61705">
        <ele>242.0</ele>
      </trkpt>
      <trkpt lat="42.85232" lon="17.61678">
        <ele>239.7</ele>
      </trkpt>
      <trkpt lat="42.85269" lon="17.61638">
        <ele>239.6</ele>
      </trkpt>
      <trkpt lat="42.85305" lon="17.61599">
        <ele>239.9</ele>
      </trkpt>
      <trkpt lat="42.85348" lon="17.61559">
        <ele>242.0</ele>
      </trkpt>
      <trkpt lat="42.8537" lon="17.61542">
        <ele>245.5</ele>
      </trkpt>
      <trkpt lat="42.85378" lon="17.61534">
        <ele>246.2</ele>
      </trkpt>
      <trkpt lat="42.85402" lon="17.61496">
        <ele>245.3</ele>
      </trkpt>
      <trkpt lat="42.85411" lon="17.61477">
        <ele>245.6</ele>
      </trkpt>
      <trkpt lat="42.85425" lon="17.61433">
        <ele>246.2</ele>
      </trkpt>
      <trkpt lat="42.85428" lon="17.61409">
        <ele>245.4</ele>
      </trkpt>
      <trkpt lat="42.85434" lon="17.61338">
        <ele>244.5</ele>
      </trkpt>
      <trkpt lat="42.85447" lon="17.61283">
        <ele>247.2</ele>
      </trkpt>
      <trkpt lat="42.85459" lon="17.61224">
        <ele>248.6</ele>
      </trkpt>
      <trkpt lat="42.85472" lon="17.61166">
        <ele>250.6</ele>
      </trkpt>
      <trkpt lat="42.85479" lon="17.61128">
        <ele>251.8</ele>
      </trkpt>
      <trkpt lat="42.85485" lon="17.61083">
        <ele>252.6</ele>
      </trkpt>
      <trkpt lat="42.85487" lon="17.61041">
        <ele>246.9</ele>
      </trkpt>
      <trkpt lat="42.85489" lon="17.61013">
        <ele>243.2</ele>
      </trkpt>
      <trkpt lat="42.85497" lon="17.60928">
        <ele>239.0</ele>
      </trkpt>
      <trkpt lat="42.85503" lon="17.60889">
        <ele>238.6</ele>
      </trkpt>
      <trkpt lat="42.85523" lon="17.6079">
        <ele>237.8</ele>
      </trkpt>
      <trkpt lat="42.85547" lon="17.60681">
        <ele>236.6</ele>
      </trkpt>
      <trkpt lat="42.85555" lon="17.60646">
        <ele>235.9</ele>
      </trkpt>
      <trkpt lat="42.85569" lon="17.60575">
        <ele>232.8</ele>
      </trkpt>
      <trkpt lat="42.85583" lon="17.60504">
        <ele>229.3</ele>
      </trkpt>
      <trkpt lat="42.85598" lon="17.60419">
        <ele>225.9</ele>
      </trkpt>
      <trkpt lat="42.85609" lon="17.60337">
        <ele>225.3</ele>
      </trkpt>
      <trkpt lat="42.85609" lon="17.60318">
        <ele>226.0</ele>
      </trkpt>
      <trkpt lat="42.85607" lon="17.60301">
        <ele>226.4</ele>
      </trkpt>
      <trkpt lat="42.85604" lon="17.60288">
        <ele>226.4</ele>
      </trkpt>
      <trkpt lat="42.85598" lon="17.60272">
        <ele>225.9</ele>
      </trkpt>
      <trkpt lat="42.85583" lon="17.60247">
        <ele>224.3</ele>
      </trkpt>
      <trkpt lat="42.85542" lon="17.60191">
        <ele>219.7</ele>
      </trkpt>
      <trkpt lat="42.85502" lon="17.60135">
        <ele>213.8</ele>
      </trkpt>
      <trkpt lat="42.85474" lon="17.60095">
        <ele>212.0</ele>
      </trkpt>
      <trkpt lat="42.85462" lon="17.60078">
        <ele>210.0</ele>
      </trkpt>
      <trkpt lat="42.85451" lon="17.60058">
        <ele>205.6</ele>
      </trkpt>
      <trkpt lat="42.85447" lon="17.60041">
        <ele>203.4</ele>
      </trkpt>
      <trkpt lat="42.8545" lon="17.60023">
        <ele>202.6</ele>
      </trkpt>
      <trkpt lat="42.85454" lon="17.6001">
        <ele>202.4</ele>
      </trkpt>
      <trkpt lat="42.85461" lon="17.60002">
        <ele>203.2</ele>
      </trkpt>
      <trkpt lat="42.85528" lon="17.59934">
        <ele>206.0</ele>
      </trkpt>
      <trkpt lat="42.85556" lon="17.59894">
        <ele>205.2</ele>
      </trkpt>
      <trkpt lat="42.85578" lon="17.59865">
        <ele>204.3</ele>
      </trkpt>
      <trkpt lat="42.85627" lon="17.59784">
        <ele>197.7</ele>
      </trkpt>
      <trkpt lat="42.85675" lon="17.59703">
        <ele>194.8</ele>
      </trkpt>
      <trkpt lat="42.85724" lon="17.59622">
        <ele>193.4</ele>
      </trkpt>
      <trkpt lat="42.85728" lon="17.59616">
        <ele>193.4</ele>
      </trkpt>
      <trkpt lat="42.85748" lon="17.59581">
        <ele>192.8</ele>
      </trkpt>
      <trkpt lat="42.85759" lon="17.59561">
        <ele>193.4</ele>
      </trkpt>
      <trkpt lat="42.8577" lon="17.59538">
        <ele>193.7</ele>
      </trkpt>
      <trkpt lat="42.85778" lon="17.59507">
        <ele>193.3</ele>
      </trkpt>
      <trkpt lat="42.85782" lon="17.5948">
        <ele>193.2</ele>
      </trkpt>
      <trkpt lat="42.85787" lon="17.59415">
        <ele>193.1</ele>
      </trkpt>
      <trkpt lat="42.85787" lon="17.59396">
        <ele>193.0</ele>
      </trkpt>
      <trkpt lat="42.85785" lon="17.59379">
        <ele>192.7</ele>
      </trkpt>
      <trkpt lat="42.85778" lon="17.59362">
        <ele>191.7</ele>
      </trkpt>
      <trkpt lat="42.85769" lon="17.59344">
        <ele>190.2</ele>
      </trkpt>
      <trkpt lat="42.85756" lon="17.5933">
        <ele>188.2</ele>
      </trkpt>
      <trkpt lat="42.85748" lon="17.59323">
        <ele>187.7</ele>
      </trkpt>
      <trkpt lat="42.85715" lon="17.59304">
        <ele>186.6</ele>
      </trkpt>
      <trkpt lat="42.85704" lon="17.59296">
        <ele>186.1</ele>
      </trkpt>
      <trkpt lat="42.85695" lon="17.59286">
        <ele>185.8</ele>
      </trkpt>
      <trkpt lat="42.85691" lon="17.59279">
        <ele>185.7</ele>
      </trkpt>
      <trkpt lat="42.85681" lon="17.59258">
        <ele>185.4</ele>
      </trkpt>
      <trkpt lat="42.85652" lon="17.59167">
        <ele>185.5</ele>
      </trkpt>
      <trkpt lat="42.85626" lon="17.59072">
        <ele>185.7</ele>
      </trkpt>
      <trkpt lat="42.8562" lon="17.59036">
        <ele>186.3</ele>
      </trkpt>
      <trkpt lat="42.85617" lon="17.59018">
        <ele>186.5</ele>
      </trkpt>
      <trkpt lat="42.85615" lon="17.58983">
        <ele>186.8</ele>
      </trkpt>
      <trkpt lat="42.85614" lon="17.58952">
        <ele>186.7</ele>
      </trkpt>
      <trkpt lat="42.85621" lon="17.5889">
        <ele>187.4</ele>
      </trkpt>
      <trkpt lat="42.85629" lon="17.58807">
        <ele>189.1</ele>
      </trkpt>
      <trkpt lat="42.85638" lon="17.58723">
        <ele>190.4</ele>
      </trkpt>
      <trkpt lat="42.85639" lon="17.5871">
        <ele>190.4</ele>
      </trkpt>
      <trkpt lat="42.85647" lon="17.58628">
        <ele>190.2</ele>
      </trkpt>
      <trkpt lat="42.85655" lon="17.58546">
        <ele>190.1</ele>
      </trkpt>
      <trkpt lat="42.85663" lon="17.58464">
        <ele>190.8</ele>
      </trkpt>
      <trkpt lat="42.85671" lon="17.58369">
        <ele>192.7</ele>
      </trkpt>
      <trkpt lat="42.85679" lon="17.58277">
        <ele>193.2</ele>
      </trkpt>
      <trkpt lat="42.85687" lon="17.58185">
        <ele>194.2</ele>
      </trkpt>
      <trkpt lat="42.85696" lon="17.58093">
        <ele>195.3</ele>
      </trkpt>
      <trkpt lat="42.85711" lon="17.57993">
        <ele>194.6</ele>
      </trkpt>
      <trkpt lat="42.85727" lon="17.57893">
        <ele>194.8</ele>
      </trkpt>
      <trkpt lat="42.85741" lon="17.57804">
        <ele>197.6</ele>
      </trkpt>
      <trkpt lat="42.85754" lon="17.57715">
        <ele>199.6</ele>
      </trkpt>
      <trkpt lat="42.85762" lon="17.57663">
        <ele>201.0</ele>
      </trkpt>
      <trkpt lat="42.85769" lon="17.57633">
        <ele>202.5</ele>
      </trkpt>
      <trkpt lat="42.85778" lon="17.57605">
        <ele>204.1</ele>
      </trkpt>
      <trkpt lat="42.85786" lon="17.57587">
        <ele>205.1</ele>
      </trkpt>
      <trkpt lat="42.85796" lon="17.57572">
        <ele>206.1</ele>
      </trkpt>
      <trkpt lat="42.85811" lon="17.57551">
        <ele>207.2</ele>
      </trkpt>
      <trkpt lat="42.85871" lon="17.57481">
        <ele>207.8</ele>
      </trkpt>
      <trkpt lat="42.85922" lon="17.57418">
        <ele>209.4</ele>
      </trkpt>
      <trkpt lat="42.85974" lon="17.57355">
        <ele>210.6</ele>
      </trkpt>
      <trkpt lat="42.86009" lon="17.57309">
        <ele>210.8</ele>
      </trkpt>
      <trkpt lat="42.86044" lon="17.57263">
        <ele>212.2</ele>
      </trkpt>
      <trkpt lat="42.86087" lon="17.57196">
        <ele>209.7</ele>
      </trkpt>
      <trkpt lat="42.86132" lon="17.57123">
        <ele>207.3</ele>
      </trkpt>
      <trkpt lat="42.86168" lon="17.57071">
        <ele>207.1</ele>
      </trkpt>
      <trkpt lat="42.86229" lon="17.57004">
        <ele>210.8</ele>
      </trkpt>
      <trkpt lat="42.86291" lon="17.56937">
        <ele>213.0</ele>
      </trkpt>
      <trkpt lat="42.86331" lon="17.56896">
        <ele>213.0</ele>
      </trkpt>
      <trkpt lat="42.86371" lon="17.56856">
        <ele>215.0</ele>
      </trkpt>
      <trkpt lat="42.86419" lon="17.56811">
        <ele>215.0</ele>
      </trkpt>
      <trkpt lat="42.86467" lon="17.56767">
        <ele>217.7</ele>
      </trkpt>
      <trkpt lat="42.86476" lon="17.56755">
        <ele>217.3</ele>
      </trkpt>
      <trkpt lat="42.8648" lon="17.56747">
        <ele>217.0</ele>
      </trkpt>
      <trkpt lat="42.86488" lon="17.5673">
        <ele>216.8</ele>
      </trkpt>
      <trkpt lat="42.86491" lon="17.56714">
        <ele>216.4</ele>
      </trkpt>
      <trkpt lat="42.86493" lon="17.56692">
        <ele>215.8</ele>
      </trkpt>
      <trkpt lat="42.86493" lon="17.56682">
        <ele>215.4</ele>
      </trkpt>
      <trkpt lat="42.8649" lon="17.56664">
        <ele>214.9</ele>
      </trkpt>
      <trkpt lat="42.86484" lon="17.56646">
        <ele>214.8</ele>
      </trkpt>
      <trkpt lat="42.86464" lon="17.56603">
        <ele>214.2</ele>
      </trkpt>
      <trkpt lat="42.86431" lon="17.56538">
        <ele>213.9</ele>
      </trkpt>
      <trkpt lat="42.86395" lon="17.56461">
        <ele>214.3</ele>
      </trkpt>
      <trkpt lat="42.8636" lon="17.56385">
        <ele>214.6</ele>
      </trkpt>
      <trkpt lat="42.8633" lon="17.56325">
        <ele>214.7</ele>
      </trkpt>
      <trkpt lat="42.86322" lon="17.56297">
        <ele>213.7</ele>
      </trkpt>
      <trkpt lat="42.86317" lon="17.56275">
        <ele>213.0</ele>
      </trkpt>
      <trkpt lat="42.86312" lon="17.56227">
        <ele>212.1</ele>
      </trkpt>
      <trkpt lat="42.86304" lon="17.56126">
        <ele>211.8</ele>
      </trkpt>
      <trkpt lat="42.86297" lon="17.56024">
        <ele>211.7</ele>
      </trkpt>
      <trkpt lat="42.86289" lon="17.55923">
        <ele>209.7</ele>
      </trkpt>
      <trkpt lat="42.86288" lon="17.5587">
        <ele>208.0</ele>
      </trkpt>
      <trkpt lat="42.86292" lon="17.55816">
        <ele>207.7</ele>
      </trkpt>
      <trkpt lat="42.86313" lon="17.55711">
        <ele>213.4</ele>
      </trkpt>
      <trkpt lat="42.86314" lon="17.55682">
        <ele>213.7</ele>
      </trkpt>
      <trkpt lat="42.86314" lon="17.55669">
        <ele>213.8</ele>
      </trkpt>
      <trkpt lat="42.86311" lon="17.5565">
        <ele>213.6</ele>
      </trkpt>
      <trkpt lat="42.86299" lon="17.55605">
        <ele>212.7</ele>
      </trkpt>
      <trkpt lat="42.86256" lon="17.55518">
        <ele>212.5</ele>
      </trkpt>
      <trkpt lat="42.86243" lon="17.55489">
        <ele>212.4</ele>
      </trkpt>
      <trkpt lat="42.86233" lon="17.5546">
        <ele>211.4</ele>
      </trkpt>
      <trkpt lat="42.86227" lon="17.55425">
        <ele>210.6</ele>
      </trkpt>
      <trkpt lat="42.86225" lon="17.5539">
        <ele>210.1</ele>
      </trkpt>
      <trkpt lat="42.86226" lon="17.55359">
        <ele>210.1</ele>
      </trkpt>
      <trkpt lat="42.8623" lon="17.55333">
        <ele>210.6</ele>
      </trkpt>
      <trkpt lat="42.86241" lon="17.55272">
        <ele>208.7</ele>
      </trkpt>
      <trkpt lat="42.86256" lon="17.55194">
        <ele>206.7</ele>
      </trkpt>
      <trkpt lat="42.8627" lon="17.55116">
        <ele>205.3</ele>
      </trkpt>
      <trkpt lat="42.86282" lon="17.55054">
        <ele>204.6</ele>
      </trkpt>
      <trkpt lat="42.863" lon="17.54961">
        <ele>203.7</ele>
      </trkpt>
      <trkpt lat="42.86318" lon="17.54868">
        <ele>202.3</ele>
      </trkpt>
      <trkpt lat="42.86335" lon="17.54772">
        <ele>201.0</ele>
      </trkpt>
      <trkpt lat="42.86352" lon="17.54677">
        <ele>199.0</ele>
      </trkpt>
      <trkpt lat="42.86363" lon="17.54637">
        <ele>199.0</ele>
      </trkpt>
      <trkpt lat="42.86376" lon="17.54607">
        <ele>198.4</ele>
      </trkpt>
      <trkpt lat="42.86428" lon="17.54513">
        <ele>194.0</ele>
      </trkpt>
      <trkpt lat="42.86439" lon="17.54491">
        <ele>193.2</ele>
      </trkpt>
      <trkpt lat="42.86452" lon="17.54456">
        <ele>193.3</ele>
      </trkpt>
      <trkpt lat="42.86476" lon="17.54384">
        <ele>192.8</ele>
      </trkpt>
      <trkpt lat="42.86501" lon="17.54312">
        <ele>191.7</ele>
      </trkpt>
      <trkpt lat="42.86527" lon="17.54252">
        <ele>191.7</ele>
      </trkpt>
      <trkpt lat="42.86566" lon="17.54175">
        <ele>191.0</ele>
      </trkpt>
      <trkpt lat="42.86595" lon="17.54107">
        <ele>189.3</ele>
      </trkpt>
      <trkpt lat="42.86626" lon="17.54024">
        <ele>189.5</ele>
      </trkpt>
      <trkpt lat="42.86657" lon="17.53959">
        <ele>188.5</ele>
      </trkpt>
      <trkpt lat="42.86687" lon="17.53894">
        <ele>188.0</ele>
      </trkpt>
      <trkpt lat="42.86704" lon="17.5385">
        <ele>186.6</ele>
      </trkpt>
      <trkpt lat="42.86716" lon="17.53811">
        <ele>185.6</ele>
      </trkpt>
      <trkpt lat="42.86723" lon="17.53786">
        <ele>185.4</ele>
      </trkpt>
      <trkpt lat="42.86738" lon="17.53748">
        <ele>184.9</ele>
      </trkpt>
      <trkpt lat="42.8675" lon="17.53724">
        <ele>184.0</ele>
      </trkpt>
      <trkpt lat="42.86765" lon="17.53702">
        <ele>183.4</ele>
      </trkpt>
      <trkpt lat="42.86827" lon="17.53629">
        <ele>180.4</ele>
      </trkpt>
      <trkpt lat="42.86893" lon="17.53555">
        <ele>178.6</ele>
      </trkpt>
      <trkpt lat="42.86913" lon="17.53527">
        <ele>178.5</ele>
      </trkpt>
      <trkpt lat="42.86934" lon="17.53491">
        <ele>178.9</ele>
      </trkpt>
      <trkpt lat="42.86945" lon="17.53457">
        <ele>178.8</ele>
      </trkpt>
      <trkpt lat="42.86975" lon="17.53345">
        <ele>179.0</ele>
      </trkpt>
      <trkpt lat="42.86998" lon="17.53258">
        <ele>179.9</ele>
      </trkpt>
      <trkpt lat="42.87022" lon="17.53172">
        <ele>179.2</ele>
      </trkpt>
      <trkpt lat="42.87035" lon="17.53128">
        <ele>178.7</ele>
      </trkpt>
      <trkpt lat="42.87056" lon="17.53074">
        <ele>178.0</ele>
      </trkpt>
      <trkpt lat="42.87069" lon="17.53037">
        <ele>176.6</ele>
      </trkpt>
      <trkpt lat="42.87077" lon="17.53013">
        <ele>175.6</ele>
      </trkpt>
      <trkpt lat="42.87087" lon="17.52974">
        <ele>173.3</ele>
      </trkpt>
      <trkpt lat="42.87098" lon="17.52915">
        <ele>170.0</ele>
      </trkpt>
      <trkpt lat="42.871" lon="17.52904">
        <ele>170.0</ele>
      </trkpt>
      <trkpt lat="42.87109" lon="17.52854">
        <ele>169.8</ele>
      </trkpt>
      <trkpt lat="42.87118" lon="17.5281">
        <ele>169.8</ele>
      </trkpt>
      <trkpt lat="42.87132" lon="17.5277">
        <ele>169.6</ele>
      </trkpt>
      <trkpt lat="42.87154" lon="17.52725">
        <ele>169.5</ele>
      </trkpt>
      <trkpt lat="42.87172" lon="17.52691">
        <ele>170.1</ele>
      </trkpt>
      <trkpt lat="42.87204" lon="17.52639">
        <ele>171.7</ele>
      </trkpt>
      <trkpt lat="42.87227" lon="17.52586">
        <ele>172.9</ele>
      </trkpt>
      <trkpt lat="42.87259" lon="17.52527">
        <ele>171.8</ele>
      </trkpt>
      <trkpt lat="42.87288" lon="17.52482">
        <ele>170.4</ele>
      </trkpt>
      <trkpt lat="42.87292" lon="17.52476">
        <ele>170.1</ele>
      </trkpt>
      <trkpt lat="42.87304" lon="17.52462">
        <ele>169.2</ele>
      </trkpt>
      <trkpt lat="42.8735" lon="17.52412">
        <ele>165.8</ele>
      </trkpt>
      <trkpt lat="42.87396" lon="17.52363">
        <ele>164.2</ele>
      </trkpt>
      <trkpt lat="42.87413" lon="17.52341">
        <ele>164.1</ele>
      </trkpt>
      <trkpt lat="42.87428" lon="17.52314">
        <ele>164.0</ele>
      </trkpt>
      <trkpt lat="42.87437" lon="17.52293">
        <ele>164.1</ele>
      </trkpt>
      <trkpt lat="42.87446" lon="17.52254">
        <ele>164.2</ele>
      </trkpt>
      <trkpt lat="42.87453" lon="17.52186">
        <ele>165.3</ele>
      </trkpt>
      <trkpt lat="42.87458" lon="17.52128">
        <ele>164.6</ele>
      </trkpt>
      <trkpt lat="42.87464" lon="17.52089">
        <ele>163.7</ele>
      </trkpt>
      <trkpt lat="42.8747" lon="17.52065">
        <ele>162.6</ele>
      </trkpt>
      <trkpt lat="42.87478" lon="17.52044">
        <ele>161.4</ele>
      </trkpt>
      <trkpt lat="42.8749" lon="17.52021">
        <ele>159.8</ele>
      </trkpt>
      <trkpt lat="42.87498" lon="17.52009">
        <ele>158.9</ele>
      </trkpt>
      <trkpt lat="42.87513" lon="17.51993">
        <ele>158.5</ele>
      </trkpt>
      <trkpt lat="42.87536" lon="17.51974">
        <ele>158.7</ele>
      </trkpt>
      <trkpt lat="42.87563" lon="17.51959">
        <ele>158.8</ele>
      </trkpt>
      <trkpt lat="42.87615" lon="17.51923">
        <ele>159.0</ele>
      </trkpt>
      <trkpt lat="42.87638" lon="17.519">
        <ele>159.8</ele>
      </trkpt>
      <trkpt lat="42.87661" lon="17.51861">
        <ele>159.3</ele>
      </trkpt>
      <trkpt lat="42.87693" lon="17.51789">
        <ele>159.6</ele>
      </trkpt>
      <trkpt lat="42.87724" lon="17.51718">
        <ele>161.3</ele>
      </trkpt>
      <trkpt lat="42.87756" lon="17.51641">
        <ele>161.3</ele>
      </trkpt>
      <trkpt lat="42.87788" lon="17.51564">
        <ele>161.2</ele>
      </trkpt>
      <trkpt lat="42.87814" lon="17.51494">
        <ele>159.9</ele>
      </trkpt>
      <trkpt lat="42.8784" lon="17.51424">
        <ele>157.0</ele>
      </trkpt>
      <trkpt lat="42.87866" lon="17.51358">
        <ele>160.1</ele>
      </trkpt>
      <trkpt lat="42.87891" lon="17.51293">
        <ele>158.7</ele>
      </trkpt>
      <trkpt lat="42.8791" lon="17.51253">
        <ele>155.8</ele>
      </trkpt>
      <trkpt lat="42.87932" lon="17.51211">
        <ele>156.8</ele>
      </trkpt>
      <trkpt lat="42.87955" lon="17.51171">
        <ele>156.6</ele>
      </trkpt>
      <trkpt lat="42.88008" lon="17.51099">
        <ele>155.9</ele>
      </trkpt>
      <trkpt lat="42.88044" lon="17.51061">
        <ele>157.8</ele>
      </trkpt>
      <trkpt lat="42.88083" lon="17.51023">
        <ele>159.2</ele>
      </trkpt>
      <trkpt lat="42.88114" lon="17.50996">
        <ele>160.3</ele>
      </trkpt>
      <trkpt lat="42.88155" lon="17.50964">
        <ele>160.7</ele>
      </trkpt>
      <trkpt lat="42.88197" lon="17.50932">
        <ele>160.5</ele>
      </trkpt>
      <trkpt lat="42.88246" lon="17.50887">
        <ele>160.2</ele>
      </trkpt>
      <trkpt lat="42.88266" lon="17.50866">
        <ele>161.1</ele>
      </trkpt>
      <trkpt lat="42.88286" lon="17.5084">
        <ele>161.1</ele>
      </trkpt>
      <trkpt lat="42.88309" lon="17.5081">
        <ele>162.2</ele>
      </trkpt>
      <trkpt lat="42.88357" lon="17.50742">
        <ele>164.5</ele>
      </trkpt>
      <trkpt lat="42.88396" lon="17.50691">
        <ele>163.8</ele>
      </trkpt>
      <trkpt lat="42.88437" lon="17.50632">
        <ele>162.6</ele>
      </trkpt>
      <trkpt lat="42.88479" lon="17.50573">
        <ele>161.3</ele>
      </trkpt>
      <trkpt lat="42.88536" lon="17.50495">
        <ele>161.8</ele>
      </trkpt>
      <trkpt lat="42.88562" lon="17.50462">
        <ele>162.0</ele>
      </trkpt>
      <trkpt lat="42.88588" lon="17.50433">
        <ele>162.2</ele>
      </trkpt>
      <trkpt lat="42.88645" lon="17.50379">
        <ele>169.0</ele>
      </trkpt>
      <trkpt lat="42.88647" lon="17.50365">
        <ele>167.5</ele>
      </trkpt>
      <trkpt lat="42.88675" lon="17.50324">
        <ele>167.5</ele>
      </trkpt>
      <trkpt lat="42.88687" lon="17.50304">
        <ele>168.7</ele>
      </trkpt>
      <trkpt lat="42.88697" lon="17.5027">
        <ele>167.1</ele>
      </trkpt>
      <trkpt lat="42.88703" lon="17.50234">
        <ele>164.6</ele>
      </trkpt>
      <trkpt lat="42.88717" lon="17.50186">
        <ele>162.9</ele>
      </trkpt>
      <trkpt lat="42.88754" lon="17.50076">
        <ele>161.7</ele>
      </trkpt>
      <trkpt lat="42.88777" lon="17.50005">
        <ele>164.7</ele>
      </trkpt>
      <trkpt lat="42.88801" lon="17.49934">
        <ele>166.2</ele>
      </trkpt>
      <trkpt lat="42.88811" lon="17.49911">
        <ele>166.9</ele>
      </trkpt>
      <trkpt lat="42.88825" lon="17.49891">
        <ele>167.6</ele>
      </trkpt>
      <trkpt lat="42.88842" lon="17.49872">
        <ele>168.8</ele>
      </trkpt>
      <trkpt lat="42.8886" lon="17.49854">
        <ele>170.3</ele>
      </trkpt>
      <trkpt lat="42.88872" lon="17.49841">
        <ele>171.2</ele>
      </trkpt>
      <trkpt lat="42.88878" lon="17.49822">
        <ele>171.8</ele>
      </trkpt>
      <trkpt lat="42.88879" lon="17.49802">
        <ele>172.4</ele>
      </trkpt>
      <trkpt lat="42.88874" lon="17.49777">
        <ele>172.2</ele>
      </trkpt>
      <trkpt lat="42.8887" lon="17.49747">
        <ele>172.3</ele>
      </trkpt>
      <trkpt lat="42.88869" lon="17.49726">
        <ele>172.5</ele>
      </trkpt>
      <trkpt lat="42.88871" lon="17.49664">
        <ele>173.9</ele>
      </trkpt>
      <trkpt lat="42.88874" lon="17.49593">
        <ele>175.7</ele>
      </trkpt>
      <trkpt lat="42.88876" lon="17.49567">
        <ele>176.3</ele>
      </trkpt>
      <trkpt lat="42.88885" lon="17.49492">
        <ele>177.9</ele>
      </trkpt>
      <trkpt lat="42.88886" lon="17.49478">
        <ele>178.1</ele>
      </trkpt>
      <trkpt lat="42.88888" lon="17.49456">
        <ele>178.6</ele>
      </trkpt>
      <trkpt lat="42.88888" lon="17.49428">
        <ele>178.8</ele>
      </trkpt>
      <trkpt lat="42.88887" lon="17.494">
        <ele>178.9</ele>
      </trkpt>
      <trkpt lat="42.88886" lon="17.49359">
        <ele>179.1</ele>
      </trkpt>
      <trkpt lat="42.88882" lon="17.49326">
        <ele>179.3</ele>
      </trkpt>
      <trkpt lat="42.88874" lon="17.49288">
        <ele>180.3</ele>
      </trkpt>
      <trkpt lat="42.88868" lon="17.49268">
        <ele>180.5</ele>
      </trkpt>
      <trkpt lat="42.8886" lon="17.49239">
        <ele>180.8</ele>
      </trkpt>
      <trkpt lat="42.88846" lon="17.492">
        <ele>180.9</ele>
      </trkpt>
      <trkpt lat="42.88838" lon="17.49175">
        <ele>181.2</ele>
      </trkpt>
      <trkpt lat="42.88835" lon="17.49157">
        <ele>181.6</ele>
      </trkpt>
      <trkpt lat="42.88833" lon="17.49139">
        <ele>182.0</ele>
      </trkpt>
      <trkpt lat="42.88831" lon="17.49113">
        <ele>182.6</ele>
      </trkpt>
      <trkpt lat="42.8883" lon="17.49035">
        <ele>184.7</ele>
      </trkpt>
      <trkpt lat="42.88828" lon="17.49">
        <ele>185.3</ele>
      </trkpt>
      <trkpt lat="42.88824" lon="17.48981">
        <ele>185.5</ele>
      </trkpt>
      <trkpt lat="42.88817" lon="17.48961">
        <ele>185.3</ele>
      </trkpt>
      <trkpt lat="42.88806" lon="17.48941">
        <ele>184.7</ele>
      </trkpt>
      <trkpt lat="42.88787" lon="17.48918">
        <ele>183.4</ele>
      </trkpt>
      <trkpt lat="42.8875" lon="17.48879">
        <ele>181.3</ele>
      </trkpt>
      <trkpt lat="42.88742" lon="17.48869">
        <ele>181.0</ele>
      </trkpt>
      <trkpt lat="42.88722" lon="17.48842">
        <ele>180.2</ele>
      </trkpt>
      <trkpt lat="42.88711" lon="17.48821">
        <ele>179.9</ele>
      </trkpt>
      <trkpt lat="42.88702" lon="17.48792">
        <ele>180.1</ele>
      </trkpt>
      <trkpt lat="42.88699" lon="17.48767">
        <ele>180.9</ele>
      </trkpt>
      <trkpt lat="42.88701" lon="17.4873">
        <ele>182.1</ele>
      </trkpt>
      <trkpt lat="42.88708" lon="17.48687">
        <ele>183.7</ele>
      </trkpt>
      <trkpt lat="42.88717" lon="17.48644">
        <ele>185.7</ele>
      </trkpt>
      <trkpt lat="42.88722" lon="17.48606">
        <ele>187.0</ele>
      </trkpt>
      <trkpt lat="42.88723" lon="17.48568">
        <ele>187.4</ele>
      </trkpt>
      <trkpt lat="42.88718" lon="17.48528">
        <ele>186.1</ele>
      </trkpt>
      <trkpt lat="42.88706" lon="17.48433">
        <ele>185.5</ele>
      </trkpt>
      <trkpt lat="42.88694" lon="17.48337">
        <ele>185.5</ele>
      </trkpt>
      <trkpt lat="42.8868" lon="17.48277">
        <ele>184.3</ele>
      </trkpt>
      <trkpt lat="42.88676" lon="17.4826">
        <ele>184.2</ele>
      </trkpt>
      <trkpt lat="42.88649" lon="17.48159">
        <ele>186.2</ele>
      </trkpt>
      <trkpt lat="42.88631" lon="17.48087">
        <ele>185.7</ele>
      </trkpt>
      <trkpt lat="42.88612" lon="17.48015">
        <ele>179.7</ele>
      </trkpt>
      <trkpt lat="42.88602" lon="17.47979">
        <ele>173.3</ele>
      </trkpt>
      <trkpt lat="42.88597" lon="17.47944">
        <ele>166.3</ele>
      </trkpt>
      <trkpt lat="42.88602" lon="17.47922">
        <ele>163.6</ele>
      </trkpt>
      <trkpt lat="42.88608" lon="17.47912">
        <ele>163.2</ele>
      </trkpt>
      <trkpt lat="42.8862" lon="17.47903">
        <ele>164.7</ele>
      </trkpt>
      <trkpt lat="42.8865" lon="17.47886">
        <ele>170.6</ele>
      </trkpt>
      <trkpt lat="42.88658" lon="17.47878">
        <ele>172.1</ele>
      </trkpt>
      <trkpt lat="42.88662" lon="17.47867">
        <ele>172.1</ele>
      </trkpt>
      <trkpt lat="42.88663" lon="17.47854">
        <ele>170.9</ele>
      </trkpt>
      <trkpt lat="42.88659" lon="17.47833">
        <ele>166.9</ele>
      </trkpt>
      <trkpt lat="42.8865" lon="17.478">
        <ele>157.6</ele>
      </trkpt>
      <trkpt lat="42.88648" lon="17.47787">
        <ele>154.6</ele>
      </trkpt>
      <trkpt lat="42.88649" lon="17.47778">
        <ele>153.4</ele>
      </trkpt>
      <trkpt lat="42.88652" lon="17.47769">
        <ele>153.1</ele>
      </trkpt>
      <trkpt lat="42.8866" lon="17.47764">
        <ele>155.6</ele>
      </trkpt>
      <trkpt lat="42.88668" lon="17.47762">
        <ele>158.5</ele>
      </trkpt>
      <trkpt lat="42.88688" lon="17.47763">
        <ele>165.4</ele>
      </trkpt>
      <trkpt lat="42.88699" lon="17.47759">
        <ele>168.5</ele>
      </trkpt>
      <trkpt lat="42.8871" lon="17.47751">
        <ele>171.2</ele>
      </trkpt>
      <trkpt lat="42.88721" lon="17.47733">
        <ele>169.7</ele>
      </trkpt>
      <trkpt lat="42.88739" lon="17.47708">
        <ele>168.5</ele>
      </trkpt>
      <trkpt lat="42.88757" lon="17.47684">
        <ele>168.2</ele>
      </trkpt>
      <trkpt lat="42.88764" lon="17.47668">
        <ele>166.9</ele>
      </trkpt>
      <trkpt lat="42.88767" lon="17.47651">
        <ele>167.7</ele>
      </trkpt>
      <trkpt lat="42.88766" lon="17.47632">
        <ele>166.9</ele>
      </trkpt>
      <trkpt lat="42.88761" lon="17.47615">
        <ele>164.4</ele>
      </trkpt>
      <trkpt lat="42.88752" lon="17.47601">
        <ele>160.1</ele>
      </trkpt>
      <trkpt lat="42.88742" lon="17.47588">
        <ele>155.0</ele>
      </trkpt>
      <trkpt lat="42.88731" lon="17.4757">
        <ele>151.3</ele>
      </trkpt>
      <trkpt lat="42.88721" lon="17.47549">
        <ele>149.1</ele>
      </trkpt>
      <trkpt lat="42.8871" lon="17.4752">
        <ele>146.8</ele>
      </trkpt>
      <trkpt lat="42.887" lon="17.47482">
        <ele>143.9</ele>
      </trkpt>
      <trkpt lat="42.88697" lon="17.47452">
        <ele>143.0</ele>
      </trkpt>
      <trkpt lat="42.88698" lon="17.47424">
        <ele>144.5</ele>
      </trkpt>
      <trkpt lat="42.88701" lon="17.47391">
        <ele>145.6</ele>
      </trkpt>
      <trkpt lat="42.887" lon="17.47365">
        <ele>144.3</ele>
      </trkpt>
      <trkpt lat="42.88694" lon="17.47333">
        <ele>140.1</ele>
      </trkpt>
      <trkpt lat="42.88692" lon="17.47305">
        <ele>137.1</ele>
      </trkpt>
      <trkpt lat="42.88697" lon="17.47257">
        <ele>137.1</ele>
      </trkpt>
      <trkpt lat="42.88697" lon="17.47235">
        <ele>135.5</ele>
      </trkpt>
      <trkpt lat="42.88692" lon="17.47194">
        <ele>129.0</ele>
      </trkpt>
      <trkpt lat="42.88691" lon="17.47177">
        <ele>127.0</ele>
      </trkpt>
      <trkpt lat="42.88694" lon="17.47144">
        <ele>124.4</ele>
      </trkpt>
      <trkpt lat="42.88697" lon="17.47125">
        <ele>123.0</ele>
      </trkpt>
      <trkpt lat="42.88701" lon="17.47111">
        <ele>123.0</ele>
      </trkpt>
      <trkpt lat="42.88707" lon="17.471">
        <ele>124.6</ele>
      </trkpt>
      <trkpt lat="42.88719" lon="17.47082">
        <ele>128.4</ele>
      </trkpt>
      <trkpt lat="42.88733" lon="17.4706">
        <ele>133.7</ele>
      </trkpt>
      <trkpt lat="42.88736" lon="17.4705">
        <ele>134.2</ele>
      </trkpt>
      <trkpt lat="42.88737" lon="17.47039">
        <ele>133.4</ele>
      </trkpt>
      <trkpt lat="42.88733" lon="17.47022">
        <ele>129.2</ele>
      </trkpt>
      <trkpt lat="42.8872" lon="17.46985">
        <ele>120.5</ele>
      </trkpt>
      <trkpt lat="42.88707" lon="17.46934">
        <ele>117.0</ele>
      </trkpt>
      <trkpt lat="42.88702" lon="17.469">
        <ele>114.8</ele>
      </trkpt>
      <trkpt lat="42.88708" lon="17.46841">
        <ele>115.2</ele>
      </trkpt>
      <trkpt lat="42.88719" lon="17.46784">
        <ele>112.3</ele>
      </trkpt>
      <trkpt lat="42.88734" lon="17.4673">
        <ele>108.8</ele>
      </trkpt>
      <trkpt lat="42.88755" lon="17.46689">
        <ele>107.3</ele>
      </trkpt>
      <trkpt lat="42.88792" lon="17.46622">
        <ele>104.7</ele>
      </trkpt>
      <trkpt lat="42.88829" lon="17.46555">
        <ele>102.1</ele>
      </trkpt>
      <trkpt lat="42.88866" lon="17.46488">
        <ele>99.8</ele>
      </trkpt>
      <trkpt lat="42.889" lon="17.46421">
        <ele>93.2</ele>
      </trkpt>
      <trkpt lat="42.88935" lon="17.46355">
        <ele>88.9</ele>
      </trkpt>
      <trkpt lat="42.88955" lon="17.46319">
        <ele>85.8</ele>
      </trkpt>
      <trkpt lat="42.88978" lon="17.4629">
        <ele>84.2</ele>
      </trkpt>
      <trkpt lat="42.89008" lon="17.4626">
        <ele>81.9</ele>
      </trkpt>
      <trkpt lat="42.89057" lon="17.46214">
        <ele>74.5</ele>
      </trkpt>
      <trkpt lat="42.89076" lon="17.46203">
        <ele>74.0</ele>
      </trkpt>
      <trkpt lat="42.89088" lon="17.46202">
        <ele>75.6</ele>
      </trkpt>
      <trkpt lat="42.89102" lon="17.46206">
        <ele>79.1</ele>
      </trkpt>
      <trkpt lat="42.89116" lon="17.46207">
        <ele>81.5</ele>
      </trkpt>
      <trkpt lat="42.89126" lon="17.46202">
        <ele>81.8</ele>
      </trkpt>
      <trkpt lat="42.89134" lon="17.46193">
        <ele>80.9</ele>
      </trkpt>
      <trkpt lat="42.89138" lon="17.46175">
        <ele>77.4</ele>
      </trkpt>
      <trkpt lat="42.89145" lon="17.4612">
        <ele>70.7</ele>
      </trkpt>
      <trkpt lat="42.89155" lon="17.46031">
        <ele>63.0</ele>
      </trkpt>
      <trkpt lat="42.89166" lon="17.45943">
        <ele>56.0</ele>
      </trkpt>
      <trkpt lat="42.89172" lon="17.45892">
        <ele>50.7</ele>
      </trkpt>
      <trkpt lat="42.89183" lon="17.45843">
        <ele>45.9</ele>
      </trkpt>
      <trkpt lat="42.89203" lon="17.45793">
        <ele>42.5</ele>
      </trkpt>
      <trkpt lat="42.89228" lon="17.45743">
        <ele>38.9</ele>
      </trkpt>
      <trkpt lat="42.89248" lon="17.45709">
        <ele>36.6</ele>
      </trkpt>
      <trkpt lat="42.8927" lon="17.45686">
        <ele>34.7</ele>
      </trkpt>
      <trkpt lat="42.89302" lon="17.45656">
        <ele>32.0</ele>
      </trkpt>
      <trkpt lat="42.89319" lon="17.45638">
        <ele>31.0</ele>
      </trkpt>
      <trkpt lat="42.89332" lon="17.45618">
        <ele>29.1</ele>
      </trkpt>
      <trkpt lat="42.89345" lon="17.45596">
        <ele>26.6</ele>
      </trkpt>
      <trkpt lat="42.89352" lon="17.45573">
        <ele>24.5</ele>
      </trkpt>
      <trkpt lat="42.89353" lon="17.45568">
        <ele>24.3</ele>
      </trkpt>
      <trkpt lat="42.89356" lon="17.45548">
        <ele>23.3</ele>
      </trkpt>
      <trkpt lat="42.89361" lon="17.45499">
        <ele>20.6</ele>
      </trkpt>
      <trkpt lat="42.89361" lon="17.45475">
        <ele>20.0</ele>
      </trkpt>
      <trkpt lat="42.89357" lon="17.4546">
        <ele>19.0</ele>
      </trkpt>
      <trkpt lat="42.89352" lon="17.45448">
        <ele>18.1</ele>
      </trkpt>
      <trkpt lat="42.89346" lon="17.4544">
        <ele>17.1</ele>
      </trkpt>
      <trkpt lat="42.8934" lon="17.45435">
        <ele>16.3</ele>
      </trkpt>
      <trkpt lat="42.89333" lon="17.45433">
        <ele>15.4</ele>
      </trkpt>
      <trkpt lat="42.89325" lon="17.45433">
        <ele>14.4</ele>
      </trkpt>
      <trkpt lat="42.89309" lon="17.45441">
        <ele>12.8</ele>
      </trkpt>
      <trkpt lat="42.89293" lon="17.45453">
        <ele>11.5</ele>
      </trkpt>
      <trkpt lat="42.8925" lon="17.45493">
        <ele>8.7</ele>
      </trkpt>
      <trkpt lat="42.89242" lon="17.45497">
        <ele>8.3</ele>
      </trkpt>
      <trkpt lat="42.89226" lon="17.45498">
        <ele>7.2</ele>
      </trkpt>
      <trkpt lat="42.89225" lon="17.45493">
        <ele>6.9</ele>
      </trkpt>
      <trkpt lat="42.89223" lon="17.45488">
        <ele>6.6</ele>
      </trkpt>
      <trkpt lat="42.89219" lon="17.45484">
        <ele>6.2</ele>
      </trkpt>
      <trkpt lat="42.89214" lon="17.45481">
        <ele>5.8</ele>
      </trkpt>
      <trkpt lat="42.89208" lon="17.4548">
        <ele>5.4</ele>
      </trkpt>
      <trkpt lat="42.89196" lon="17.4548">
        <ele>4.6</ele>
      </trkpt>
      <trkpt lat="42.89172" lon="17.45489">
        <ele>3.2</ele>
      </trkpt>
      <trkpt lat="42.89158" lon="17.4549">
        <ele>2.6</ele>
      </trkpt>
      <trkpt lat="42.89155" lon="17.45489">
        <ele>2.6</ele>
      </trkpt>
      <trkpt lat="42.89125" lon="17.45478">
        <ele>1.5</ele>
      </trkpt>
      <trkpt lat="42.89121" lon="17.45477">
        <ele>1.3</ele>
      </trkpt>
      <trkpt lat="42.89116" lon="17.45476">
        <ele>1.1</ele>
      </trkpt>
      <trkpt lat="42.89106" lon="17.45474">
        <ele>0.8</ele>
      </trkpt>
      <trkpt lat="42.89099" lon="17.45473">
        <ele>0.5</ele>
      </trkpt>
      <trkpt lat="42.89078" lon="17.45462">
        <ele>-0.3</ele>
      </trkpt>
      <trkpt lat="42.8906" lon="17.45451">
        <ele>-0.5</ele>
      </trkpt>
      <trkpt lat="42.89051" lon="17.45442">
        <ele>-0.7</ele>
      </trkpt>
      <trkpt lat="42.89041" lon="17.45429">
        <ele>-0.8</ele>
      </trkpt>
      <trkpt lat="42.89027" lon="17.45415">
        <ele>-0.6</ele>
      </trkpt>
      <trkpt lat="42.89022" lon="17.4541">
        <ele>-0.5</ele>
      </trkpt>
      <trkpt lat="42.89016" lon="17.45393">
        <ele>-0.3</ele>
      </trkpt>
      <trkpt lat="42.89008" lon="17.45382">
        <ele>-0.1</ele>
      </trkpt>
      <trkpt lat="42.88993" lon="17.45357">
        <ele>0.5</ele>
      </trkpt>
      <trkpt lat="42.88983" lon="17.45348">
        <ele>1.3</ele>
      </trkpt>
      <trkpt lat="42.88973" lon="17.45342">
        <ele>2.1</ele>
      </trkpt>
      <trkpt lat="42.88954" lon="17.45336">
        <ele>3.8</ele>
      </trkpt>
      <trkpt lat="42.88947" lon="17.45332">
        <ele>4.6</ele>
      </trkpt>
      <trkpt lat="42.88939" lon="17.45323">
        <ele>6.5</ele>
      </trkpt>
      <trkpt lat="42.88924" lon="17.45311">
        <ele>9.6</ele>
      </trkpt>
      <trkpt lat="42.88912" lon="17.45296">
        <ele>12.7</ele>
      </trkpt>
      <trkpt lat="42.88901" lon="17.45279">
        <ele>15.5</ele>
      </trkpt>
      <trkpt lat="42.88882" lon="17.4524">
        <ele>19.2</ele>
      </trkpt>
      <trkpt lat="42.88844" lon="17.45154">
        <ele>24.1</ele>
      </trkpt>
      <trkpt lat="42.88838" lon="17.4514">
        <ele>24.0</ele>
      </trkpt>
      <trkpt lat="42.88827" lon="17.45126">
        <ele>24.9</ele>
      </trkpt>
      <trkpt lat="42.88819" lon="17.45103">
        <ele>25.0</ele>
      </trkpt>
      <trkpt lat="42.88812" lon="17.45077">
        <ele>23.5</ele>
      </trkpt>
      <trkpt lat="42.88801" lon="17.45053">
        <ele>20.1</ele>
      </trkpt>
      <trkpt lat="42.88787" lon="17.45034">
        <ele>17.7</ele>
      </trkpt>
      <trkpt lat="42.88774" lon="17.45022">
        <ele>16.4</ele>
      </trkpt>
      <trkpt lat="42.88767" lon="17.45023">
        <ele>17.1</ele>
      </trkpt>
      <trkpt lat="42.8874" lon="17.45044">
        <ele>20.2</ele>
      </trkpt>
      <trkpt lat="42.88727" lon="17.45055">
        <ele>19.6</ele>
      </trkpt>
      <trkpt lat="42.8871" lon="17.45071">
        <ele>18.6</ele>
      </trkpt>
      <trkpt lat="42.88686" lon="17.45099">
        <ele>17.4</ele>
      </trkpt>
      <trkpt lat="42.88673" lon="17.45113">
        <ele>16.4</ele>
      </trkpt>
      <trkpt lat="42.88652" lon="17.45134">
        <ele>15.2</ele>
      </trkpt>
      <trkpt lat="42.88635" lon="17.45158">
        <ele>15.0</ele>
      </trkpt>
      <trkpt lat="42.88626" lon="17.45179">
        <ele>15.3</ele>
      </trkpt>
      <trkpt lat="42.8862" lon="17.45198">
        <ele>15.8</ele>
      </trkpt>
      <trkpt lat="42.88616" lon="17.45216">
        <ele>16.7</ele>
      </trkpt>
      <trkpt lat="42.88615" lon="17.45231">
        <ele>17.8</ele>
      </trkpt>
      <trkpt lat="42.88617" lon="17.45246">
        <ele>19.5</ele>
      </trkpt>
      <trkpt lat="42.88627" lon="17.45266">
        <ele>22.2</ele>
      </trkpt>
      <trkpt lat="42.8863" lon="17.4528">
        <ele>23.0</ele>
      </trkpt>
      <trkpt lat="42.8863" lon="17.45289">
        <ele>23.1</ele>
      </trkpt>
      <trkpt lat="42.88629" lon="17.45297">
        <ele>23.1</ele>
      </trkpt>
      <trkpt lat="42.88625" lon="17.45304">
        <ele>22.5</ele>
      </trkpt>
      <trkpt lat="42.88613" lon="17.45312">
        <ele>20.5</ele>
      </trkpt>
      <trkpt lat="42.88601" lon="17.45319">
        <ele>18.6</ele>
      </trkpt>
      <trkpt lat="42.88591" lon="17.45328">
        <ele>17.1</ele>
      </trkpt>
      <trkpt lat="42.88598" lon="17.45349">
        <ele>18.9</ele>
      </trkpt>
      <trkpt lat="42.88608" lon="17.45376">
        <ele>21.2</ele>
      </trkpt>
      <trkpt lat="42.88616" lon="17.45421">
        <ele>23.2</ele>
      </trkpt>
      <trkpt lat="42.8863" lon="17.45485">
        <ele>21.5</ele>
      </trkpt>
      <trkpt lat="42.88638" lon="17.45516">
        <ele>19.6</ele>
      </trkpt>
      <trkpt lat="42.88645" lon="17.45557">
        <ele>16.1</ele>
      </trkpt>
      <trkpt lat="42.88652" lon="17.45568">
        <ele>15.2</ele>
      </trkpt>
      <trkpt lat="42.88667" lon="17.45576">
        <ele>14.7</ele>
      </trkpt>
      <trkpt lat="42.88678" lon="17.45585">
        <ele>14.1</ele>
      </trkpt>
      <trkpt lat="42.88696" lon="17.45602">
        <ele>15.1</ele>
      </trkpt>
      <trkpt lat="42.8874" lon="17.45639">
        <ele>14.1</ele>
      </trkpt>
      <trkpt lat="42.88774" lon="17.45664">
        <ele>9.6</ele>
      </trkpt>
      <trkpt lat="42.88847" lon="17.45724">
        <ele>3.8</ele>
      </trkpt>
      <trkpt lat="42.88845" lon="17.45728">
        <ele>3.9</ele>
      </trkpt>
      <trkpt lat="42.88835" lon="17.4575">
        <ele>5.0</ele>
      </trkpt>
      <trkpt lat="42.88818" lon="17.45793">
        <ele>10.2</ele>
      </trkpt>
      <trkpt lat="42.88804" lon="17.45841">
        <ele>13.7</ele>
      </trkpt>
      <trkpt lat="42.88859" lon="17.45886">
        <ele>7.7</ele>
      </trkpt>
      <trkpt lat="42.88861" lon="17.45888">
        <ele>7.8</ele>
      </trkpt>
      <trkpt lat="42.88863" lon="17.45889">
        <ele>7.8</ele>
      </trkpt>
      <trkpt lat="42.88881" lon="17.45905">
        <ele>8.6</ele>
      </trkpt>
      <trkpt lat="42.88906" lon="17.45933">
        <ele>10.5</ele>
      </trkpt>
      <trkpt lat="42.88913" lon="17.45934">
        <ele>10.9</ele>
      </trkpt>
      <trkpt lat="42.88916" lon="17.45925">
        <ele>10.5</ele>
      </trkpt>
      <trkpt lat="42.88938" lon="17.45887">
        <ele>11.1</ele>
      </trkpt>
      <trkpt lat="42.88965" lon="17.45844">
        <ele>10.9</ele>
      </trkpt>
      <trkpt lat="42.88984" lon="17.45813">
        <ele>9.5</ele>
      </trkpt>
      <trkpt lat="42.88999" lon="17.45793">
        <ele>8.1</ele>
      </trkpt>
      <trkpt lat="42.89023" lon="17.45763">
        <ele>6.6</ele>
      </trkpt>
      <trkpt lat="42.89032" lon="17.45757">
        <ele>6.4</ele>
      </trkpt>
      <trkpt lat="42.89046" lon="17.45747">
        <ele>6.1</ele>
      </trkpt>
      <trkpt lat="42.89073" lon="17.45714">
        <ele>5.8</ele>
      </trkpt>
      <trkpt lat="42.89081" lon="17.45703">
        <ele>5.6</ele>
      </trkpt>
      <trkpt lat="42.89095" lon="17.45677">
        <ele>5.2</ele>
      </trkpt>
      <trkpt lat="42.89104" lon="17.45649">
        <ele>4.3</ele>
      </trkpt>
      <trkpt lat="42.89111" lon="17.45641">
        <ele>4.2</ele>
      </trkpt>
      <trkpt lat="42.89119" lon="17.45638">
        <ele>4.4</ele>
      </trkpt>
      <trkpt lat="42.89132" lon="17.45625">
        <ele>4.3</ele>
      </trkpt>
      <trkpt lat="42.89136" lon="17.45622">
        <ele>4.2</ele>
      </trkpt>
      <trkpt lat="42.8915" lon="17.4561">
        <ele>4.1</ele>
      </trkpt>
      <trkpt lat="42.89158" lon="17.45597">
        <ele>3.6</ele>
      </trkpt>
      <trkpt lat="42.89168" lon="17.45567">
        <ele>3.1</ele>
      </trkpt>
      <trkpt lat="42.89174" lon="17.45558">
        <ele>3.8</ele>
      </trkpt>
      <trkpt lat="42.89184" lon="17.45551">
        <ele>4.8</ele>
      </trkpt>
      <trkpt lat="42.892" lon="17.45543">
        <ele>6.2</ele>
      </trkpt>
      <trkpt lat="42.8921" lon="17.45536">
        <ele>7.0</ele>
      </trkpt>
      <trkpt lat="42.89217" lon="17.45529">
        <ele>7.5</ele>
      </trkpt>
      <trkpt lat="42.89226" lon="17.45508">
        <ele>7.5</ele>
      </trkpt>
      <trkpt lat="42.89226" lon="17.45498">
        <ele>7.2</ele>
      </trkpt>
      <trkpt lat="42.89242" lon="17.45497">
        <ele>8.3</ele>
      </trkpt>
      <trkpt lat="42.8925" lon="17.45493">
        <ele>8.7</ele>
      </trkpt>
      <trkpt lat="42.89293" lon="17.45453">
        <ele>11.5</ele>
      </trkpt>
      <trkpt lat="42.89309" lon="17.45441">
        <ele>12.8</ele>
      </trkpt>
      <trkpt lat="42.89325" lon="17.45433">
        <ele>14.4</ele>
      </trkpt>
      <trkpt lat="42.89333" lon="17.45433">
        <ele>15.4</ele>
      </trkpt>
      <trkpt lat="42.8934" lon="17.45435">
        <ele>16.3</ele>
      </trkpt>
      <trkpt lat="42.89346" lon="17.4544">
        <ele>17.1</ele>
      </trkpt>
      <trkpt lat="42.89352" lon="17.45448">
        <ele>18.1</ele>
      </trkpt>
      <trkpt lat="42.89357" lon="17.4546">
        <ele>19.0</ele>
      </trkpt>
      <trkpt lat="42.89361" lon="17.45475">
        <ele>20.0</ele>
      </trkpt>
      <trkpt lat="42.89369" lon="17.45467">
        <ele>20.7</ele>
      </trkpt>
      <trkpt lat="42.89384" lon="17.45449">
        <ele>22.1</ele>
      </trkpt>
      <trkpt lat="42.89395" lon="17.45431">
        <ele>22.9</ele>
      </trkpt>
      <trkpt lat="42.89403" lon="17.45399">
        <ele>22.8</ele>
      </trkpt>
      <trkpt lat="42.89408" lon="17.45373">
        <ele>22.6</ele>
      </trkpt>
      <trkpt lat="42.89409" lon="17.45353">
        <ele>22.2</ele>
      </trkpt>
      <trkpt lat="42.89414" lon="17.45243">
        <ele>20.3</ele>
      </trkpt>
      <trkpt lat="42.89414" lon="17.45213">
        <ele>19.1</ele>
      </trkpt>
      <trkpt lat="42.89418" lon="17.45191">
        <ele>19.4</ele>
      </trkpt>
      <trkpt lat="42.89423" lon="17.45171">
        <ele>20.5</ele>
      </trkpt>
      <trkpt lat="42.89432" lon="17.4515">
        <ele>22.7</ele>
      </trkpt>
      <trkpt lat="42.89439" lon="17.45129">
        <ele>23.9</ele>
      </trkpt>
      <trkpt lat="42.89443" lon="17.4511">
        <ele>24.0</ele>
      </trkpt>
      <trkpt lat="42.89451" lon="17.45051">
        <ele>24.0</ele>
      </trkpt>
      <trkpt lat="42.89457" lon="17.45006">
        <ele>24.8</ele>
      </trkpt>
      <trkpt lat="42.89466" lon="17.44975">
        <ele>25.5</ele>
      </trkpt>
      <trkpt lat="42.89496" lon="17.44885">
        <ele>24.2</ele>
      </trkpt>
      <trkpt lat="42.89497" lon="17.44882">
        <ele>24.0</ele>
      </trkpt>
      <trkpt lat="42.89522" lon="17.44839">
        <ele>25.0</ele>
      </trkpt>
      <trkpt lat="42.89542" lon="17.44792">
        <ele>24.9</ele>
      </trkpt>
      <trkpt lat="42.89557" lon="17.44748">
        <ele>23.5</ele>
      </trkpt>
      <trkpt lat="42.89576" lon="17.44704">
        <ele>22.8</ele>
      </trkpt>
      <trkpt lat="42.89595" lon="17.44673">
        <ele>24.6</ele>
      </trkpt>
      <trkpt lat="42.8962" lon="17.44644">
        <ele>30.5</ele>
      </trkpt>
      <trkpt lat="42.8963" lon="17.44631">
        <ele>32.8</ele>
      </trkpt>
      <trkpt lat="42.89638" lon="17.44613">
        <ele>33.6</ele>
      </trkpt>
      <trkpt lat="42.89644" lon="17.44597">
        <ele>33.8</ele>
      </trkpt>
      <trkpt lat="42.89659" lon="17.44534">
        <ele>29.5</ele>
      </trkpt>
      <trkpt lat="42.89664" lon="17.44514">
        <ele>27.7</ele>
      </trkpt>
      <trkpt lat="42.89672" lon="17.44492">
        <ele>26.6</ele>
      </trkpt>
      <trkpt lat="42.89715" lon="17.44405">
        <ele>23.8</ele>
      </trkpt>
      <trkpt lat="42.89727" lon="17.44385">
        <ele>24.0</ele>
      </trkpt>
      <trkpt lat="42.89735" lon="17.44374">
        <ele>24.2</ele>
      </trkpt>
      <trkpt lat="42.89743" lon="17.44368">
        <ele>25.3</ele>
      </trkpt>
      <trkpt lat="42.89747" lon="17.44365">
        <ele>25.7</ele>
      </trkpt>
      <trkpt lat="42.89761" lon="17.44358">
        <ele>27.9</ele>
      </trkpt>
      <trkpt lat="42.89772" lon="17.4435">
        <ele>28.9</ele>
      </trkpt>
      <trkpt lat="42.89781" lon="17.44338">
        <ele>28.3</ele>
      </trkpt>
      <trkpt lat="42.89788" lon="17.44319">
        <ele>28.1</ele>
      </trkpt>
      <trkpt lat="42.89792" lon="17.44294">
        <ele>27.7</ele>
      </trkpt>
      <trkpt lat="42.898" lon="17.44274">
        <ele>28.9</ele>
      </trkpt>
      <trkpt lat="42.89805" lon="17.44251">
        <ele>29.2</ele>
      </trkpt>
      <trkpt lat="42.89809" lon="17.44186">
        <ele>31.8</ele>
      </trkpt>
      <trkpt lat="42.89811" lon="17.44151">
        <ele>33.6</ele>
      </trkpt>
      <trkpt lat="42.89806" lon="17.44117">
        <ele>33.0</ele>
      </trkpt>
      <trkpt lat="42.89802" lon="17.44098">
        <ele>32.0</ele>
      </trkpt>
      <trkpt lat="42.89801" lon="17.44085">
        <ele>32.0</ele>
      </trkpt>
      <trkpt lat="42.898" lon="17.44076">
        <ele>31.7</ele>
      </trkpt>
      <trkpt lat="42.89801" lon="17.4403">
        <ele>32.8</ele>
      </trkpt>
      <trkpt lat="42.89804" lon="17.43929">
        <ele>33.8</ele>
      </trkpt>
      <trkpt lat="42.89812" lon="17.43882">
        <ele>33.8</ele>
      </trkpt>
      <trkpt lat="42.89826" lon="17.43833">
        <ele>33.7</ele>
      </trkpt>
      <trkpt lat="42.89841" lon="17.43787">
        <ele>33.0</ele>
      </trkpt>
      <trkpt lat="42.89851" lon="17.43762">
        <ele>34.1</ele>
      </trkpt>
      <trkpt lat="42.89858" lon="17.43751">
        <ele>35.7</ele>
      </trkpt>
      <trkpt lat="42.89868" lon="17.43738">
        <ele>38.9</ele>
      </trkpt>
      <trkpt lat="42.89876" lon="17.43726">
        <ele>41.2</ele>
      </trkpt>
      <trkpt lat="42.89879" lon="17.43715">
        <ele>41.3</ele>
      </trkpt>
      <trkpt lat="42.89881" lon="17.43679">
        <ele>38.0</ele>
      </trkpt>
      <trkpt lat="42.89884" lon="17.4366">
        <ele>36.6</ele>
      </trkpt>
      <trkpt lat="42.89889" lon="17.43639">
        <ele>34.5</ele>
      </trkpt>
      <trkpt lat="42.89924" lon="17.43568">
        <ele>33.0</ele>
      </trkpt>
      <trkpt lat="42.89947" lon="17.43517">
        <ele>31.3</ele>
      </trkpt>
      <trkpt lat="42.89953" lon="17.43509">
        <ele>31.9</ele>
      </trkpt>
      <trkpt lat="42.89962" lon="17.43499">
        <ele>33.4</ele>
      </trkpt>
      <trkpt lat="42.89973" lon="17.43487">
        <ele>35.3</ele>
      </trkpt>
      <trkpt lat="42.89986" lon="17.43468">
        <ele>35.8</ele>
      </trkpt>
      <trkpt lat="42.90002" lon="17.43442">
        <ele>34.9</ele>
      </trkpt>
      <trkpt lat="42.90038" lon="17.4339">
        <ele>35.8</ele>
      </trkpt>
      <trkpt lat="42.90047" lon="17.43374">
        <ele>35.1</ele>
      </trkpt>
      <trkpt lat="42.90054" lon="17.43365">
        <ele>35.3</ele>
      </trkpt>
      <trkpt lat="42.90067" lon="17.43353">
        <ele>36.8</ele>
      </trkpt>
      <trkpt lat="42.90079" lon="17.43339">
        <ele>37.1</ele>
      </trkpt>
      <trkpt lat="42.90088" lon="17.43327">
        <ele>36.9</ele>
      </trkpt>
      <trkpt lat="42.90103" lon="17.43302">
        <ele>35.2</ele>
      </trkpt>
      <trkpt lat="42.90109" lon="17.43295">
        <ele>35.2</ele>
      </trkpt>
      <trkpt lat="42.90119" lon="17.4329">
        <ele>37.0</ele>
      </trkpt>
      <trkpt lat="42.90128" lon="17.43288">
        <ele>39.2</ele>
      </trkpt>
      <trkpt lat="42.90135" lon="17.43283">
        <ele>40.1</ele>
      </trkpt>
      <trkpt lat="42.90141" lon="17.43275">
        <ele>39.8</ele>
      </trkpt>
      <trkpt lat="42.90152" lon="17.43248">
        <ele>36.2</ele>
      </trkpt>
      <trkpt lat="42.90159" lon="17.43239">
        <ele>36.4</ele>
      </trkpt>
      <trkpt lat="42.90185" lon="17.4321">
        <ele>38.3</ele>
      </trkpt>
      <trkpt lat="42.90192" lon="17.43201">
        <ele>38.6</ele>
      </trkpt>
      <trkpt lat="42.90198" lon="17.43189">
        <ele>37.8</ele>
      </trkpt>
      <trkpt lat="42.90213" lon="17.43155">
        <ele>35.3</ele>
      </trkpt>
      <trkpt lat="42.90222" lon="17.43125">
        <ele>32.1</ele>
      </trkpt>
      <trkpt lat="42.90227" lon="17.43117">
        <ele>31.9</ele>
      </trkpt>
      <trkpt lat="42.90244" lon="17.43108">
        <ele>34.7</ele>
      </trkpt>
      <trkpt lat="42.9026" lon="17.431">
        <ele>37.2</ele>
      </trkpt>
      <trkpt lat="42.90266" lon="17.43098">
        <ele>38.3</ele>
      </trkpt>
      <trkpt lat="42.90282" lon="17.43094">
        <ele>41.7</ele>
      </trkpt>
      <trkpt lat="42.90288" lon="17.43091">
        <ele>42.6</ele>
      </trkpt>
      <trkpt lat="42.90292" lon="17.43086">
        <ele>42.6</ele>
      </trkpt>
      <trkpt lat="42.90294" lon="17.43081">
        <ele>42.4</ele>
      </trkpt>
      <trkpt lat="42.90294" lon="17.43074">
        <ele>41.7</ele>
      </trkpt>
      <trkpt lat="42.90292" lon="17.43043">
        <ele>38.2</ele>
      </trkpt>
      <trkpt lat="42.90293" lon="17.43034">
        <ele>37.7</ele>
      </trkpt>
      <trkpt lat="42.90296" lon="17.4302">
        <ele>37.2</ele>
      </trkpt>
      <trkpt lat="42.90306" lon="17.42987">
        <ele>37.8</ele>
      </trkpt>
      <trkpt lat="42.90315" lon="17.42949">
        <ele>38.9</ele>
      </trkpt>
      <trkpt lat="42.90326" lon="17.42893">
        <ele>38.8</ele>
      </trkpt>
      <trkpt lat="42.90334" lon="17.42858">
        <ele>38.0</ele>
      </trkpt>
      <trkpt lat="42.90339" lon="17.42838">
        <ele>38.1</ele>
      </trkpt>
      <trkpt lat="42.90375" lon="17.42744">
        <ele>37.3</ele>
      </trkpt>
      <trkpt lat="42.90393" lon="17.42702">
        <ele>36.1</ele>
      </trkpt>
      <trkpt lat="42.90406" lon="17.42678">
        <ele>35.8</ele>
      </trkpt>
      <trkpt lat="42.90419" lon="17.42658">
        <ele>35.9</ele>
      </trkpt>
      <trkpt lat="42.90433" lon="17.42641">
        <ele>37.2</ele>
      </trkpt>
      <trkpt lat="42.9044" lon="17.42629">
        <ele>36.6</ele>
      </trkpt>
      <trkpt lat="42.90446" lon="17.42613">
        <ele>34.4</ele>
      </trkpt>
      <trkpt lat="42.90452" lon="17.42601">
        <ele>33.1</ele>
      </trkpt>
      <trkpt lat="42.90462" lon="17.42591">
        <ele>33.4</ele>
      </trkpt>
      <trkpt lat="42.90473" lon="17.42583">
        <ele>34.5</ele>
      </trkpt>
      <trkpt lat="42.90484" lon="17.42576">
        <ele>36.1</ele>
      </trkpt>
      <trkpt lat="42.90495" lon="17.42569">
        <ele>37.6</ele>
      </trkpt>
      <trkpt lat="42.90527" lon="17.42531">
        <ele>34.8</ele>
      </trkpt>
      <trkpt lat="42.90535" lon="17.42525">
        <ele>34.8</ele>
      </trkpt>
      <trkpt lat="42.90544" lon="17.42522">
        <ele>36.0</ele>
      </trkpt>
      <trkpt lat="42.90555" lon="17.42521">
        <ele>38.2</ele>
      </trkpt>
      <trkpt lat="42.90574" lon="17.42525">
        <ele>43.7</ele>
      </trkpt>
      <trkpt lat="42.90584" lon="17.42524">
        <ele>45.7</ele>
      </trkpt>
      <trkpt lat="42.90593" lon="17.42519">
        <ele>47.1</ele>
      </trkpt>
      <trkpt lat="42.90599" lon="17.42508">
        <ele>45.8</ele>
      </trkpt>
      <trkpt lat="42.90603" lon="17.4248">
        <ele>40.9</ele>
      </trkpt>
      <trkpt lat="42.90609" lon="17.4246">
        <ele>38.9</ele>
      </trkpt>
      <trkpt lat="42.90617" lon="17.42436">
        <ele>36.3</ele>
      </trkpt>
      <trkpt lat="42.90622" lon="17.42424">
        <ele>35.2</ele>
      </trkpt>
      <trkpt lat="42.9063" lon="17.42411">
        <ele>34.3</ele>
      </trkpt>
      <trkpt lat="42.90643" lon="17.42404">
        <ele>35.8</ele>
      </trkpt>
      <trkpt lat="42.90657" lon="17.42398">
        <ele>37.7</ele>
      </trkpt>
      <trkpt lat="42.90674" lon="17.42397">
        <ele>42.3</ele>
      </trkpt>
      <trkpt lat="42.90693" lon="17.42397">
        <ele>48.6</ele>
      </trkpt>
      <trkpt lat="42.907" lon="17.42394">
        <ele>50.1</ele>
      </trkpt>
      <trkpt lat="42.90704" lon="17.42387">
        <ele>49.3</ele>
      </trkpt>
      <trkpt lat="42.90713" lon="17.42361">
        <ele>44.8</ele>
      </trkpt>
      <trkpt lat="42.9072" lon="17.42345">
        <ele>42.6</ele>
      </trkpt>
      <trkpt lat="42.90726" lon="17.42333">
        <ele>41.3</ele>
      </trkpt>
      <trkpt lat="42.90737" lon="17.42322">
        <ele>42.0</ele>
      </trkpt>
      <trkpt lat="42.90757" lon="17.42303">
        <ele>43.1</ele>
      </trkpt>
      <trkpt lat="42.90767" lon="17.4229">
        <ele>42.8</ele>
      </trkpt>
      <trkpt lat="42.90782" lon="17.42263">
        <ele>40.0</ele>
      </trkpt>
      <trkpt lat="42.90805" lon="17.42244">
        <ele>42.8</ele>
      </trkpt>
      <trkpt lat="42.90814" lon="17.42229">
        <ele>41.7</ele>
      </trkpt>
      <trkpt lat="42.90822" lon="17.42211">
        <ele>39.1</ele>
      </trkpt>
      <trkpt lat="42.90831" lon="17.42195">
        <ele>37.1</ele>
      </trkpt>
      <trkpt lat="42.90842" lon="17.42182">
        <ele>34.7</ele>
      </trkpt>
      <trkpt lat="42.90853" lon="17.42173">
        <ele>33.1</ele>
      </trkpt>
      <trkpt lat="42.90892" lon="17.42159">
        <ele>32.6</ele>
      </trkpt>
      <trkpt lat="42.90904" lon="17.42155">
        <ele>32.3</ele>
      </trkpt>
      <trkpt lat="42.90919" lon="17.42157">
        <ele>34.0</ele>
      </trkpt>
      <trkpt lat="42.9093" lon="17.42161">
        <ele>34.3</ele>
      </trkpt>
      <trkpt lat="42.90939" lon="17.42168">
        <ele>35.7</ele>
      </trkpt>
      <trkpt lat="42.90946" lon="17.42177">
        <ele>37.7</ele>
      </trkpt>
      <trkpt lat="42.90953" lon="17.42189">
        <ele>40.4</ele>
      </trkpt>
      <trkpt lat="42.90959" lon="17.42202">
        <ele>43.5</ele>
      </trkpt>
      <trkpt lat="42.90964" lon="17.42218">
        <ele>47.6</ele>
      </trkpt>
      <trkpt lat="42.90969" lon="17.42241">
        <ele>53.6</ele>
      </trkpt>
      <trkpt lat="42.90971" lon="17.42246">
        <ele>54.7</ele>
      </trkpt>
      <trkpt lat="42.90976" lon="17.42251">
        <ele>55.3</ele>
      </trkpt>
      <trkpt lat="42.90981" lon="17.42253">
        <ele>54.9</ele>
      </trkpt>
      <trkpt lat="42.90988" lon="17.42254">
        <ele>54.0</ele>
      </trkpt>
      <trkpt lat="42.90996" lon="17.42253">
        <ele>52.4</ele>
      </trkpt>
      <trkpt lat="42.91006" lon="17.42251">
        <ele>52.6</ele>
      </trkpt>
      <trkpt lat="42.91014" lon="17.42247">
        <ele>53.2</ele>
      </trkpt>
      <trkpt lat="42.91023" lon="17.4224">
        <ele>53.3</ele>
      </trkpt>
      <trkpt lat="42.9103" lon="17.42234">
        <ele>53.3</ele>
      </trkpt>
      <trkpt lat="42.91037" lon="17.42227">
        <ele>53.0</ele>
      </trkpt>
      <trkpt lat="42.91059" lon="17.42198">
        <ele>50.7</ele>
      </trkpt>
      <trkpt lat="42.911" lon="17.42136">
        <ele>48.1</ele>
      </trkpt>
      <trkpt lat="42.91129" lon="17.42091">
        <ele>48.2</ele>
      </trkpt>
      <trkpt lat="42.91144" lon="17.42063">
        <ele>47.4</ele>
      </trkpt>
      <trkpt lat="42.91175" lon="17.42003">
        <ele>46.5</ele>
      </trkpt>
      <trkpt lat="42.91194" lon="17.41965">
        <ele>48.2</ele>
      </trkpt>
      <trkpt lat="42.91202" lon="17.41947">
        <ele>48.6</ele>
      </trkpt>
      <trkpt lat="42.91209" lon="17.41928">
        <ele>48.4</ele>
      </trkpt>
      <trkpt lat="42.91214" lon="17.41912">
        <ele>48.1</ele>
      </trkpt>
      <trkpt lat="42.91225" lon="17.41865">
        <ele>48.4</ele>
      </trkpt>
      <trkpt lat="42.91236" lon="17.41816">
        <ele>48.7</ele>
      </trkpt>
      <trkpt lat="42.91248" lon="17.41739">
        <ele>48.1</ele>
      </trkpt>
      <trkpt lat="42.91251" lon="17.41722">
        <ele>47.9</ele>
      </trkpt>
      <trkpt lat="42.91257" lon="17.41697">
        <ele>48.5</ele>
      </trkpt>
      <trkpt lat="42.91265" lon="17.41673">
        <ele>50.1</ele>
      </trkpt>
      <trkpt lat="42.91273" lon="17.41653">
        <ele>51.5</ele>
      </trkpt>
      <trkpt lat="42.91281" lon="17.41629">
        <ele>52.1</ele>
      </trkpt>
      <trkpt lat="42.91296" lon="17.41575">
        <ele>51.3</ele>
      </trkpt>
      <trkpt lat="42.91306" lon="17.4153">
        <ele>49.2</ele>
      </trkpt>
      <trkpt lat="42.91335" lon="17.41437">
        <ele>46.4</ele>
      </trkpt>
      <trkpt lat="42.91343" lon="17.41417">
        <ele>45.8</ele>
      </trkpt>
      <trkpt lat="42.9137" lon="17.41364">
        <ele>46.5</ele>
      </trkpt>
      <trkpt lat="42.91381" lon="17.41347">
        <ele>46.8</ele>
      </trkpt>
      <trkpt lat="42.91395" lon="17.41321">
        <ele>46.8</ele>
      </trkpt>
      <trkpt lat="42.91419" lon="17.41272">
        <ele>47.1</ele>
      </trkpt>
      <trkpt lat="42.91426" lon="17.41256">
        <ele>47.3</ele>
      </trkpt>
      <trkpt lat="42.91434" lon="17.41244">
        <ele>48.5</ele>
      </trkpt>
      <trkpt lat="42.91463" lon="17.41209">
        <ele>52.5</ele>
      </trkpt>
      <trkpt lat="42.9148" lon="17.41187">
        <ele>53.7</ele>
      </trkpt>
      <trkpt lat="42.91489" lon="17.41178">
        <ele>54.4</ele>
      </trkpt>
      <trkpt lat="42.91497" lon="17.4117">
        <ele>54.9</ele>
      </trkpt>
      <trkpt lat="42.91513" lon="17.41151">
        <ele>55.4</ele>
      </trkpt>
      <trkpt lat="42.91532" lon="17.4112">
        <ele>54.1</ele>
      </trkpt>
      <trkpt lat="42.91542" lon="17.4111">
        <ele>54.2</ele>
      </trkpt>
      <trkpt lat="42.91547" lon="17.41108">
        <ele>54.7</ele>
      </trkpt>
      <trkpt lat="42.91553" lon="17.41108">
        <ele>55.8</ele>
      </trkpt>
      <trkpt lat="42.91559" lon="17.41105">
        <ele>56.2</ele>
      </trkpt>
      <trkpt lat="42.91567" lon="17.41095">
        <ele>55.7</ele>
      </trkpt>
      <trkpt lat="42.91594" lon="17.41066">
        <ele>55.8</ele>
      </trkpt>
      <trkpt lat="42.91603" lon="17.41053">
        <ele>55.7</ele>
      </trkpt>
      <trkpt lat="42.91641" lon="17.40975">
        <ele>49.6</ele>
      </trkpt>
      <trkpt lat="42.91665" lon="17.40947">
        <ele>48.2</ele>
      </trkpt>
      <trkpt lat="42.91691" lon="17.40927">
        <ele>47.7</ele>
      </trkpt>
      <trkpt lat="42.91714" lon="17.40903">
        <ele>46.8</ele>
      </trkpt>
      <trkpt lat="42.91722" lon="17.40893">
        <ele>46.6</ele>
      </trkpt>
      <trkpt lat="42.91726" lon="17.40879">
        <ele>45.2</ele>
      </trkpt>
      <trkpt lat="42.91733" lon="17.4086">
        <ele>43.7</ele>
      </trkpt>
      <trkpt lat="42.91748" lon="17.40839">
        <ele>43.4</ele>
      </trkpt>
      <trkpt lat="42.91759" lon="17.40824">
        <ele>44.6</ele>
      </trkpt>
      <trkpt lat="42.91771" lon="17.40804">
        <ele>46.2</ele>
      </trkpt>
      <trkpt lat="42.91783" lon="17.40765">
        <ele>46.6</ele>
      </trkpt>
      <trkpt lat="42.918" lon="17.40714">
        <ele>47.8</ele>
      </trkpt>
      <trkpt lat="42.91819" lon="17.40652">
        <ele>47.2</ele>
      </trkpt>
      <trkpt lat="42.91826" lon="17.40632">
        <ele>46.6</ele>
      </trkpt>
      <trkpt lat="42.91856" lon="17.40588">
        <ele>47.9</ele>
      </trkpt>
      <trkpt lat="42.91868" lon="17.40568">
        <ele>48.7</ele>
      </trkpt>
      <trkpt lat="42.91876" lon="17.40551">
        <ele>49.1</ele>
      </trkpt>
      <trkpt lat="42.91886" lon="17.40527">
        <ele>49.3</ele>
      </trkpt>
      <trkpt lat="42.91883" lon="17.405">
        <ele>47.6</ele>
      </trkpt>
      <trkpt lat="42.91878" lon="17.40485">
        <ele>46.2</ele>
      </trkpt>
      <trkpt lat="42.91872" lon="17.40472">
        <ele>44.8</ele>
      </trkpt>
      <trkpt lat="42.91861" lon="17.40459">
        <ele>43.0</ele>
      </trkpt>
      <trkpt lat="42.9185" lon="17.40452">
        <ele>41.6</ele>
      </trkpt>
      <trkpt lat="42.91837" lon="17.40447">
        <ele>40.1</ele>
      </trkpt>
      <trkpt lat="42.91761" lon="17.40434">
        <ele>37.1</ele>
      </trkpt>
      <trkpt lat="42.91686" lon="17.4042">
        <ele>33.1</ele>
      </trkpt>
      <trkpt lat="42.91663" lon="17.40417">
        <ele>31.5</ele>
      </trkpt>
      <trkpt lat="42.91648" lon="17.40418">
        <ele>29.4</ele>
      </trkpt>
      <trkpt lat="42.91636" lon="17.40422">
        <ele>27.6</ele>
      </trkpt>
      <trkpt lat="42.9163" lon="17.40425">
        <ele>26.6</ele>
      </trkpt>
      <trkpt lat="42.91613" lon="17.40439">
        <ele>23.6</ele>
      </trkpt>
      <trkpt lat="42.91576" lon="17.40473">
        <ele>18.0</ele>
      </trkpt>
      <trkpt lat="42.91566" lon="17.40477">
        <ele>16.7</ele>
      </trkpt>
      <trkpt lat="42.91559" lon="17.40476">
        <ele>15.9</ele>
      </trkpt>
      <trkpt lat="42.91554" lon="17.4047">
        <ele>15.1</ele>
      </trkpt>
      <trkpt lat="42.91553" lon="17.40466">
        <ele>14.8</ele>
      </trkpt>
      <trkpt lat="42.91552" lon="17.4046">
        <ele>14.5</ele>
      </trkpt>
      <trkpt lat="42.91555" lon="17.40446">
        <ele>14.6</ele>
      </trkpt>
      <trkpt lat="42.91584" lon="17.40376">
        <ele>16.7</ele>
      </trkpt>
      <trkpt lat="42.91598" lon="17.40342">
        <ele>16.6</ele>
      </trkpt>
      <trkpt lat="42.91621" lon="17.40299">
        <ele>14.9</ele>
      </trkpt>
      <trkpt lat="42.91649" lon="17.40258">
        <ele>11.7</ele>
      </trkpt>
      <trkpt lat="42.91674" lon="17.40233">
        <ele>12.4</ele>
      </trkpt>
      <trkpt lat="42.91689" lon="17.40219">
        <ele>11.8</ele>
      </trkpt>
      <trkpt lat="42.91694" lon="17.40216">
        <ele>11.6</ele>
      </trkpt>
      <trkpt lat="42.91705" lon="17.40214">
        <ele>11.4</ele>
      </trkpt>
      <trkpt lat="42.91711" lon="17.40216">
        <ele>11.4</ele>
      </trkpt>
      <trkpt lat="42.91731" lon="17.40228">
        <ele>12.2</ele>
      </trkpt>
      <trkpt lat="42.91738" lon="17.4023">
        <ele>12.3</ele>
      </trkpt>
      <trkpt lat="42.91747" lon="17.40228">
        <ele>12.2</ele>
      </trkpt>
      <trkpt lat="42.91753" lon="17.40224">
        <ele>12.1</ele>
      </trkpt>
      <trkpt lat="42.91761" lon="17.40218">
        <ele>12.6</ele>
      </trkpt>
      <trkpt lat="42.91767" lon="17.40209">
        <ele>13.0</ele>
      </trkpt>
      <trkpt lat="42.9177" lon="17.40201">
        <ele>13.1</ele>
      </trkpt>
      <trkpt lat="42.91774" lon="17.4019">
        <ele>13.6</ele>
      </trkpt>
      <trkpt lat="42.91776" lon="17.40177">
        <ele>13.7</ele>
      </trkpt>
      <trkpt lat="42.91776" lon="17.40144">
        <ele>15.7</ele>
      </trkpt>
      <trkpt lat="42.91771" lon="17.4009">
        <ele>19.0</ele>
      </trkpt>
      <trkpt lat="42.91763" lon="17.4004">
        <ele>16.0</ele>
      </trkpt>
      <trkpt lat="42.91749" lon="17.39991">
        <ele>9.5</ele>
      </trkpt>
      <trkpt lat="42.91739" lon="17.39971">
        <ele>7.9</ele>
      </trkpt>
      <trkpt lat="42.9171" lon="17.39916">
        <ele>3.6</ele>
      </trkpt>
      <trkpt lat="42.91708" lon="17.39911">
        <ele>3.6</ele>
      </trkpt>
      <trkpt lat="42.91688" lon="17.39873">
        <ele>4.1</ele>
      </trkpt>
      <trkpt lat="42.91685" lon="17.39868">
        <ele>4.2</ele>
      </trkpt>
      <trkpt lat="42.91674" lon="17.39846">
        <ele>5.2</ele>
      </trkpt>
      <trkpt lat="42.91669" lon="17.39839">
        <ele>5.6</ele>
      </trkpt>
      <trkpt lat="42.91662" lon="17.39833">
        <ele>6.4</ele>
      </trkpt>
      <trkpt lat="42.91657" lon="17.39831">
        <ele>7.2</ele>
      </trkpt>
      <trkpt lat="42.91639" lon="17.39829">
        <ele>9.2</ele>
      </trkpt>
      <trkpt lat="42.91643" lon="17.39814">
        <ele>11.7</ele>
      </trkpt>
      <trkpt lat="42.91664" lon="17.39801">
        <ele>11.4</ele>
      </trkpt>
      <trkpt lat="42.9168" lon="17.39789">
        <ele>12.8</ele>
      </trkpt>
      <trkpt lat="42.91697" lon="17.39772">
        <ele>15.2</ele>
      </trkpt>
      <trkpt lat="42.91707" lon="17.39764">
        <ele>16.3</ele>
      </trkpt>
      <trkpt lat="42.91752" lon="17.39752">
        <ele>17.6</ele>
      </trkpt>
      <trkpt lat="42.91775" lon="17.39749">
        <ele>17.5</ele>
      </trkpt>
      <trkpt lat="42.91756" lon="17.39738">
        <ele>22.5</ele>
      </trkpt>
      <trkpt lat="42.91729" lon="17.39729">
        <ele>26.3</ele>
      </trkpt>
      <trkpt lat="42.91703" lon="17.39723">
        <ele>28.5</ele>
      </trkpt>
      <trkpt lat="42.91639" lon="17.39713">
        <ele>37.4</ele>
      </trkpt>
      <trkpt lat="42.91633" lon="17.39715">
        <ele>37.9</ele>
      </trkpt>
      <trkpt lat="42.91627" lon="17.39719">
        <ele>37.7</ele>
      </trkpt>
      <trkpt lat="42.91565" lon="17.39762">
        <ele>37.5</ele>
      </trkpt>
      <trkpt lat="42.91503" lon="17.39796">
        <ele>41.2</ele>
      </trkpt>
      <trkpt lat="42.9147" lon="17.39803">
        <ele>43.1</ele>
      </trkpt>
      <trkpt lat="42.91391" lon="17.39814">
        <ele>44.0</ele>
      </trkpt>
      <trkpt lat="42.91371" lon="17.39817">
        <ele>41.6</ele>
      </trkpt>
      <trkpt lat="42.91343" lon="17.39817">
        <ele>39.3</ele>
      </trkpt>
      <trkpt lat="42.91332" lon="17.39812">
        <ele>38.6</ele>
      </trkpt>
      <trkpt lat="42.91327" lon="17.39806">
        <ele>37.5</ele>
      </trkpt>
      <trkpt lat="42.91325" lon="17.39795">
        <ele>37.9</ele>
      </trkpt>
      <trkpt lat="42.91326" lon="17.39784">
        <ele>39.2</ele>
      </trkpt>
      <trkpt lat="42.91345" lon="17.3967">
        <ele>48.3</ele>
      </trkpt>
      <trkpt lat="42.91357" lon="17.39617">
        <ele>52.5</ele>
      </trkpt>
      <trkpt lat="42.9137" lon="17.39569">
        <ele>59.1</ele>
      </trkpt>
      <trkpt lat="42.91375" lon="17.39544">
        <ele>62.2</ele>
      </trkpt>
      <trkpt lat="42.91376" lon="17.39524">
        <ele>63.0</ele>
      </trkpt>
      <trkpt lat="42.91375" lon="17.39495">
        <ele>63.0</ele>
      </trkpt>
      <trkpt lat="42.91366" lon="17.39454">
        <ele>60.4</ele>
      </trkpt>
      <trkpt lat="42.91363" lon="17.39408">
        <ele>62.2</ele>
      </trkpt>
      <trkpt lat="42.91368" lon="17.39361">
        <ele>69.0</ele>
      </trkpt>
      <trkpt lat="42.91375" lon="17.39289">
        <ele>78.7</ele>
      </trkpt>
      <trkpt lat="42.91377" lon="17.39209">
        <ele>84.3</ele>
      </trkpt>
      <trkpt lat="42.91383" lon="17.39146">
        <ele>89.1</ele>
      </trkpt>
      <trkpt lat="42.91389" lon="17.39083">
        <ele>89.7</ele>
      </trkpt>
      <trkpt lat="42.91407" lon="17.38984">
        <ele>89.9</ele>
      </trkpt>
      <trkpt lat="42.91403" lon="17.38878">
        <ele>84.3</ele>
      </trkpt>
      <trkpt lat="42.91412" lon="17.3877">
        <ele>81.0</ele>
      </trkpt>
      <trkpt lat="42.91419" lon="17.38699">
        <ele>75.4</ele>
      </trkpt>
      <trkpt lat="42.9143" lon="17.3866">
        <ele>75.9</ele>
      </trkpt>
      <trkpt lat="42.91447" lon="17.38632">
        <ele>83.2</ele>
      </trkpt>
      <trkpt lat="42.91449" lon="17.3862">
        <ele>83.4</ele>
      </trkpt>
      <trkpt lat="42.91439" lon="17.38591">
        <ele>76.1</ele>
      </trkpt>
      <trkpt lat="42.9144" lon="17.38522">
        <ele>78.4</ele>
      </trkpt>
      <trkpt lat="42.91441" lon="17.38449">
        <ele>81.8</ele>
      </trkpt>
      <trkpt lat="42.91432" lon="17.384">
        <ele>79.1</ele>
      </trkpt>
      <trkpt lat="42.91429" lon="17.38342">
        <ele>80.3</ele>
      </trkpt>
      <trkpt lat="42.91425" lon="17.3832">
        <ele>79.5</ele>
      </trkpt>
      <trkpt lat="42.91412" lon="17.38284">
        <ele>75.1</ele>
      </trkpt>
      <trkpt lat="42.91402" lon="17.38227">
        <ele>73.2</ele>
      </trkpt>
      <trkpt lat="42.91401" lon="17.38206">
        <ele>73.7</ele>
      </trkpt>
      <trkpt lat="42.91398" lon="17.38193">
        <ele>72.4</ele>
      </trkpt>
      <trkpt lat="42.91391" lon="17.38165">
        <ele>69.0</ele>
      </trkpt>
      <trkpt lat="42.91379" lon="17.38139">
        <ele>59.7</ele>
      </trkpt>
      <trkpt lat="42.91376" lon="17.38124">
        <ele>57.1</ele>
      </trkpt>
      <trkpt lat="42.91377" lon="17.38108">
        <ele>56.9</ele>
      </trkpt>
      <trkpt lat="42.91383" lon="17.38079">
        <ele>58.6</ele>
      </trkpt>
      <trkpt lat="42.91394" lon="17.38042">
        <ele>60.5</ele>
      </trkpt>
      <trkpt lat="42.91405" lon="17.38025">
        <ele>63.6</ele>
      </trkpt>
      <trkpt lat="42.91414" lon="17.38014">
        <ele>66.0</ele>
      </trkpt>
      <trkpt lat="42.91418" lon="17.38005">
        <ele>66.4</ele>
      </trkpt>
      <trkpt lat="42.91424" lon="17.37987">
        <ele>67.4</ele>
      </trkpt>
      <trkpt lat="42.9143" lon="17.37953">
        <ele>67.6</ele>
      </trkpt>
      <trkpt lat="42.91439" lon="17.37911">
        <ele>68.7</ele>
      </trkpt>
      <trkpt lat="42.91443" lon="17.37873">
        <ele>69.0</ele>
      </trkpt>
      <trkpt lat="42.91442" lon="17.37842">
        <ele>67.4</ele>
      </trkpt>
      <trkpt lat="42.91446" lon="17.37821">
        <ele>68.1</ele>
      </trkpt>
      <trkpt lat="42.91456" lon="17.37812">
        <ele>71.3</ele>
      </trkpt>
      <trkpt lat="42.91462" lon="17.37792">
        <ele>72.5</ele>
      </trkpt>
      <trkpt lat="42.91473" lon="17.37771">
        <ele>75.3</ele>
      </trkpt>
      <trkpt lat="42.91476" lon="17.37759">
        <ele>75.7</ele>
      </trkpt>
      <trkpt lat="42.91477" lon="17.37749">
        <ele>75.5</ele>
      </trkpt>
      <trkpt lat="42.9147" lon="17.37696">
        <ele>72.4</ele>
      </trkpt>
      <trkpt lat="42.91464" lon="17.37662">
        <ele>70.0</ele>
      </trkpt>
      <trkpt lat="42.91466" lon="17.37634">
        <ele>71.1</ele>
      </trkpt>
      <trkpt lat="42.91472" lon="17.37601">
        <ele>73.6</ele>
      </trkpt>
      <trkpt lat="42.91478" lon="17.37568">
        <ele>75.5</ele>
      </trkpt>
      <trkpt lat="42.91472" lon="17.37541">
        <ele>73.1</ele>
      </trkpt>
      <trkpt lat="42.91473" lon="17.37526">
        <ele>73.1</ele>
      </trkpt>
      <trkpt lat="42.91486" lon="17.37492">
        <ele>75.7</ele>
      </trkpt>
      <trkpt lat="42.9149" lon="17.37461">
        <ele>75.3</ele>
      </trkpt>
      <trkpt lat="42.91499" lon="17.37441">
        <ele>76.9</ele>
      </trkpt>
      <trkpt lat="42.915" lon="17.37424">
        <ele>76.4</ele>
      </trkpt>
      <trkpt lat="42.91506" lon="17.37379">
        <ele>75.9</ele>
      </trkpt>
      <trkpt lat="42.91519" lon="17.37302">
        <ele>76.7</ele>
      </trkpt>
      <trkpt lat="42.91519" lon="17.37249">
        <ele>74.9</ele>
      </trkpt>
      <trkpt lat="42.91514" lon="17.37211">
        <ele>72.9</ele>
      </trkpt>
      <trkpt lat="42.91515" lon="17.37174">
        <ele>72.8</ele>
      </trkpt>
      <trkpt lat="42.91527" lon="17.37124">
        <ele>74.5</ele>
      </trkpt>
      <trkpt lat="42.91541" lon="17.37086">
        <ele>77.4</ele>
      </trkpt>
      <trkpt lat="42.91549" lon="17.37048">
        <ele>79.8</ele>
      </trkpt>
      <trkpt lat="42.9156" lon="17.3698">
        <ele>82.1</ele>
      </trkpt>
      <trkpt lat="42.91566" lon="17.36955">
        <ele>82.6</ele>
      </trkpt>
      <trkpt lat="42.91587" lon="17.36899">
        <ele>85.4</ele>
      </trkpt>
      <trkpt lat="42.91606" lon="17.36827">
        <ele>87.9</ele>
      </trkpt>
      <trkpt lat="42.91624" lon="17.36759">
        <ele>88.0</ele>
      </trkpt>
      <trkpt lat="42.91644" lon="17.36701">
        <ele>89.2</ele>
      </trkpt>
      <trkpt lat="42.91663" lon="17.36643">
        <ele>91.3</ele>
      </trkpt>
      <trkpt lat="42.91675" lon="17.36607">
        <ele>94.6</ele>
      </trkpt>
      <trkpt lat="42.91674" lon="17.36537">
        <ele>91.3</ele>
      </trkpt>
      <trkpt lat="42.91679" lon="17.36515">
        <ele>91.8</ele>
      </trkpt>
      <trkpt lat="42.91684" lon="17.36502">
        <ele>92.7</ele>
      </trkpt>
      <trkpt lat="42.9169" lon="17.36487">
        <ele>94.1</ele>
      </trkpt>
      <trkpt lat="42.91699" lon="17.3646">
        <ele>96.0</ele>
      </trkpt>
      <trkpt lat="42.91708" lon="17.36343">
        <ele>95.6</ele>
      </trkpt>
      <trkpt lat="42.91725" lon="17.36256">
        <ele>99.0</ele>
      </trkpt>
      <trkpt lat="42.91744" lon="17.36151">
        <ele>101.3</ele>
      </trkpt>
      <trkpt lat="42.91764" lon="17.36046">
        <ele>96.6</ele>
      </trkpt>
      <trkpt lat="42.91766" lon="17.36008">
        <ele>91.7</ele>
      </trkpt>
      <trkpt lat="42.91775" lon="17.35979">
        <ele>90.5</ele>
      </trkpt>
      <trkpt lat="42.91783" lon="17.35966">
        <ele>91.5</ele>
      </trkpt>
      <trkpt lat="42.91807" lon="17.35952">
        <ele>99.0</ele>
      </trkpt>
      <trkpt lat="42.91832" lon="17.35909">
        <ele>101.7</ele>
      </trkpt>
      <trkpt lat="42.91873" lon="17.35886">
        <ele>110.9</ele>
      </trkpt>
      <trkpt lat="42.91889" lon="17.35866">
        <ele>112.9</ele>
      </trkpt>
      <trkpt lat="42.91897" lon="17.35846">
        <ele>112.4</ele>
      </trkpt>
      <trkpt lat="42.91891" lon="17.35741">
        <ele>104.9</ele>
      </trkpt>
      <trkpt lat="42.91892" lon="17.35715">
        <ele>102.2</ele>
      </trkpt>
      <trkpt lat="42.91897" lon="17.35692">
        <ele>101.8</ele>
      </trkpt>
      <trkpt lat="42.91922" lon="17.35648">
        <ele>104.2</ele>
      </trkpt>
      <trkpt lat="42.91942" lon="17.35633">
        <ele>106.2</ele>
      </trkpt>
      <trkpt lat="42.91972" lon="17.35604">
        <ele>105.6</ele>
      </trkpt>
      <trkpt lat="42.91998" lon="17.35574">
        <ele>103.2</ele>
      </trkpt>
      <trkpt lat="42.92016" lon="17.35549">
        <ele>103.0</ele>
      </trkpt>
      <trkpt lat="42.92027" lon="17.35531">
        <ele>102.2</ele>
      </trkpt>
      <trkpt lat="42.92036" lon="17.3549">
        <ele>95.9</ele>
      </trkpt>
      <trkpt lat="42.92047" lon="17.3547">
        <ele>95.8</ele>
      </trkpt>
      <trkpt lat="42.92064" lon="17.35446">
        <ele>97.0</ele>
      </trkpt>
      <trkpt lat="42.92073" lon="17.35413">
        <ele>93.9</ele>
      </trkpt>
      <trkpt lat="42.92086" lon="17.35381">
        <ele>90.8</ele>
      </trkpt>
      <trkpt lat="42.9212" lon="17.35342">
        <ele>87.8</ele>
      </trkpt>
      <trkpt lat="42.92156" lon="17.35321">
        <ele>88.4</ele>
      </trkpt>
      <trkpt lat="42.92218" lon="17.35284">
        <ele>89.2</ele>
      </trkpt>
      <trkpt lat="42.92262" lon="17.3525">
        <ele>89.6</ele>
      </trkpt>
      <trkpt lat="42.92306" lon="17.35216">
        <ele>95.2</ele>
      </trkpt>
      <trkpt lat="42.92319" lon="17.35203">
        <ele>95.5</ele>
      </trkpt>
      <trkpt lat="42.92333" lon="17.35182">
        <ele>93.8</ele>
      </trkpt>
      <trkpt lat="42.92377" lon="17.35133">
        <ele>99.1</ele>
      </trkpt>
      <trkpt lat="42.92397" lon="17.35101">
        <ele>97.8</ele>
      </trkpt>
      <trkpt lat="42.92413" lon="17.35069">
        <ele>94.7</ele>
      </trkpt>
      <trkpt lat="42.92429" lon="17.35049">
        <ele>95.9</ele>
      </trkpt>
      <trkpt lat="42.92455" lon="17.35032">
        <ele>102.0</ele>
      </trkpt>
      <trkpt lat="42.9247" lon="17.35021">
        <ele>105.3</ele>
      </trkpt>
      <trkpt lat="42.92482" lon="17.35008">
        <ele>106.9</ele>
      </trkpt>
      <trkpt lat="42.92496" lon="17.34987">
        <ele>107.5</ele>
      </trkpt>
      <trkpt lat="42.92514" lon="17.34947">
        <ele>106.4</ele>
      </trkpt>
      <trkpt lat="42.92536" lon="17.34912">
        <ele>108.9</ele>
      </trkpt>
      <trkpt lat="42.92597" lon="17.34842">
        <ele>121.5</ele>
      </trkpt>
      <trkpt lat="42.92618" lon="17.34815">
        <ele>124.0</ele>
      </trkpt>
      <trkpt lat="42.92633" lon="17.34787">
        <ele>123.6</ele>
      </trkpt>
      <trkpt lat="42.92654" lon="17.34762">
        <ele>126.0</ele>
      </trkpt>
      <trkpt lat="42.92695" lon="17.34723">
        <ele>133.1</ele>
      </trkpt>
      <trkpt lat="42.92735" lon="17.34682">
        <ele>139.6</ele>
      </trkpt>
      <trkpt lat="42.92759" lon="17.34644">
        <ele>141.1</ele>
      </trkpt>
      <trkpt lat="42.92816" lon="17.34561">
        <ele>150.0</ele>
      </trkpt>
      <trkpt lat="42.92839" lon="17.34519">
        <ele>150.4</ele>
      </trkpt>
      <trkpt lat="42.9288" lon="17.3447">
        <ele>161.0</ele>
      </trkpt>
      <trkpt lat="42.92892" lon="17.34426">
        <ele>157.1</ele>
      </trkpt>
      <trkpt lat="42.92913" lon="17.34398">
        <ele>159.7</ele>
      </trkpt>
      <trkpt lat="42.92945" lon="17.34359">
        <ele>164.4</ele>
      </trkpt>
      <trkpt lat="42.93009" lon="17.34295">
        <ele>179.2</ele>
      </trkpt>
      <trkpt lat="42.93025" lon="17.34256">
        <ele>178.0</ele>
      </trkpt>
      <trkpt lat="42.93036" lon="17.34227">
        <ele>176.0</ele>
      </trkpt>
      <trkpt lat="42.93049" lon="17.34208">
        <ele>177.6</ele>
      </trkpt>
      <trkpt lat="42.93071" lon="17.34181">
        <ele>181.6</ele>
      </trkpt>
      <trkpt lat="42.93093" lon="17.34167">
        <ele>189.3</ele>
      </trkpt>
      <trkpt lat="42.93135" lon="17.34111">
        <ele>193.6</ele>
      </trkpt>
      <trkpt lat="42.93156" lon="17.3407">
        <ele>192.2</ele>
      </trkpt>
      <trkpt lat="42.9318" lon="17.34036">
        <ele>196.9</ele>
      </trkpt>
      <trkpt lat="42.93199" lon="17.34007">
        <ele>200.9</ele>
      </trkpt>
      <trkpt lat="42.93219" lon="17.33972">
        <ele>203.3</ele>
      </trkpt>
      <trkpt lat="42.93239" lon="17.33945">
        <ele>206.9</ele>
      </trkpt>
      <trkpt lat="42.93272" lon="17.3388">
        <ele>207.9</ele>
      </trkpt>
      <trkpt lat="42.93289" lon="17.33852">
        <ele>211.2</ele>
      </trkpt>
      <trkpt lat="42.93306" lon="17.33828">
        <ele>215.3</ele>
      </trkpt>
      <trkpt lat="42.9334" lon="17.33786">
        <ele>222.4</ele>
      </trkpt>
      <trkpt lat="42.93374" lon="17.33744">
        <ele>228.2</ele>
      </trkpt>
      <trkpt lat="42.9342" lon="17.33678">
        <ele>234.2</ele>
      </trkpt>
      <trkpt lat="42.93468" lon="17.33628">
        <ele>242.2</ele>
      </trkpt>
      <trkpt lat="42.93516" lon="17.33578">
        <ele>247.6</ele>
      </trkpt>
      <trkpt lat="42.93564" lon="17.33528">
        <ele>256.1</ele>
      </trkpt>
      <trkpt lat="42.93569" lon="17.33521">
        <ele>256.4</ele>
      </trkpt>
      <trkpt lat="42.93593" lon="17.33487">
        <ele>259.3</ele>
      </trkpt>
      <trkpt lat="42.93614" lon="17.33448">
        <ele>262.0</ele>
      </trkpt>
      <trkpt lat="42.93622" lon="17.33453">
        <ele>268.3</ele>
      </trkpt>
      <trkpt lat="42.93702" lon="17.33504">
        <ele>324.9</ele>
      </trkpt>
      <trkpt lat="42.93782" lon="17.33554">
        <ele>344.4</ele>
      </trkpt>
      <trkpt lat="42.93862" lon="17.33604">
        <ele>309.5</ele>
      </trkpt>
      <trkpt lat="42.93942" lon="17.33654">
        <ele>275.5</ele>
      </trkpt>
      <trkpt lat="42.93966" lon="17.33671">
        <ele>269.9</ele>
      </trkpt>
      <trkpt lat="42.93976" lon="17.33674">
        <ele>268.0</ele>
      </trkpt>
      <trkpt lat="42.93994" lon="17.33682">
        <ele>264.6</ele>
      </trkpt>
      <trkpt lat="42.94" lon="17.33686">
        <ele>263.5</ele>
      </trkpt>
      <trkpt lat="42.94049" lon="17.33602">
        <ele>263.7</ele>
      </trkpt>
      <trkpt lat="42.94084" lon="17.33543">
        <ele>263.0</ele>
      </trkpt>
      <trkpt lat="42.94119" lon="17.33485">
        <ele>263.6</ele>
      </trkpt>
      <trkpt lat="42.94129" lon="17.33492">
        <ele>263.1</ele>
      </trkpt>
      <trkpt lat="42.94141" lon="17.33503">
        <ele>262.6</ele>
      </trkpt>
      <trkpt lat="42.9415" lon="17.33515">
        <ele>262.3</ele>
      </trkpt>
      <trkpt lat="42.94157" lon="17.33496">
        <ele>262.3</ele>
      </trkpt>
      <trkpt lat="42.94176" lon="17.3346">
        <ele>262.4</ele>
      </trkpt>
      <trkpt lat="42.94224" lon="17.33372">
        <ele>263.0</ele>
      </trkpt>
      <trkpt lat="42.94272" lon="17.33284">
        <ele>264.2</ele>
      </trkpt>
      <trkpt lat="42.94298" lon="17.33248">
        <ele>263.7</ele>
      </trkpt>
      <trkpt lat="42.94304" lon="17.33242">
        <ele>263.7</ele>
      </trkpt>
      <trkpt lat="42.9432" lon="17.33228">
        <ele>263.6</ele>
      </trkpt>
      <trkpt lat="42.9438" lon="17.33178">
        <ele>264.7</ele>
      </trkpt>
      <trkpt lat="42.94439" lon="17.33128">
        <ele>264.5</ele>
      </trkpt>
      <trkpt lat="42.94499" lon="17.33078">
        <ele>262.3</ele>
      </trkpt>
      <trkpt lat="42.94528" lon="17.33052">
        <ele>262.4</ele>
      </trkpt>
      <trkpt lat="42.9457" lon="17.33005">
        <ele>261.6</ele>
      </trkpt>
      <trkpt lat="42.9461" lon="17.32953">
        <ele>263.4</ele>
      </trkpt>
      <trkpt lat="42.94631" lon="17.32929">
        <ele>264.5</ele>
      </trkpt>
      <trkpt lat="42.94642" lon="17.32918">
        <ele>264.9</ele>
      </trkpt>
      <trkpt lat="42.94655" lon="17.32908">
        <ele>265.5</ele>
      </trkpt>
      <trkpt lat="42.94683" lon="17.3289">
        <ele>266.0</ele>
      </trkpt>
      <trkpt lat="42.94746" lon="17.32857">
        <ele>266.2</ele>
      </trkpt>
      <trkpt lat="42.94767" lon="17.32849">
        <ele>266.2</ele>
      </trkpt>
      <trkpt lat="42.94782" lon="17.32845">
        <ele>266.2</ele>
      </trkpt>
      <trkpt lat="42.94798" lon="17.32842">
        <ele>266.1</ele>
      </trkpt>
      <trkpt lat="42.94812" lon="17.32842">
        <ele>265.9</ele>
      </trkpt>
      <trkpt lat="42.94826" lon="17.32843">
        <ele>265.7</ele>
      </trkpt>
      <trkpt lat="42.94853" lon="17.32848">
        <ele>265.4</ele>
      </trkpt>
      <trkpt lat="42.94912" lon="17.32867">
        <ele>264.4</ele>
      </trkpt>
      <trkpt lat="42.94936" lon="17.32872">
        <ele>264.8</ele>
      </trkpt>
      <trkpt lat="42.94955" lon="17.32872">
        <ele>265.4</ele>
      </trkpt>
      <trkpt lat="42.94965" lon="17.32872">
        <ele>265.7</ele>
      </trkpt>
      <trkpt lat="42.9498" lon="17.32869">
        <ele>266.6</ele>
      </trkpt>
      <trkpt lat="42.94992" lon="17.32866">
        <ele>267.4</ele>
      </trkpt>
      <trkpt lat="42.95013" lon="17.32857">
        <ele>268.3</ele>
      </trkpt>
      <trkpt lat="42.95076" lon="17.32827">
        <ele>268.9</ele>
      </trkpt>
      <trkpt lat="42.95139" lon="17.32797">
        <ele>272.9</ele>
      </trkpt>
      <trkpt lat="42.95202" lon="17.32768">
        <ele>274.8</ele>
      </trkpt>
      <trkpt lat="42.95224" lon="17.32755">
        <ele>275.2</ele>
      </trkpt>
      <trkpt lat="42.95235" lon="17.32748">
        <ele>275.7</ele>
      </trkpt>
      <trkpt lat="42.95268" lon="17.32722">
        <ele>280.7</ele>
      </trkpt>
      <trkpt lat="42.95283" lon="17.32712">
        <ele>281.5</ele>
      </trkpt>
      <trkpt lat="42.9531" lon="17.32698">
        <ele>280.8</ele>
      </trkpt>
      <trkpt lat="42.95368" lon="17.32675">
        <ele>278.5</ele>
      </trkpt>
      <trkpt lat="42.95399" lon="17.32662">
        <ele>278.5</ele>
      </trkpt>
      <trkpt lat="42.9543" lon="17.32647">
        <ele>280.5</ele>
      </trkpt>
      <trkpt lat="42.9546" lon="17.3263">
        <ele>282.8</ele>
      </trkpt>
      <trkpt lat="42.95491" lon="17.32611">
        <ele>283.7</ele>
      </trkpt>
      <trkpt lat="42.95543" lon="17.32574">
        <ele>286.2</ele>
      </trkpt>
      <trkpt lat="42.95582" lon="17.32542">
        <ele>289.6</ele>
      </trkpt>
      <trkpt lat="42.9562" lon="17.32503">
        <ele>294.0</ele>
      </trkpt>
      <trkpt lat="42.95649" lon="17.32471">
        <ele>297.0</ele>
      </trkpt>
      <trkpt lat="42.95665" lon="17.32449">
        <ele>298.0</ele>
      </trkpt>
      <trkpt lat="42.9569" lon="17.32412">
        <ele>301.7</ele>
      </trkpt>
      <trkpt lat="42.95712" lon="17.32375">
        <ele>305.2</ele>
      </trkpt>
      <trkpt lat="42.95743" lon="17.32319">
        <ele>304.3</ele>
      </trkpt>
      <trkpt lat="42.95758" lon="17.32295">
        <ele>304.4</ele>
      </trkpt>
      <trkpt lat="42.95792" lon="17.32246">
        <ele>304.7</ele>
      </trkpt>
      <trkpt lat="42.95827" lon="17.32198">
        <ele>302.8</ele>
      </trkpt>
      <trkpt lat="42.95866" lon="17.32145">
        <ele>301.9</ele>
      </trkpt>
      <trkpt lat="42.95877" lon="17.32128">
        <ele>301.4</ele>
      </trkpt>
      <trkpt lat="42.95885" lon="17.32108">
        <ele>300.8</ele>
      </trkpt>
      <trkpt lat="42.95891" lon="17.32087">
        <ele>300.2</ele>
      </trkpt>
      <trkpt lat="42.95894" lon="17.32057">
        <ele>299.7</ele>
      </trkpt>
      <trkpt lat="42.959" lon="17.31968">
        <ele>299.3</ele>
      </trkpt>
      <trkpt lat="42.95901" lon="17.31956">
        <ele>299.5</ele>
      </trkpt>
      <trkpt lat="42.95904" lon="17.31944">
        <ele>299.5</ele>
      </trkpt>
      <trkpt lat="42.95907" lon="17.31933">
        <ele>299.4</ele>
      </trkpt>
      <trkpt lat="42.95912" lon="17.31922">
        <ele>299.3</ele>
      </trkpt>
      <trkpt lat="42.95923" lon="17.31902">
        <ele>299.6</ele>
      </trkpt>
      <trkpt lat="42.95958" lon="17.31847">
        <ele>299.9</ele>
      </trkpt>
      <trkpt lat="42.95987" lon="17.31803">
        <ele>297.0</ele>
      </trkpt>
      <trkpt lat="42.9602" lon="17.3176">
        <ele>294.0</ele>
      </trkpt>
      <trkpt lat="42.96053" lon="17.31716">
        <ele>291.5</ele>
      </trkpt>
      <trkpt lat="42.96089" lon="17.31661">
        <ele>290.1</ele>
      </trkpt>
      <trkpt lat="42.96131" lon="17.31593">
        <ele>290.0</ele>
      </trkpt>
      <trkpt lat="42.96139" lon="17.31575">
        <ele>289.8</ele>
      </trkpt>
      <trkpt lat="42.9615" lon="17.31546">
        <ele>289.7</ele>
      </trkpt>
      <trkpt lat="42.96159" lon="17.31526">
        <ele>289.7</ele>
      </trkpt>
      <trkpt lat="42.96205" lon="17.31439">
        <ele>291.8</ele>
      </trkpt>
      <trkpt lat="42.96226" lon="17.31395">
        <ele>292.2</ele>
      </trkpt>
      <trkpt lat="42.96245" lon="17.31353">
        <ele>291.5</ele>
      </trkpt>
      <trkpt lat="42.96256" lon="17.31321">
        <ele>290.7</ele>
      </trkpt>
      <trkpt lat="42.96275" lon="17.31245">
        <ele>287.6</ele>
      </trkpt>
      <trkpt lat="42.96286" lon="17.31205">
        <ele>288.0</ele>
      </trkpt>
      <trkpt lat="42.96304" lon="17.31159">
        <ele>285.2</ele>
      </trkpt>
      <trkpt lat="42.96317" lon="17.31127">
        <ele>282.7</ele>
      </trkpt>
      <trkpt lat="42.9634" lon="17.31082">
        <ele>277.4</ele>
      </trkpt>
      <trkpt lat="42.96366" lon="17.31026">
        <ele>275.3</ele>
      </trkpt>
      <trkpt lat="42.96392" lon="17.3097">
        <ele>271.8</ele>
      </trkpt>
      <trkpt lat="42.96406" lon="17.30941">
        <ele>270.1</ele>
      </trkpt>
      <trkpt lat="42.96418" lon="17.30917">
        <ele>268.9</ele>
      </trkpt>
      <trkpt lat="42.96469" lon="17.30833">
        <ele>269.4</ele>
      </trkpt>
      <trkpt lat="42.96485" lon="17.30812">
        <ele>270.3</ele>
      </trkpt>
      <trkpt lat="42.96517" lon="17.30779">
        <ele>272.2</ele>
      </trkpt>
      <trkpt lat="42.9654" lon="17.30757">
        <ele>273.5</ele>
      </trkpt>
      <trkpt lat="42.96593" lon="17.30703">
        <ele>277.0</ele>
      </trkpt>
      <trkpt lat="42.96645" lon="17.3065">
        <ele>276.7</ele>
      </trkpt>
      <trkpt lat="42.96657" lon="17.30638">
        <ele>276.3</ele>
      </trkpt>
      <trkpt lat="42.9667" lon="17.3062">
        <ele>276.3</ele>
      </trkpt>
      <trkpt lat="42.96708" lon="17.30548">
        <ele>277.3</ele>
      </trkpt>
      <trkpt lat="42.96723" lon="17.30514">
        <ele>276.1</ele>
      </trkpt>
      <trkpt lat="42.96729" lon="17.30499">
        <ele>275.1</ele>
      </trkpt>
      <trkpt lat="42.96739" lon="17.30467">
        <ele>273.6</ele>
      </trkpt>
      <trkpt lat="42.96758" lon="17.30394">
        <ele>272.4</ele>
      </trkpt>
      <trkpt lat="42.96777" lon="17.30322">
        <ele>273.4</ele>
      </trkpt>
      <trkpt lat="42.96787" lon="17.30289">
        <ele>273.7</ele>
      </trkpt>
      <trkpt lat="42.96795" lon="17.30267">
        <ele>273.7</ele>
      </trkpt>
      <trkpt lat="42.96823" lon="17.30204">
        <ele>273.2</ele>
      </trkpt>
      <trkpt lat="42.96851" lon="17.30141">
        <ele>273.9</ele>
      </trkpt>
      <trkpt lat="42.96898" lon="17.30042">
        <ele>277.8</ele>
      </trkpt>
      <trkpt lat="42.96936" lon="17.29964">
        <ele>281.3</ele>
      </trkpt>
      <trkpt lat="42.96968" lon="17.29897">
        <ele>284.6</ele>
      </trkpt>
      <trkpt lat="42.97001" lon="17.29831">
        <ele>288.1</ele>
      </trkpt>
      <trkpt lat="42.97013" lon="17.29804">
        <ele>289.1</ele>
      </trkpt>
      <trkpt lat="42.97027" lon="17.29763">
        <ele>290.9</ele>
      </trkpt>
      <trkpt lat="42.9705" lon="17.2967">
        <ele>295.7</ele>
      </trkpt>
      <trkpt lat="42.97061" lon="17.29626">
        <ele>296.7</ele>
      </trkpt>
      <trkpt lat="42.97067" lon="17.296">
        <ele>297.0</ele>
      </trkpt>
      <trkpt lat="42.97069" lon="17.29586">
        <ele>297.1</ele>
      </trkpt>
      <trkpt lat="42.9707" lon="17.29563">
        <ele>298.0</ele>
      </trkpt>
      <trkpt lat="42.97069" lon="17.29534">
        <ele>299.2</ele>
      </trkpt>
      <trkpt lat="42.97067" lon="17.2952">
        <ele>299.8</ele>
      </trkpt>
      <trkpt lat="42.97065" lon="17.29509">
        <ele>300.2</ele>
      </trkpt>
      <trkpt lat="42.97035" lon="17.29396">
        <ele>305.8</ele>
      </trkpt>
      <trkpt lat="42.97006" lon="17.29282">
        <ele>309.3</ele>
      </trkpt>
      <trkpt lat="42.97002" lon="17.29254">
        <ele>310.0</ele>
      </trkpt>
      <trkpt lat="42.97003" lon="17.29234">
        <ele>311.1</ele>
      </trkpt>
      <trkpt lat="42.97012" lon="17.29176">
        <ele>315.7</ele>
      </trkpt>
      <trkpt lat="42.97012" lon="17.29154">
        <ele>317.6</ele>
      </trkpt>
      <trkpt lat="42.97008" lon="17.29139">
        <ele>318.1</ele>
      </trkpt>
      <trkpt lat="42.97002" lon="17.29123">
        <ele>318.2</ele>
      </trkpt>
      <trkpt lat="42.96997" lon="17.29117">
        <ele>317.7</ele>
      </trkpt>
      <trkpt lat="42.96945" lon="17.29029">
        <ele>321.8</ele>
      </trkpt>
      <trkpt lat="42.96907" lon="17.28969">
        <ele>324.7</ele>
      </trkpt>
      <trkpt lat="42.96893" lon="17.28947">
        <ele>326.9</ele>
      </trkpt>
      <trkpt lat="42.9687" lon="17.28885">
        <ele>331.0</ele>
      </trkpt>
      <trkpt lat="42.96862" lon="17.28843">
        <ele>333.1</ele>
      </trkpt>
      <trkpt lat="42.9686" lon="17.28821">
        <ele>334.1</ele>
      </trkpt>
      <trkpt lat="42.96859" lon="17.28791">
        <ele>335.4</ele>
      </trkpt>
      <trkpt lat="42.96859" lon="17.28764">
        <ele>336.8</ele>
      </trkpt>
      <trkpt lat="42.96862" lon="17.28711">
        <ele>340.5</ele>
      </trkpt>
      <trkpt lat="42.96869" lon="17.28636">
        <ele>344.3</ele>
      </trkpt>
      <trkpt lat="42.96876" lon="17.2856">
        <ele>345.6</ele>
      </trkpt>
      <trkpt lat="42.96888" lon="17.28479">
        <ele>348.4</ele>
      </trkpt>
      <trkpt lat="42.96897" lon="17.28434">
        <ele>350.0</ele>
      </trkpt>
      <trkpt lat="42.96907" lon="17.28392">
        <ele>351.8</ele>
      </trkpt>
      <trkpt lat="42.96925" lon="17.28335">
        <ele>356.6</ele>
      </trkpt>
      <trkpt lat="42.96943" lon="17.28278">
        <ele>364.7</ele>
      </trkpt>
      <trkpt lat="42.9695" lon="17.28248">
        <ele>367.7</ele>
      </trkpt>
      <trkpt lat="42.96953" lon="17.28231">
        <ele>369.2</ele>
      </trkpt>
      <trkpt lat="42.96954" lon="17.28208">
        <ele>370.9</ele>
      </trkpt>
      <trkpt lat="42.96957" lon="17.28132">
        <ele>375.6</ele>
      </trkpt>
      <trkpt lat="42.9696" lon="17.28103">
        <ele>377.1</ele>
      </trkpt>
      <trkpt lat="42.96965" lon="17.28074">
        <ele>378.9</ele>
      </trkpt>
      <trkpt lat="42.96977" lon="17.28036">
        <ele>380.8</ele>
      </trkpt>
      <trkpt lat="42.97006" lon="17.27976">
        <ele>383.0</ele>
      </trkpt>
      <trkpt lat="42.97047" lon="17.27902">
        <ele>391.5</ele>
      </trkpt>
      <trkpt lat="42.97088" lon="17.27829">
        <ele>390.5</ele>
      </trkpt>
      <trkpt lat="42.97104" lon="17.27804">
        <ele>395.0</ele>
      </trkpt>
      <trkpt lat="42.97123" lon="17.27775">
        <ele>396.9</ele>
      </trkpt>
      <trkpt lat="42.97153" lon="17.27741">
        <ele>395.3</ele>
      </trkpt>
      <trkpt lat="42.97197" lon="17.27698">
        <ele>398.2</ele>
      </trkpt>
      <trkpt lat="42.97247" lon="17.2765">
        <ele>398.2</ele>
      </trkpt>
      <trkpt lat="42.9726" lon="17.27627">
        <ele>400.4</ele>
      </trkpt>
      <trkpt lat="42.97267" lon="17.27608">
        <ele>401.6</ele>
      </trkpt>
      <trkpt lat="42.97275" lon="17.27567">
        <ele>403.4</ele>
      </trkpt>
      <trkpt lat="42.97287" lon="17.27512">
        <ele>406.8</ele>
      </trkpt>
      <trkpt lat="42.97307" lon="17.27451">
        <ele>410.1</ele>
      </trkpt>
      <trkpt lat="42.97326" lon="17.27391">
        <ele>411.1</ele>
      </trkpt>
      <trkpt lat="42.97342" lon="17.27354">
        <ele>411.5</ele>
      </trkpt>
      <trkpt lat="42.97393" lon="17.27264">
        <ele>410.0</ele>
      </trkpt>
      <trkpt lat="42.97412" lon="17.27223">
        <ele>406.1</ele>
      </trkpt>
      <trkpt lat="42.97428" lon="17.27178">
        <ele>404.8</ele>
      </trkpt>
      <trkpt lat="42.97439" lon="17.27128">
        <ele>402.7</ele>
      </trkpt>
      <trkpt lat="42.97454" lon="17.27038">
        <ele>397.1</ele>
      </trkpt>
      <trkpt lat="42.97469" lon="17.26948">
        <ele>389.2</ele>
      </trkpt>
      <trkpt lat="42.97478" lon="17.26919">
        <ele>386.9</ele>
      </trkpt>
      <trkpt lat="42.9749" lon="17.26888">
        <ele>384.7</ele>
      </trkpt>
      <trkpt lat="42.97513" lon="17.26843">
        <ele>382.3</ele>
      </trkpt>
      <trkpt lat="42.97568" lon="17.26765">
        <ele>383.9</ele>
      </trkpt>
      <trkpt lat="42.97574" lon="17.26751">
        <ele>383.0</ele>
      </trkpt>
      <trkpt lat="42.97575" lon="17.26736">
        <ele>384.2</ele>
      </trkpt>
      <trkpt lat="42.97573" lon="17.26719">
        <ele>385.5</ele>
      </trkpt>
      <trkpt lat="42.97569" lon="17.2671">
        <ele>386.2</ele>
      </trkpt>
      <trkpt lat="42.97563" lon="17.26701">
        <ele>386.8</ele>
      </trkpt>
      <trkpt lat="42.97555" lon="17.26697">
        <ele>387.0</ele>
      </trkpt>
      <trkpt lat="42.97544" lon="17.26695">
        <ele>387.0</ele>
      </trkpt>
      <trkpt lat="42.97525" lon="17.26703">
        <ele>385.1</ele>
      </trkpt>
      <trkpt lat="42.97512" lon="17.26714">
        <ele>382.5</ele>
      </trkpt>
      <trkpt lat="42.9749" lon="17.26725">
        <ele>378.5</ele>
      </trkpt>
      <trkpt lat="42.97463" lon="17.2673">
        <ele>374.9</ele>
      </trkpt>
      <trkpt lat="42.9744" lon="17.26729">
        <ele>373.0</ele>
      </trkpt>
      <trkpt lat="42.97413" lon="17.26721">
        <ele>372.1</ele>
      </trkpt>
      <trkpt lat="42.97394" lon="17.26711">
        <ele>371.6</ele>
      </trkpt>
      <trkpt lat="42.97373" lon="17.26691">
        <ele>371.5</ele>
      </trkpt>
      <trkpt lat="42.97325" lon="17.26641">
        <ele>369.4</ele>
      </trkpt>
      <trkpt lat="42.97277" lon="17.26592">
        <ele>363.8</ele>
      </trkpt>
      <trkpt lat="42.97253" lon="17.26563">
        <ele>357.8</ele>
      </trkpt>
      <trkpt lat="42.97241" lon="17.2654">
        <ele>355.5</ele>
      </trkpt>
      <trkpt lat="42.97235" lon="17.26516">
        <ele>355.0</ele>
      </trkpt>
      <trkpt lat="42.97235" lon="17.26493">
        <ele>355.1</ele>
      </trkpt>
      <trkpt lat="42.97236" lon="17.2647">
        <ele>353.7</ele>
      </trkpt>
      <trkpt lat="42.97243" lon="17.26441">
        <ele>353.2</ele>
      </trkpt>
      <trkpt lat="42.97256" lon="17.26407">
        <ele>353.4</ele>
      </trkpt>
      <trkpt lat="42.97298" lon="17.26315">
        <ele>350.6</ele>
      </trkpt>
      <trkpt lat="42.97318" lon="17.2625">
        <ele>346.3</ele>
      </trkpt>
      <trkpt lat="42.97338" lon="17.26184">
        <ele>343.5</ele>
      </trkpt>
      <trkpt lat="42.9734" lon="17.26164">
        <ele>341.8</ele>
      </trkpt>
      <trkpt lat="42.97341" lon="17.26145">
        <ele>341.3</ele>
      </trkpt>
      <trkpt lat="42.9734" lon="17.26123">
        <ele>340.1</ele>
      </trkpt>
      <trkpt lat="42.97332" lon="17.26092">
        <ele>337.1</ele>
      </trkpt>
      <trkpt lat="42.9731" lon="17.26025">
        <ele>332.0</ele>
      </trkpt>
      <trkpt lat="42.97308" lon="17.26008">
        <ele>331.5</ele>
      </trkpt>
      <trkpt lat="42.97308" lon="17.25999">
        <ele>331.3</ele>
      </trkpt>
      <trkpt lat="42.9731" lon="17.25981">
        <ele>330.6</ele>
      </trkpt>
      <trkpt lat="42.97334" lon="17.25927">
        <ele>329.9</ele>
      </trkpt>
      <trkpt lat="42.97337" lon="17.25913">
        <ele>329.8</ele>
      </trkpt>
      <trkpt lat="42.97335" lon="17.25894">
        <ele>330.4</ele>
      </trkpt>
      <trkpt lat="42.97328" lon="17.25874">
        <ele>330.6</ele>
      </trkpt>
      <trkpt lat="42.97312" lon="17.25861">
        <ele>329.9</ele>
      </trkpt>
      <trkpt lat="42.97298" lon="17.25857">
        <ele>328.9</ele>
      </trkpt>
      <trkpt lat="42.97285" lon="17.25862">
        <ele>327.6</ele>
      </trkpt>
      <trkpt lat="42.97275" lon="17.2587">
        <ele>326.3</ele>
      </trkpt>
      <trkpt lat="42.97264" lon="17.25882">
        <ele>324.8</ele>
      </trkpt>
      <trkpt lat="42.97252" lon="17.25897">
        <ele>323.1</ele>
      </trkpt>
      <trkpt lat="42.97242" lon="17.25924">
        <ele>321.2</ele>
      </trkpt>
      <trkpt lat="42.97226" lon="17.25974">
        <ele>319.3</ele>
      </trkpt>
      <trkpt lat="42.97202" lon="17.26046">
        <ele>315.3</ele>
      </trkpt>
      <trkpt lat="42.97197" lon="17.26055">
        <ele>314.5</ele>
      </trkpt>
      <trkpt lat="42.97188" lon="17.26069">
        <ele>313.1</ele>
      </trkpt>
      <trkpt lat="42.97175" lon="17.26076">
        <ele>311.2</ele>
      </trkpt>
      <trkpt lat="42.97165" lon="17.26079">
        <ele>309.8</ele>
      </trkpt>
      <trkpt lat="42.97151" lon="17.26074">
        <ele>307.6</ele>
      </trkpt>
      <trkpt lat="42.97141" lon="17.26064">
        <ele>305.8</ele>
      </trkpt>
      <trkpt lat="42.97135" lon="17.26051">
        <ele>304.4</ele>
      </trkpt>
      <trkpt lat="42.97118" lon="17.25991">
        <ele>300.0</ele>
      </trkpt>
      <trkpt lat="42.97109" lon="17.25977">
        <ele>300.0</ele>
      </trkpt>
      <trkpt lat="42.97101" lon="17.25971">
        <ele>299.4</ele>
      </trkpt>
      <trkpt lat="42.97091" lon="17.25967">
        <ele>298.3</ele>
      </trkpt>
      <trkpt lat="42.97081" lon="17.25969">
        <ele>296.4</ele>
      </trkpt>
      <trkpt lat="42.97067" lon="17.25974">
        <ele>294.2</ele>
      </trkpt>
      <trkpt lat="42.97047" lon="17.2598">
        <ele>290.7</ele>
      </trkpt>
      <trkpt lat="42.97014" lon="17.2598">
        <ele>287.2</ele>
      </trkpt>
      <trkpt lat="42.97004" lon="17.25982">
        <ele>285.4</ele>
      </trkpt>
      <trkpt lat="42.96969" lon="17.25997">
        <ele>270.2</ele>
      </trkpt>
      <trkpt lat="42.96958" lon="17.25992">
        <ele>268.9</ele>
      </trkpt>
      <trkpt lat="42.9693" lon="17.25967">
        <ele>269.8</ele>
      </trkpt>
      <trkpt lat="42.96923" lon="17.25956">
        <ele>271.7</ele>
      </trkpt>
      <trkpt lat="42.96918" lon="17.25938">
        <ele>276.7</ele>
      </trkpt>
      <trkpt lat="42.96912" lon="17.25921">
        <ele>279.0</ele>
      </trkpt>
      <trkpt lat="42.96901" lon="17.25905">
        <ele>275.3</ele>
      </trkpt>
      <trkpt lat="42.96893" lon="17.2589">
        <ele>273.0</ele>
      </trkpt>
      <trkpt lat="42.96891" lon="17.25869">
        <ele>276.7</ele>
      </trkpt>
      <trkpt lat="42.96887" lon="17.25854">
        <ele>277.5</ele>
      </trkpt>
      <trkpt lat="42.96869" lon="17.25818">
        <ele>269.6</ele>
      </trkpt>
      <trkpt lat="42.96865" lon="17.25797">
        <ele>267.2</ele>
      </trkpt>
      <trkpt lat="42.96863" lon="17.25777">
        <ele>266.3</ele>
      </trkpt>
      <trkpt lat="42.96865" lon="17.25748">
        <ele>269.0</ele>
      </trkpt>
      <trkpt lat="42.96869" lon="17.25721">
        <ele>273.8</ele>
      </trkpt>
      <trkpt lat="42.96866" lon="17.25697">
        <ele>272.9</ele>
      </trkpt>
      <trkpt lat="42.96856" lon="17.25665">
        <ele>267.2</ele>
      </trkpt>
      <trkpt lat="42.96851" lon="17.2563">
        <ele>265.2</ele>
      </trkpt>
      <trkpt lat="42.96841" lon="17.2551">
        <ele>259.5</ele>
      </trkpt>
      <trkpt lat="42.96829" lon="17.25441">
        <ele>250.2</ele>
      </trkpt>
      <trkpt lat="42.9683" lon="17.25408">
        <ele>248.2</ele>
      </trkpt>
      <trkpt lat="42.96834" lon="17.25384">
        <ele>245.1</ele>
      </trkpt>
      <trkpt lat="42.9684" lon="17.25369">
        <ele>243.5</ele>
      </trkpt>
      <trkpt lat="42.96862" lon="17.2534">
        <ele>242.2</ele>
      </trkpt>
      <trkpt lat="42.9689" lon="17.25312">
        <ele>240.3</ele>
      </trkpt>
      <trkpt lat="42.9693" lon="17.25277">
        <ele>238.3</ele>
      </trkpt>
      <trkpt lat="42.9697" lon="17.25242">
        <ele>240.8</ele>
      </trkpt>
      <trkpt lat="42.96978" lon="17.25225">
        <ele>240.9</ele>
      </trkpt>
      <trkpt lat="42.96982" lon="17.25206">
        <ele>239.6</ele>
      </trkpt>
      <trkpt lat="42.96981" lon="17.25179">
        <ele>235.6</ele>
      </trkpt>
      <trkpt lat="42.96976" lon="17.25104">
        <ele>226.5</ele>
      </trkpt>
      <trkpt lat="42.96981" lon="17.25034">
        <ele>219.2</ele>
      </trkpt>
      <trkpt lat="42.97002" lon="17.24966">
        <ele>218.0</ele>
      </trkpt>
      <trkpt lat="42.97008" lon="17.24939">
        <ele>216.9</ele>
      </trkpt>
      <trkpt lat="42.97011" lon="17.24872">
        <ele>209.0</ele>
      </trkpt>
      <trkpt lat="42.97019" lon="17.24824">
        <ele>205.8</ele>
      </trkpt>
      <trkpt lat="42.97044" lon="17.24717">
        <ele>199.2</ele>
      </trkpt>
      <trkpt lat="42.9707" lon="17.2461">
        <ele>192.2</ele>
      </trkpt>
      <trkpt lat="42.97096" lon="17.24504">
        <ele>184.9</ele>
      </trkpt>
      <trkpt lat="42.97101" lon="17.24483">
        <ele>185.0</ele>
      </trkpt>
      <trkpt lat="42.97101" lon="17.24448">
        <ele>183.1</ele>
      </trkpt>
      <trkpt lat="42.97097" lon="17.24424">
        <ele>180.8</ele>
      </trkpt>
      <trkpt lat="42.97088" lon="17.24404">
        <ele>178.1</ele>
      </trkpt>
      <trkpt lat="42.97082" lon="17.24394">
        <ele>176.7</ele>
      </trkpt>
      <trkpt lat="42.97061" lon="17.24375">
        <ele>171.8</ele>
      </trkpt>
      <trkpt lat="42.97036" lon="17.24363">
        <ele>165.7</ele>
      </trkpt>
      <trkpt lat="42.97024" lon="17.2435">
        <ele>162.5</ele>
      </trkpt>
      <trkpt lat="42.97018" lon="17.24339">
        <ele>160.7</ele>
      </trkpt>
      <trkpt lat="42.97016" lon="17.24324">
        <ele>158.2</ele>
      </trkpt>
      <trkpt lat="42.97019" lon="17.24306">
        <ele>155.6</ele>
      </trkpt>
      <trkpt lat="42.97054" lon="17.24241">
        <ele>153.1</ele>
      </trkpt>
      <trkpt lat="42.97083" lon="17.24204">
        <ele>150.6</ele>
      </trkpt>
      <trkpt lat="42.97132" lon="17.24156">
        <ele>146.6</ele>
      </trkpt>
      <trkpt lat="42.97167" lon="17.2413">
        <ele>146.2</ele>
      </trkpt>
      <trkpt lat="42.97188" lon="17.24107">
        <ele>141.3</ele>
      </trkpt>
      <trkpt lat="42.97217" lon="17.24069">
        <ele>133.9</ele>
      </trkpt>
      <trkpt lat="42.9723" lon="17.24058">
        <ele>132.5</ele>
      </trkpt>
      <trkpt lat="42.97246" lon="17.2405">
        <ele>132.4</ele>
      </trkpt>
      <trkpt lat="42.9726" lon="17.24047">
        <ele>131.5</ele>
      </trkpt>
      <trkpt lat="42.97271" lon="17.24049">
        <ele>131.4</ele>
      </trkpt>
      <trkpt lat="42.97287" lon="17.24054">
        <ele>131.5</ele>
      </trkpt>
      <trkpt lat="42.97301" lon="17.24064">
        <ele>132.5</ele>
      </trkpt>
      <trkpt lat="42.97313" lon="17.24083">
        <ele>134.6</ele>
      </trkpt>
      <trkpt lat="42.97331" lon="17.24113">
        <ele>138.1</ele>
      </trkpt>
      <trkpt lat="42.97344" lon="17.24121">
        <ele>140.6</ele>
      </trkpt>
      <trkpt lat="42.97357" lon="17.2412">
        <ele>142.2</ele>
      </trkpt>
      <trkpt lat="42.9737" lon="17.24112">
        <ele>142.9</ele>
      </trkpt>
      <trkpt lat="42.97375" lon="17.24095">
        <ele>141.5</ele>
      </trkpt>
      <trkpt lat="42.97376" lon="17.24078">
        <ele>139.8</ele>
      </trkpt>
      <trkpt lat="42.97373" lon="17.24064">
        <ele>138.2</ele>
      </trkpt>
      <trkpt lat="42.97361" lon="17.2402">
        <ele>131.5</ele>
      </trkpt>
      <trkpt lat="42.97351" lon="17.23975">
        <ele>124.5</ele>
      </trkpt>
      <trkpt lat="42.97346" lon="17.23933">
        <ele>119.6</ele>
      </trkpt>
      <trkpt lat="42.97346" lon="17.23909">
        <ele>117.5</ele>
      </trkpt>
      <trkpt lat="42.97347" lon="17.2388">
        <ele>115.1</ele>
      </trkpt>
      <trkpt lat="42.97351" lon="17.2385">
        <ele>113.5</ele>
      </trkpt>
      <trkpt lat="42.97367" lon="17.23766">
        <ele>110.0</ele>
      </trkpt>
      <trkpt lat="42.97384" lon="17.23681">
        <ele>101.5</ele>
      </trkpt>
      <trkpt lat="42.97389" lon="17.23661">
        <ele>99.3</ele>
      </trkpt>
      <trkpt lat="42.97397" lon="17.23641">
        <ele>97.7</ele>
      </trkpt>
      <trkpt lat="42.97407" lon="17.23625">
        <ele>97.2</ele>
      </trkpt>
      <trkpt lat="42.97457" lon="17.23572">
        <ele>96.6</ele>
      </trkpt>
      <trkpt lat="42.97466" lon="17.23559">
        <ele>96.2</ele>
      </trkpt>
      <trkpt lat="42.97473" lon="17.23547">
        <ele>95.7</ele>
      </trkpt>
      <trkpt lat="42.97477" lon="17.23534">
        <ele>94.7</ele>
      </trkpt>
      <trkpt lat="42.97478" lon="17.23528">
        <ele>94.1</ele>
      </trkpt>
      <trkpt lat="42.9748" lon="17.23519">
        <ele>93.2</ele>
      </trkpt>
      <trkpt lat="42.97481" lon="17.23492">
        <ele>90.4</ele>
      </trkpt>
      <trkpt lat="42.97478" lon="17.23422">
        <ele>85.8</ele>
      </trkpt>
      <trkpt lat="42.97477" lon="17.23373">
        <ele>83.1</ele>
      </trkpt>
      <trkpt lat="42.97482" lon="17.23326">
        <ele>81.8</ele>
      </trkpt>
      <trkpt lat="42.97487" lon="17.23281">
        <ele>78.5</ele>
      </trkpt>
      <trkpt lat="42.97497" lon="17.23239">
        <ele>76.5</ele>
      </trkpt>
      <trkpt lat="42.975" lon="17.23234">
        <ele>76.7</ele>
      </trkpt>
      <trkpt lat="42.97516" lon="17.2318">
        <ele>74.7</ele>
      </trkpt>
      <trkpt lat="42.97527" lon="17.23148">
        <ele>72.9</ele>
      </trkpt>
      <trkpt lat="42.97535" lon="17.23127">
        <ele>71.4</ele>
      </trkpt>
      <trkpt lat="42.97542" lon="17.23111">
        <ele>70.2</ele>
      </trkpt>
      <trkpt lat="42.9755" lon="17.23096">
        <ele>69.1</ele>
      </trkpt>
      <trkpt lat="42.9757" lon="17.23068">
        <ele>67.5</ele>
      </trkpt>
      <trkpt lat="42.97585" lon="17.23055">
        <ele>67.1</ele>
      </trkpt>
      <trkpt lat="42.97592" lon="17.23048">
        <ele>66.7</ele>
      </trkpt>
      <trkpt lat="42.97603" lon="17.2304">
        <ele>66.5</ele>
      </trkpt>
      <trkpt lat="42.97652" lon="17.23015">
        <ele>66.6</ele>
      </trkpt>
      <trkpt lat="42.97664" lon="17.23004">
        <ele>65.5</ele>
      </trkpt>
      <trkpt lat="42.97675" lon="17.2299">
        <ele>65.4</ele>
      </trkpt>
      <trkpt lat="42.97686" lon="17.22959">
        <ele>64.0</ele>
      </trkpt>
      <trkpt lat="42.97693" lon="17.22924">
        <ele>61.5</ele>
      </trkpt>
      <trkpt lat="42.97696" lon="17.22904">
        <ele>60.3</ele>
      </trkpt>
      <trkpt lat="42.977" lon="17.22889">
        <ele>59.8</ele>
      </trkpt>
      <trkpt lat="42.97714" lon="17.22844">
        <ele>58.1</ele>
      </trkpt>
      <trkpt lat="42.97724" lon="17.22827">
        <ele>57.8</ele>
      </trkpt>
      <trkpt lat="42.97736" lon="17.22812">
        <ele>57.8</ele>
      </trkpt>
      <trkpt lat="42.9775" lon="17.22799">
        <ele>58.1</ele>
      </trkpt>
      <trkpt lat="42.97768" lon="17.22786">
        <ele>58.7</ele>
      </trkpt>
      <trkpt lat="42.97787" lon="17.22777">
        <ele>59.9</ele>
      </trkpt>
      <trkpt lat="42.97822" lon="17.22762">
        <ele>61.9</ele>
      </trkpt>
      <trkpt lat="42.97838" lon="17.22753">
        <ele>62.8</ele>
      </trkpt>
      <trkpt lat="42.97852" lon="17.22743">
        <ele>65.0</ele>
      </trkpt>
      <trkpt lat="42.97864" lon="17.22731">
        <ele>66.8</ele>
      </trkpt>
      <trkpt lat="42.97872" lon="17.2272">
        <ele>67.6</ele>
      </trkpt>
      <trkpt lat="42.97882" lon="17.227">
        <ele>68.0</ele>
      </trkpt>
      <trkpt lat="42.97891" lon="17.22681">
        <ele>68.3</ele>
      </trkpt>
      <trkpt lat="42.97898" lon="17.22643">
        <ele>67.5</ele>
      </trkpt>
      <trkpt lat="42.979" lon="17.22628">
        <ele>67.3</ele>
      </trkpt>
      <trkpt lat="42.979" lon="17.22612">
        <ele>66.6</ele>
      </trkpt>
      <trkpt lat="42.97895" lon="17.2255">
        <ele>62.3</ele>
      </trkpt>
      <trkpt lat="42.97896" lon="17.22534">
        <ele>61.8</ele>
      </trkpt>
      <trkpt lat="42.97898" lon="17.22516">
        <ele>61.5</ele>
      </trkpt>
      <trkpt lat="42.97902" lon="17.22499">
        <ele>61.7</ele>
      </trkpt>
      <trkpt lat="42.97909" lon="17.22445">
        <ele>64.4</ele>
      </trkpt>
      <trkpt lat="42.97913" lon="17.22408">
        <ele>66.2</ele>
      </trkpt>
      <trkpt lat="42.97913" lon="17.22346">
        <ele>67.5</ele>
      </trkpt>
      <trkpt lat="42.97916" lon="17.22315">
        <ele>67.2</ele>
      </trkpt>
      <trkpt lat="42.97919" lon="17.22296">
        <ele>66.5</ele>
      </trkpt>
      <trkpt lat="42.97931" lon="17.2225">
        <ele>65.8</ele>
      </trkpt>
      <trkpt lat="42.97942" lon="17.22214">
        <ele>64.7</ele>
      </trkpt>
      <trkpt lat="42.97953" lon="17.22186">
        <ele>64.1</ele>
      </trkpt>
      <trkpt lat="42.97983" lon="17.22124">
        <ele>62.0</ele>
      </trkpt>
      <trkpt lat="42.98013" lon="17.22078">
        <ele>59.0</ele>
      </trkpt>
      <trkpt lat="42.98041" lon="17.22039">
        <ele>53.0</ele>
      </trkpt>
      <trkpt lat="42.9807" lon="17.21997">
        <ele>47.9</ele>
      </trkpt>
      <trkpt lat="42.98088" lon="17.21964">
        <ele>42.2</ele>
      </trkpt>
      <trkpt lat="42.98104" lon="17.21931">
        <ele>37.8</ele>
      </trkpt>
      <trkpt lat="42.98122" lon="17.21886">
        <ele>33.7</ele>
      </trkpt>
      <trkpt lat="42.98141" lon="17.2184">
        <ele>30.9</ele>
      </trkpt>
      <trkpt lat="42.98155" lon="17.21812">
        <ele>31.0</ele>
      </trkpt>
      <trkpt lat="42.98177" lon="17.21778">
        <ele>32.5</ele>
      </trkpt>
      <trkpt lat="42.98205" lon="17.21739">
        <ele>35.2</ele>
      </trkpt>
      <trkpt lat="42.98219" lon="17.21712">
        <ele>36.1</ele>
      </trkpt>
      <trkpt lat="42.98233" lon="17.21678">
        <ele>36.3</ele>
      </trkpt>
      <trkpt lat="42.98239" lon="17.21651">
        <ele>35.8</ele>
      </trkpt>
      <trkpt lat="42.98239" lon="17.21622">
        <ele>34.1</ele>
      </trkpt>
      <trkpt lat="42.98235" lon="17.21563">
        <ele>30.3</ele>
      </trkpt>
      <trkpt lat="42.98232" lon="17.21495">
        <ele>28.1</ele>
      </trkpt>
      <trkpt lat="42.98232" lon="17.21446">
        <ele>26.3</ele>
      </trkpt>
      <trkpt lat="42.98232" lon="17.21429">
        <ele>25.7</ele>
      </trkpt>
      <trkpt lat="42.98234" lon="17.21393">
        <ele>24.9</ele>
      </trkpt>
      <trkpt lat="42.98241" lon="17.2133">
        <ele>23.9</ele>
      </trkpt>
      <trkpt lat="42.98247" lon="17.21291">
        <ele>23.7</ele>
      </trkpt>
      <trkpt lat="42.98254" lon="17.21258">
        <ele>24.2</ele>
      </trkpt>
      <trkpt lat="42.98275" lon="17.21177">
        <ele>24.1</ele>
      </trkpt>
      <trkpt lat="42.98296" lon="17.21095">
        <ele>22.7</ele>
      </trkpt>
      <trkpt lat="42.98319" lon="17.21014">
        <ele>22.4</ele>
      </trkpt>
      <trkpt lat="42.98342" lon="17.20933">
        <ele>24.5</ele>
      </trkpt>
      <trkpt lat="42.98357" lon="17.20876">
        <ele>26.1</ele>
      </trkpt>
      <trkpt lat="42.98359" lon="17.20854">
        <ele>26.7</ele>
      </trkpt>
      <trkpt lat="42.98359" lon="17.20845">
        <ele>27.0</ele>
      </trkpt>
      <trkpt lat="42.98357" lon="17.20814">
        <ele>27.7</ele>
      </trkpt>
      <trkpt lat="42.98351" lon="17.20782">
        <ele>28.2</ele>
      </trkpt>
      <trkpt lat="42.98345" lon="17.20732">
        <ele>29.1</ele>
      </trkpt>
      <trkpt lat="42.98345" lon="17.20646">
        <ele>30.9</ele>
      </trkpt>
      <trkpt lat="42.98344" lon="17.20603">
        <ele>31.4</ele>
      </trkpt>
      <trkpt lat="42.98341" lon="17.20566">
        <ele>31.3</ele>
      </trkpt>
      <trkpt lat="42.9834" lon="17.20557">
        <ele>31.2</ele>
      </trkpt>
      <trkpt lat="42.98337" lon="17.20497">
        <ele>30.4</ele>
      </trkpt>
      <trkpt lat="42.98338" lon="17.20461">
        <ele>31.3</ele>
      </trkpt>
      <trkpt lat="42.9834" lon="17.20444">
        <ele>31.9</ele>
      </trkpt>
      <trkpt lat="42.98343" lon="17.20427">
        <ele>32.5</ele>
      </trkpt>
      <trkpt lat="42.98355" lon="17.20377">
        <ele>34.0</ele>
      </trkpt>
      <trkpt lat="42.98368" lon="17.20324">
        <ele>35.6</ele>
      </trkpt>
      <trkpt lat="42.98374" lon="17.20296">
        <ele>36.4</ele>
      </trkpt>
      <trkpt lat="42.98379" lon="17.20264">
        <ele>37.1</ele>
      </trkpt>
      <trkpt lat="42.98381" lon="17.20243">
        <ele>37.5</ele>
      </trkpt>
      <trkpt lat="42.98383" lon="17.20211">
        <ele>37.9</ele>
      </trkpt>
      <trkpt lat="42.98383" lon="17.20185">
        <ele>38.0</ele>
      </trkpt>
      <trkpt lat="42.9838" lon="17.20156">
        <ele>38.3</ele>
      </trkpt>
      <trkpt lat="42.98376" lon="17.20125">
        <ele>39.1</ele>
      </trkpt>
      <trkpt lat="42.98373" lon="17.20102">
        <ele>39.7</ele>
      </trkpt>
      <trkpt lat="42.9837" lon="17.20085">
        <ele>40.0</ele>
      </trkpt>
      <trkpt lat="42.9837" lon="17.20081">
        <ele>40.1</ele>
      </trkpt>
      <trkpt lat="42.98361" lon="17.20025">
        <ele>41.0</ele>
      </trkpt>
      <trkpt lat="42.98355" lon="17.19989">
        <ele>41.7</ele>
      </trkpt>
      <trkpt lat="42.9835" lon="17.19948">
        <ele>43.5</ele>
      </trkpt>
      <trkpt lat="42.98342" lon="17.19883">
        <ele>45.1</ele>
      </trkpt>
      <trkpt lat="42.98337" lon="17.19837">
        <ele>45.3</ele>
      </trkpt>
      <trkpt lat="42.98333" lon="17.19806">
        <ele>45.6</ele>
      </trkpt>
      <trkpt lat="42.98325" lon="17.19706">
        <ele>46.3</ele>
      </trkpt>
      <trkpt lat="42.98324" lon="17.19697">
        <ele>46.2</ele>
      </trkpt>
      <trkpt lat="42.98316" lon="17.19627">
        <ele>45.8</ele>
      </trkpt>
      <trkpt lat="42.98308" lon="17.19557">
        <ele>45.0</ele>
      </trkpt>
      <trkpt lat="42.98303" lon="17.19535">
        <ele>44.4</ele>
      </trkpt>
      <trkpt lat="42.98298" lon="17.19518">
        <ele>43.8</ele>
      </trkpt>
      <trkpt lat="42.9829" lon="17.19499">
        <ele>42.8</ele>
      </trkpt>
      <trkpt lat="42.98281" lon="17.19483">
        <ele>41.4</ele>
      </trkpt>
      <trkpt lat="42.98252" lon="17.19454">
        <ele>37.5</ele>
      </trkpt>
      <trkpt lat="42.98244" lon="17.19449">
        <ele>36.8</ele>
      </trkpt>
      <trkpt lat="42.98197" lon="17.19438">
        <ele>33.7</ele>
      </trkpt>
      <trkpt lat="42.98151" lon="17.19434">
        <ele>30.9</ele>
      </trkpt>
      <trkpt lat="42.98109" lon="17.1943">
        <ele>27.8</ele>
      </trkpt>
      <trkpt lat="42.98094" lon="17.19426">
        <ele>26.8</ele>
      </trkpt>
      <trkpt lat="42.98071" lon="17.19408">
        <ele>24.0</ele>
      </trkpt>
      <trkpt lat="42.9802" lon="17.19362">
        <ele>16.9</ele>
      </trkpt>
      <trkpt lat="42.9797" lon="17.19317">
        <ele>13.1</ele>
      </trkpt>
      <trkpt lat="42.97934" lon="17.19276">
        <ele>10.9</ele>
      </trkpt>
      <trkpt lat="42.97916" lon="17.19252">
        <ele>10.0</ele>
      </trkpt>
      <trkpt lat="42.97886" lon="17.19211">
        <ele>10.6</ele>
      </trkpt>
      <trkpt lat="42.97876" lon="17.19198">
        <ele>10.6</ele>
      </trkpt>
      <trkpt lat="42.97841" lon="17.19138">
        <ele>10.2</ele>
      </trkpt>
      <trkpt lat="42.97826" lon="17.19114">
        <ele>9.9</ele>
      </trkpt>
      <trkpt lat="42.97814" lon="17.19093">
        <ele>10.3</ele>
      </trkpt>
      <trkpt lat="42.97802" lon="17.19075">
        <ele>11.0</ele>
      </trkpt>
      <trkpt lat="42.97772" lon="17.19049">
        <ele>11.2</ele>
      </trkpt>
      <trkpt lat="42.97745" lon="17.19019">
        <ele>10.5</ele>
      </trkpt>
      <trkpt lat="42.97721" lon="17.18997">
        <ele>9.7</ele>
      </trkpt>
      <trkpt lat="42.97701" lon="17.18982">
        <ele>9.3</ele>
      </trkpt>
      <trkpt lat="42.97701" lon="17.18978">
        <ele>9.4</ele>
      </trkpt>
      <trkpt lat="42.97665" lon="17.18959">
        <ele>7.9</ele>
      </trkpt>
      <trkpt lat="42.97657" lon="17.18956">
        <ele>7.5</ele>
      </trkpt>
      <trkpt lat="42.97644" lon="17.18955">
        <ele>6.7</ele>
      </trkpt>
      <trkpt lat="42.97629" lon="17.18958">
        <ele>5.8</ele>
      </trkpt>
      <trkpt lat="42.97611" lon="17.18958">
        <ele>4.7</ele>
      </trkpt>
      <trkpt lat="42.97607" lon="17.18956">
        <ele>4.5</ele>
      </trkpt>
      <trkpt lat="42.97602" lon="17.18949">
        <ele>4.5</ele>
      </trkpt>
      <trkpt lat="42.97587" lon="17.18926">
        <ele>4.7</ele>
      </trkpt>
      <trkpt lat="42.97564" lon="17.18876">
        <ele>6.0</ele>
      </trkpt>
      <trkpt lat="42.97558" lon="17.18868">
        <ele>6.2</ele>
      </trkpt>
      <trkpt lat="42.9754" lon="17.1884">
        <ele>7.0</ele>
      </trkpt>
      <trkpt lat="42.97515" lon="17.1879">
        <ele>6.2</ele>
      </trkpt>
      <trkpt lat="42.97507" lon="17.18768">
        <ele>5.6</ele>
      </trkpt>
      <trkpt lat="42.97496" lon="17.1873">
        <ele>4.9</ele>
      </trkpt>
      <trkpt lat="42.9749" lon="17.18706">
        <ele>4.3</ele>
      </trkpt>
      <trkpt lat="42.97485" lon="17.18668">
        <ele>3.3</ele>
      </trkpt>
      <trkpt lat="42.97478" lon="17.18627">
        <ele>2.9</ele>
      </trkpt>
      <trkpt lat="42.97469" lon="17.18589">
        <ele>2.4</ele>
      </trkpt>
      <trkpt lat="42.97454" lon="17.18539">
        <ele>2.6</ele>
      </trkpt>
      <trkpt lat="42.97445" lon="17.1851">
        <ele>3.2</ele>
      </trkpt>
      <trkpt lat="42.97438" lon="17.18492">
        <ele>3.2</ele>
      </trkpt>
      <trkpt lat="42.97427" lon="17.1846">
        <ele>2.8</ele>
      </trkpt>
      <trkpt lat="42.9742" lon="17.18431">
        <ele>2.9</ele>
      </trkpt>
      <trkpt lat="42.97418" lon="17.18408">
        <ele>3.1</ele>
      </trkpt>
      <trkpt lat="42.97417" lon="17.1839">
        <ele>3.0</ele>
      </trkpt>
      <trkpt lat="42.97411" lon="17.1832">
        <ele>2.5</ele>
      </trkpt>
      <trkpt lat="42.9741" lon="17.18297">
        <ele>3.1</ele>
      </trkpt>
      <trkpt lat="42.9741" lon="17.18267">
        <ele>4.0</ele>
      </trkpt>
      <trkpt lat="42.97409" lon="17.18255">
        <ele>4.4</ele>
      </trkpt>
      <trkpt lat="42.97403" lon="17.18232">
        <ele>4.0</ele>
      </trkpt>
      <trkpt lat="42.97399" lon="17.18193">
        <ele>3.4</ele>
      </trkpt>
      <trkpt lat="42.974" lon="17.18184">
        <ele>3.4</ele>
      </trkpt>
      <trkpt lat="42.97403" lon="17.18166">
        <ele>3.3</ele>
      </trkpt>
      <trkpt lat="42.97405" lon="17.18153">
        <ele>3.3</ele>
      </trkpt>
      <trkpt lat="42.97405" lon="17.18135">
        <ele>3.1</ele>
      </trkpt>
      <trkpt lat="42.97404" lon="17.18084">
        <ele>2.6</ele>
      </trkpt>
      <trkpt lat="42.97403" lon="17.18065">
        <ele>2.9</ele>
      </trkpt>
      <trkpt lat="42.97403" lon="17.18045">
        <ele>3.3</ele>
      </trkpt>
      <trkpt lat="42.97405" lon="17.18021">
        <ele>3.9</ele>
      </trkpt>
      <trkpt lat="42.97406" lon="17.18009">
        <ele>4.2</ele>
      </trkpt>
      <trkpt lat="42.97407" lon="17.18004">
        <ele>4.3</ele>
      </trkpt>
      <trkpt lat="42.97408" lon="17.17993">
        <ele>4.4</ele>
      </trkpt>
      <trkpt lat="42.9741" lon="17.17988">
        <ele>4.5</ele>
      </trkpt>
      <trkpt lat="42.97412" lon="17.17984">
        <ele>4.5</ele>
      </trkpt>
      <trkpt lat="42.97416" lon="17.17968">
        <ele>4.6</ele>
      </trkpt>
      <trkpt lat="42.97419" lon="17.17956">
        <ele>4.6</ele>
      </trkpt>
      <trkpt lat="42.97425" lon="17.17924">
        <ele>4.5</ele>
      </trkpt>
      <trkpt lat="42.97427" lon="17.17905">
        <ele>4.5</ele>
      </trkpt>
      <trkpt lat="42.97428" lon="17.17882">
        <ele>4.7</ele>
      </trkpt>
      <trkpt lat="42.97425" lon="17.17852">
        <ele>4.6</ele>
      </trkpt>
      <trkpt lat="42.9742" lon="17.17819">
        <ele>4.5</ele>
      </trkpt>
      <trkpt lat="42.97417" lon="17.17806">
        <ele>4.4</ele>
      </trkpt>
      <trkpt lat="42.9739" lon="17.17708">
        <ele>3.4</ele>
      </trkpt>
      <trkpt lat="42.97386" lon="17.17684">
        <ele>3.2</ele>
      </trkpt>
      <trkpt lat="42.97384" lon="17.17671">
        <ele>3.0</ele>
      </trkpt>
    </trkseg>
  </trk>
</gpx>
